Buyer_ID,Home_City,Home_State,Age_Group,Email_Opt_In
B17276,Phoenix,AZ,18-24,False
B00135,New York,NY,55+,False
B13315,Austin,TX,18-24,False
B09909,Wilmington,DE,45-54,True
B08063,Baltimore,MD,25-34,True
B00001,New York,NY,25-34,True
B08060,Baltimore,MD,18-24,True
B17474,Dallas,TX,25-34,True
B14053,New York,NY,25-34,True
B15093,Atlanta,GA,55+,True
B09869,Wilmington,DE,35-44,True
B17902,Houston,TX,35-44,True
B13151,Houston,TX,25-34,True
B14618,Birmingham,AL,25-34,False
B09704,Unknown,PA,35-44,True
B13187,Unknown,TX,25-34,True
B05370,Atlanta,GA,18-24,False
B04689,Las Vegas,NV,25-34,False
B00331,New York,NY,55+,False
B05835,Atlanta,GA,35-44,True
B12361,San Antonio,TX,25-34,False
B03196,Las Vegas,NV,55+,True
B10612,Philadelphia,PA,18-24,True
B01282,New York,NY,18-24,False
B04699,Las Vegas,NV,18-24,False
B15627,Dallas,TX,35-44,False
B17973,Atlanta,GA,25-34,True
B15346,Charlotte,NC,35-44,True
B07920,Baltimore,MD,18-24,True
B01667,New York,NY,25-34,False
B01801,New York,NY,45-54,True
B16604,Los Angeles,CA,35-44,False
B16592,New York,NY,18-24,True
B09975,Wilmington,DE,35-44,False
B08158,Washington,DC,25-34,True
B06905,Atlanta,GA,35-44,False
B14997,Houston,TX,35-44,False
B15528,Birmingham,AL,18-24,True
B12333,San Antonio,TX,35-44,True
B12059,Austin,TX,18-24,True
B10062,Camden,NJ,45-54,True
B02811,Las Vegas,NV,45-54,False
B08552,Baltimore,MD,35-44,True
B14183,Charlotte,NC,25-34,False
B00137,New York,NY,35-44,False
B15368,Philadelphia,PA,35-44,False
B16426,Philadelphia,PA,55+,True
B08471,Washington,DC,25-34,True
B00964,New York,NY,18-24,True
B17918,Miami,FL,35-44,True
B09688,Philadelphia,PA,45-54,False
B00337,New York,NY,45-54,False
B11718,Houston,TX,45-54,False
B00885,New York,NY,45-54,True
B03702,Las Vegas,NV,45-54,True
B05811,Atlanta,GA,35-44,True
B09934,Wilmington,DE,25-34,True
B14767,Atlanta,GA,35-44,False
B11459,Houston,TX,45-54,True
B08419,Baltimore,MD,18-24,True
B09892,Philadelphia,PA,35-44,True
B06118,Atlanta,GA,18-24,True
B17365,Camden,NJ,25-34,True
B01358,New York,NY,35-44,True
B00821,New York,NY,18-24,True
B00036,New York,NY,18-24,False
B16474,Philadelphia,PA,18-24,True
B00341,New York,NY,25-34,True
B15828,Dallas,TX,25-34,True
B00883,New York,NY,25-34,True
B15838,Philadelphia,PA,35-44,True
B08003,Baltimore,MD,25-34,False
B15906,Chicago,IL,45-54,False
B05548,Atlanta,GA,35-44,False
B12702,San Antonio,TX,18-24,True
B17237,Las Vegas,NV,25-34,True
B15140,Atlanta,GA,18-24,False
B16253,Atlanta,GA,18-24,False
B12785,Austin,TX,25-34,False
B12708,Houston,TX,18-24,True
B17423,Philadelphia,PA,35-44,True
B02182,New York,NY,25-34,False
B05526,Atlanta,GA,25-34,True
B14984,Dallas,TX,25-34,True
B15388,New York,NY,35-44,False
B01016,New York,NY,35-44,True
B04152,Las Vegas,NV,35-44,True
B01176,New York,NY,45-54,True
B17786,Los Angeles,CA,18-24,True
B13270,Birmingham,AL,18-24,True
B14676,Chicago,IL,25-34,True
B09246,Baltimore,MD,45-54,True
B15006,Newark,NJ,25-34,False
B03779,Las Vegas,NV,35-44,True
B01589,New York,NY,55+,True
B15013,Charlotte,NC,55+,True
B16631,Newark,NJ,25-34,True
B13507,Charlotte,NC,45-54,True
B05066,Las Vegas,NV,55+,True
B00740,New York,NY,25-34,True
B14805,Philadelphia,PA,25-34,True
B14816,Phoenix,AZ,45-54,False
B01484,New York,NY,25-34,True
B09488,Washington,DC,25-34,True
B00127,New York,NY,25-34,False
B04155,Las Vegas,NV,35-44,True
B02217,Unknown,NY,25-34,True
B04054,Las Vegas,NV,25-34,True
B16152,Los Angeles,CA,25-34,True
B02656,Las Vegas,NV,45-54,False
B08479,Washington,DC,18-24,False
B08435,Baltimore,MD,35-44,True
B13597,Atlanta,GA,25-34,False
B07921,Washington,DC,35-44,False
B01276,New York,NY,45-54,False
B11630,San Antonio,TX,25-34,True
B16934,Birmingham,AL,55+,False
B18009,Newark,NJ,45-54,False
B13953,Houston,TX,45-54,True
B09235,Washington,DC,18-24,True
B06542,Atlanta,GA,45-54,True
B13704,Las Vegas,NV,45-54,False
B15652,Charlotte,NC,18-24,False
B14827,Unknown,AL,35-44,True
B00356,New York,NY,25-34,False
B16292,Los Angeles,CA,35-44,False
B06194,Atlanta,GA,25-34,True
B17235,Los Angeles,CA,18-24,False
B01177,New York,NY,45-54,True
B16618,Wilmington,DE,25-34,False
B12246,Austin,TX,18-24,False
B01117,New York,NY,35-44,False
B14502,Los Angeles,CA,25-34,True
B01028,New York,NY,45-54,True
B11203,Philadelphia,PA,45-54,False
B11488,Austin,TX,18-24,True
B02489,New York,NY,55+,True
B10982,Philadelphia,PA,35-44,False
B01379,New York,NY,25-34,True
B12951,San Antonio,TX,45-54,True
B00822,New York,NY,35-44,True
B13437,Camden,NJ,45-54,True
B15986,San Antonio,TX,25-34,True
B15579,Phoenix,AZ,25-34,True
B14288,Camden,NJ,35-44,False
B15302,Camden,NJ,45-54,True
B00436,New York,NY,35-44,True
B00786,New York,NY,25-34,True
B17052,Phoenix,AZ,25-34,True
B16257,Wilmington,DE,18-24,True
B18234,Detroit,MI,45-54,True
B06399,Atlanta,GA,35-44,True
B00049,New York,NY,25-34,True
B00733,New York,NY,25-34,False
B16465,Birmingham,AL,45-54,True
B00826,New York,NY,55+,True
B16248,Phoenix,AZ,35-44,True
B16669,Las Vegas,NV,35-44,True
B05233,Atlanta,GA,45-54,True
B01496,New York,NY,35-44,True
B06290,Atlanta,GA,18-24,True
B07811,Baltimore,MD,35-44,False
B09729,Wilmington,DE,25-34,False
B04966,Las Vegas,NV,35-44,False
B03235,Las Vegas,NV,25-34,True
B15781,Charlotte,NC,35-44,False
B00583,New York,NY,45-54,False
B07927,Baltimore,MD,18-24,False
B10339,Philadelphia,PA,18-24,True
B07880,Baltimore,MD,45-54,False
B13887,Miami,FL,25-34,True
B04704,Las Vegas,NV,18-24,True
B16121,Newark,NJ,18-24,True
B15620,Charlotte,NC,35-44,True
B03101,Las Vegas,NV,25-34,False
B00291,New York,NY,35-44,False
B03647,Las Vegas,NV,18-24,False
B03091,Las Vegas,NV,25-34,True
B13300,Chicago,IL,18-24,False
B15987,Dallas,TX,35-44,True
B16917,New York,NY,35-44,False
B00133,New York,NY,18-24,False
B12076,Houston,TX,18-24,True
B14188,New York,NY,35-44,False
B08627,Washington,DC,25-34,False
B16402,Dallas,TX,35-44,True
B02143,New York,NY,45-54,False
B07815,Washington,DC,45-54,False
B06949,Atlanta,GA,35-44,True
B14500,Richmond,VA,18-24,True
B18280,New York,NY,18-24,False
B09644,Camden,NJ,18-24,False
B13394,Phoenix,AZ,25-34,True
B11223,Wilmington,DE,35-44,False
B03097,Las Vegas,NV,55+,False
B02273,New York,NY,18-24,True
B17656,Las Vegas,NV,25-34,True
B00206,New York,NY,35-44,False
B11878,Austin,TX,25-34,True
B00481,New York,NY,45-54,True
B11500,Austin,TX,45-54,True
B10545,Philadelphia,PA,25-34,True
B16203,Baltimore,MD,35-44,False
B16964,Washington,DC,25-34,False
B05215,Atlanta,GA,18-24,True
B06303,Atlanta,GA,35-44,False
B11640,Austin,TX,25-34,False
B12906,Houston,TX,45-54,True
B16441,Baltimore,MD,35-44,False
B09306,Baltimore,MD,25-34,False
B09908,Philadelphia,PA,25-34,False
B02745,Las Vegas,NV,25-34,True
B12813,San Antonio,TX,18-24,True
B05335,Atlanta,GA,35-44,True
B15996,Houston,TX,25-34,True
B00814,New York,NY,18-24,False
B01780,New York,NY,18-24,False
B05832,Atlanta,GA,45-54,False
B02945,Las Vegas,NV,18-24,True
B06063,Atlanta,GA,25-34,True
B06715,Atlanta,GA,35-44,False
B12090,Houston,TX,35-44,True
B15877,Wilmington,DE,35-44,False
B03850,Las Vegas,NV,25-34,False
B04781,Las Vegas,NV,45-54,False
B00219,New York,NY,25-34,True
B02052,New York,NY,18-24,False
B16625,Washington,DC,18-24,False
B17149,Los Angeles,CA,18-24,True
B16135,Phoenix,AZ,55+,True
B13637,Unknown,FL,55+,True
B16854,Houston,TX,18-24,True
B09960,Wilmington,DE,18-24,False
B13226,Charlotte,NC,25-34,False
B09538,Baltimore,MD,18-24,False
B14342,San Antonio,TX,25-34,True
B03614,Las Vegas,NV,35-44,False
B13471,Phoenix,AZ,35-44,True
B04590,Las Vegas,NV,25-34,False
B05579,Atlanta,GA,45-54,True
B11594,Houston,TX,18-24,False
B01499,New York,NY,45-54,True
B02641,Las Vegas,NV,25-34,True
B11427,San Antonio,TX,18-24,True
B01961,New York,NY,25-34,True
B00954,New York,NY,18-24,True
B15882,Detroit,MI,45-54,True
B00276,New York,NY,25-34,True
B17782,Austin,TX,45-54,False
B08165,Washington,DC,25-34,False
B11690,Austin,TX,35-44,False
B03621,Las Vegas,NV,25-34,True
B13534,Washington,DC,55+,False
B16067,Miami,FL,25-34,True
B13651,Newark,NJ,45-54,False
B15432,Houston,TX,35-44,True
B15973,Miami,FL,45-54,False
B06793,Atlanta,GA,45-54,True
B14069,Birmingham,AL,55+,True
B03185,Las Vegas,NV,25-34,True
B16792,Los Angeles,CA,25-34,False
B06272,Atlanta,GA,35-44,True
B15831,Richmond,VA,35-44,True
B15524,Wilmington,DE,45-54,False
B14523,Detroit,MI,25-34,True
B00464,New York,NY,18-24,True
B01456,New York,NY,25-34,True
B12221,Houston,TX,35-44,True
B00403,New York,NY,25-34,False
B11144,Camden,NJ,35-44,True
B18117,Charlotte,NC,35-44,True
B06218,Atlanta,GA,25-34,True
B09437,Washington,DC,35-44,False
B07970,Baltimore,MD,25-34,False
B01224,New York,NY,35-44,True
B00848,New York,NY,35-44,True
B00111,New York,NY,45-54,True
B16458,Richmond,VA,25-34,True
B09819,Camden,NJ,45-54,True
B05415,Atlanta,GA,25-34,False
B16233,Unknown,DE,35-44,True
B15421,Unknown,MD,25-34,True
B17391,Phoenix,AZ,35-44,False
B03148,Las Vegas,NV,45-54,False
B11365,Wilmington,DE,45-54,True
B04206,Las Vegas,NV,18-24,False
B00357,New York,NY,45-54,True
B16883,Philadelphia,PA,55+,False
B14251,New York,NY,35-44,False
B08857,Baltimore,MD,35-44,False
B05978,Atlanta,GA,35-44,False
B00701,New York,NY,55+,False
B16143,Phoenix,AZ,25-34,True
B07837,Washington,DC,25-34,True
B00732,New York,NY,18-24,False
B17253,Houston,TX,45-54,True
B02532,New York,NY,18-24,True
B11356,Wilmington,DE,25-34,True
B11745,Austin,TX,18-24,True
B00197,New York,NY,25-34,False
B14900,Camden,NJ,55+,False
B16095,Detroit,MI,35-44,True
B10205,Philadelphia,PA,25-34,True
B02176,New York,NY,45-54,True
B01757,New York,NY,25-34,True
B17341,Philadelphia,PA,18-24,True
B01339,New York,NY,55+,True
B00125,New York,NY,35-44,True
B17913,Camden,NJ,25-34,False
B11665,Austin,TX,35-44,True
B15347,Philadelphia,PA,55+,True
B08174,Baltimore,MD,18-24,False
B11398,Philadelphia,PA,25-34,True
B00064,New York,NY,25-34,True
B14628,Atlanta,GA,18-24,True
B01739,New York,NY,45-54,True
B15046,Wilmington,DE,35-44,True
B09128,Baltimore,MD,18-24,False
B04728,Las Vegas,NV,25-34,True
B00025,New York,NY,35-44,False
B03798,Las Vegas,NV,25-34,True
B15531,Washington,DC,25-34,False
B01445,New York,NY,55+,True
B01724,New York,NY,18-24,True
B03613,Las Vegas,NV,25-34,True
B04903,Las Vegas,NV,18-24,True
B10517,Wilmington,DE,25-34,True
B11815,Houston,TX,18-24,True
B08380,Washington,DC,25-34,False
B13620,Chicago,IL,25-34,True
B04647,Las Vegas,NV,18-24,False
B02019,New York,NY,35-44,False
B01160,New York,NY,25-34,True
B02751,Las Vegas,NV,25-34,True
B08812,Baltimore,MD,18-24,True
B04500,Las Vegas,NV,25-34,True
B02469,New York,NY,25-34,False
B10324,Camden,NJ,45-54,True
B14887,Richmond,VA,18-24,True
B05843,Atlanta,GA,35-44,False
B15815,Camden,NJ,55+,True
B17821,Houston,TX,25-34,False
B12598,Houston,TX,35-44,True
B02706,Las Vegas,NV,18-24,False
B11506,Houston,TX,45-54,True
B00192,New York,NY,25-34,False
B08885,Baltimore,MD,45-54,False
B05222,Atlanta,GA,25-34,True
B01167,New York,NY,55+,False
B15199,Phoenix,AZ,35-44,False
B12690,Houston,TX,25-34,False
B00060,New York,NY,25-34,False
B08840,Baltimore,MD,45-54,True
B08613,Washington,DC,25-34,True
B06495,Atlanta,GA,55+,False
B16936,Phoenix,AZ,25-34,False
B01579,New York,NY,35-44,True
B02830,Las Vegas,NV,18-24,True
B10586,Camden,NJ,18-24,True
B01244,New York,NY,25-34,False
B13958,Birmingham,AL,25-34,True
B12371,San Antonio,TX,25-34,False
B17064,Miami,FL,25-34,False
B01399,New York,NY,18-24,True
B11410,Houston,TX,18-24,True
B01007,New York,NY,55+,True
B03225,Las Vegas,NV,35-44,True
B01431,New York,NY,45-54,False
B11538,Houston,TX,25-34,True
B13058,Austin,TX,18-24,True
B16285,Austin,TX,35-44,True
B05777,Atlanta,GA,25-34,False
B08992,Baltimore,MD,55+,False
B11358,Philadelphia,PA,45-54,True
B13684,Atlanta,GA,45-54,False
B14105,Dallas,TX,55+,True
B02189,Unknown,NY,35-44,True
B07843,Washington,DC,18-24,True
B17175,Camden,NJ,25-34,False
B12117,San Antonio,TX,45-54,False
B02905,Las Vegas,NV,18-24,False
B10847,Camden,NJ,18-24,False
B02648,Las Vegas,NV,18-24,True
B16002,Phoenix,AZ,25-34,True
B17469,Miami,FL,45-54,False
B04628,Las Vegas,NV,25-34,True
B04005,Las Vegas,NV,18-24,False
B18207,Austin,TX,35-44,False
B04308,Las Vegas,NV,18-24,True
B03786,Las Vegas,NV,55+,False
B11378,Philadelphia,PA,25-34,True
B09865,Camden,NJ,18-24,False
B11401,San Antonio,TX,35-44,False
B02204,New York,NY,18-24,False
B06762,Atlanta,GA,25-34,False
B02955,Las Vegas,NV,18-24,False
B14884,Wilmington,DE,35-44,True
B07965,Baltimore,MD,45-54,True
B15920,Washington,DC,55+,False
B11406,Austin,TX,45-54,False
B10319,Philadelphia,PA,35-44,True
B17927,Birmingham,AL,35-44,True
B16597,Washington,DC,18-24,True
B04476,Las Vegas,NV,25-34,True
B17171,Charlotte,NC,25-34,False
B16643,Richmond,VA,18-24,False
B16942,Los Angeles,CA,18-24,True
B02059,New York,NY,35-44,False
B01602,New York,NY,25-34,True
B02477,New York,NY,55+,True
B00892,New York,NY,25-34,False
B01448,New York,NY,55+,False
B16379,Atlanta,GA,25-34,True
B11055,Wilmington,DE,35-44,True
B13457,Newark,NJ,35-44,True
B12551,San Antonio,TX,55+,True
B13592,Charlotte,NC,18-24,True
B16116,Richmond,VA,25-34,False
B14113,Richmond,VA,25-34,False
B13241,Houston,TX,45-54,False
B17822,Dallas,TX,35-44,True
B09264,Baltimore,MD,18-24,False
B17957,Philadelphia,PA,35-44,True
B16194,Detroit,MI,18-24,False
B09642,Philadelphia,PA,55+,True
B06867,Atlanta,GA,45-54,False
B03903,Las Vegas,NV,25-34,True
B13298,Las Vegas,NV,45-54,True
B11527,San Antonio,TX,35-44,True
B12067,Houston,TX,25-34,False
B13647,Los Angeles,CA,25-34,False
B13575,Philadelphia,PA,18-24,False
B17119,Houston,TX,35-44,False
B06799,Atlanta,GA,45-54,True
B07834,Washington,DC,35-44,True
B15287,Houston,TX,25-34,True
B02436,New York,NY,18-24,True
B17117,Charlotte,NC,45-54,True
B03359,Las Vegas,NV,25-34,True
B00709,New York,NY,55+,True
B05800,Atlanta,GA,35-44,False
B04474,Las Vegas,NV,35-44,False
B09997,Wilmington,DE,25-34,True
B13962,Birmingham,AL,35-44,True
B09876,Camden,NJ,55+,True
B14271,Wilmington,DE,25-34,True
B01654,New York,NY,18-24,False
B13926,Los Angeles,CA,35-44,True
B03298,Unknown,NV,55+,True
B16814,Austin,TX,55+,False
B00200,New York,NY,18-24,False
B05646,Atlanta,GA,25-34,False
B08633,Washington,DC,35-44,True
B04963,Las Vegas,NV,18-24,True
B11898,Houston,TX,25-34,False
B18263,Newark,NJ,25-34,False
B10396,Philadelphia,PA,35-44,False
B14904,Los Angeles,CA,25-34,True
B01274,New York,NY,18-24,False
B15506,Miami,FL,35-44,True
B06296,Atlanta,GA,25-34,True
B07316,Atlanta,GA,45-54,False
B09509,Unknown,DC,35-44,False
B11882,Austin,TX,18-24,True
B00809,New York,NY,45-54,False
B13852,Philadelphia,PA,35-44,True
B05312,Atlanta,GA,35-44,False
B08159,Washington,DC,18-24,True
B03195,Las Vegas,NV,55+,True
B16503,Miami,FL,35-44,True
B18102,New York,NY,25-34,False
B18087,Charlotte,NC,25-34,False
B13934,Los Angeles,CA,25-34,True
B10781,Wilmington,DE,25-34,False
B16010,Birmingham,AL,25-34,True
B01919,New York,NY,35-44,True
B01522,New York,NY,18-24,True
B14114,San Antonio,TX,45-54,False
B05067,Las Vegas,NV,35-44,True
B17484,Wilmington,DE,25-34,False
B11667,San Antonio,TX,18-24,True
B13527,Austin,TX,55+,True
B07890,Baltimore,MD,55+,False
B07354,Atlanta,GA,25-34,True
B06449,Atlanta,GA,45-54,True
B17291,Las Vegas,NV,45-54,True
B09018,Washington,DC,45-54,False
B13547,Los Angeles,CA,45-54,True
B08521,Washington,DC,25-34,True
B13414,Atlanta,GA,25-34,True
B12695,San Antonio,TX,25-34,True
B14917,New York,NY,18-24,False
B07417,Atlanta,GA,25-34,True
B15120,Richmond,VA,18-24,True
B17107,Birmingham,AL,35-44,False
B06096,Atlanta,GA,35-44,True
B15940,Newark,NJ,45-54,True
B04133,Las Vegas,NV,45-54,False
B05697,Atlanta,GA,25-34,True
B05791,Atlanta,GA,25-34,True
B16131,Chicago,IL,18-24,True
B17531,Birmingham,AL,35-44,True
B14797,San Antonio,TX,55+,False
B10709,Wilmington,DE,18-24,False
B12338,Austin,TX,25-34,False
B10178,Camden,NJ,18-24,True
B17979,Las Vegas,NV,18-24,True
B03677,Las Vegas,NV,18-24,True
B02377,New York,NY,45-54,False
B01670,New York,NY,35-44,True
B11581,Austin,TX,18-24,False
B00407,New York,NY,35-44,True
B14509,Birmingham,AL,18-24,False
B12355,Houston,TX,18-24,True
B07875,Baltimore,MD,18-24,False
B12310,Austin,TX,35-44,False
B16838,Philadelphia,PA,25-34,False
B02742,Las Vegas,NV,25-34,True
B12583,Austin,TX,18-24,False
B13272,Camden,NJ,25-34,True
B08221,Baltimore,MD,25-34,True
B02657,Las Vegas,NV,18-24,False
B16345,Baltimore,MD,35-44,True
B16684,Atlanta,GA,25-34,True
B03454,Las Vegas,NV,25-34,False
B13355,San Antonio,TX,35-44,True
B02173,New York,NY,25-34,False
B16086,New York,NY,35-44,False
B01164,New York,NY,45-54,False
B14308,Houston,TX,35-44,True
B09672,Camden,NJ,35-44,False
B03232,Las Vegas,NV,35-44,True
B09775,Wilmington,DE,45-54,False
B02219,New York,NY,35-44,False
B00548,New York,NY,25-34,False
B14064,Los Angeles,CA,25-34,True
B03860,Las Vegas,NV,35-44,True
B04215,Las Vegas,NV,25-34,False
B16487,Newark,NJ,25-34,False
B05320,Atlanta,GA,45-54,False
B02005,New York,NY,45-54,False
B13792,New York,NY,35-44,True
B06961,Atlanta,GA,25-34,True
B03116,Las Vegas,NV,25-34,False
B12142,Houston,TX,45-54,True
B17974,Birmingham,AL,25-34,True
B08122,Washington,DC,25-34,True
B03710,Las Vegas,NV,18-24,True
B08222,Baltimore,MD,25-34,False
B16353,Newark,NJ,45-54,False
B05391,Atlanta,GA,45-54,True
B10773,Wilmington,DE,25-34,False
B12383,San Antonio,TX,55+,True
B00096,New York,NY,35-44,True
B16147,San Antonio,TX,18-24,False
B02569,New York,NY,25-34,False
B13385,Las Vegas,NV,18-24,False
B02892,Las Vegas,NV,25-34,True
B12357,Austin,TX,45-54,True
B09804,Wilmington,DE,25-34,True
B16620,Dallas,TX,25-34,False
B13975,Dallas,TX,45-54,False
B02870,Las Vegas,NV,45-54,False
B17561,Philadelphia,PA,25-34,False
B04916,Las Vegas,NV,18-24,False
B02646,Las Vegas,NV,35-44,False
B06826,Atlanta,GA,35-44,False
B03733,Las Vegas,NV,25-34,True
B17098,Miami,FL,25-34,True
B15943,New York,NY,18-24,True
B15207,Los Angeles,CA,35-44,True
B09691,Camden,NJ,25-34,True
B17072,Dallas,TX,18-24,False
B02397,New York,NY,25-34,True
B02952,Las Vegas,NV,55+,True
B11063,Philadelphia,PA,25-34,True
B11868,Austin,TX,25-34,True
B14167,Wilmington,DE,55+,False
B02442,New York,NY,25-34,False
B13397,Los Angeles,CA,18-24,True
B05679,Atlanta,GA,35-44,False
B09191,Baltimore,MD,35-44,True
B12612,Austin,TX,25-34,False
B10590,Wilmington,DE,25-34,True
B16947,Dallas,TX,35-44,True
B00222,New York,NY,18-24,False
B17214,Los Angeles,CA,45-54,True
B06257,Atlanta,GA,18-24,False
B17360,Charlotte,NC,18-24,True
B02383,New York,NY,45-54,True
B01650,New York,NY,35-44,True
B10831,Philadelphia,PA,25-34,False
B03246,Las Vegas,NV,55+,True
B13252,San Antonio,TX,25-34,True
B04845,Las Vegas,NV,55+,True
B02994,Las Vegas,NV,45-54,False
B05284,Atlanta,GA,35-44,True
B12808,San Antonio,TX,55+,True
B13599,Los Angeles,CA,55+,True
B14323,Charlotte,NC,35-44,False
B02673,Las Vegas,NV,18-24,True
B11253,Philadelphia,PA,25-34,True
B12203,Austin,TX,35-44,True
B13263,Camden,NJ,45-54,True
B17908,Charlotte,NC,35-44,False
B11458,San Antonio,TX,35-44,False
B14385,Austin,TX,25-34,True
B02877,Las Vegas,NV,25-34,True
B16575,Birmingham,AL,45-54,False
B11403,San Antonio,TX,25-34,True
B08300,Baltimore,MD,25-34,True
B14479,Charlotte,NC,35-44,True
B13274,Richmond,VA,25-34,False
B02658,Las Vegas,NV,25-34,True
B08670,Washington,DC,18-24,False
B08276,Baltimore,MD,35-44,True
B01588,New York,NY,35-44,False
B03604,Las Vegas,NV,45-54,True
B13645,Atlanta,GA,55+,False
B05492,Atlanta,GA,18-24,False
B14295,Charlotte,NC,35-44,False
B00605,New York,NY,35-44,False
B17016,Newark,NJ,35-44,True
B14152,Birmingham,AL,18-24,True
B13409,Miami,FL,25-34,True
B12497,Houston,TX,55+,False
B01021,New York,NY,25-34,False
B08281,Washington,DC,25-34,True
B15945,Los Angeles,CA,18-24,False
B01603,New York,NY,35-44,True
B01130,New York,NY,35-44,False
B17670,Baltimore,MD,25-34,False
B08987,Baltimore,MD,45-54,False
B15273,Chicago,IL,25-34,True
B13545,Birmingham,AL,25-34,True
B18080,Los Angeles,CA,18-24,False
B13346,Richmond,VA,18-24,False
B12668,Austin,TX,35-44,True
B09758,Camden,NJ,25-34,True
B02098,New York,NY,35-44,False
B05694,Atlanta,GA,25-34,False
B12764,San Antonio,TX,18-24,True
B13571,Wilmington,DE,25-34,True
B15102,San Antonio,TX,35-44,False
B10555,Philadelphia,PA,35-44,False
B06459,Atlanta,GA,35-44,True
B12471,Houston,TX,25-34,True
B17890,Detroit,MI,45-54,True
B05638,Atlanta,GA,45-54,True
B03066,Las Vegas,NV,45-54,False
B11595,Austin,TX,55+,False
B05318,Atlanta,GA,18-24,False
B03123,Las Vegas,NV,45-54,False
B17675,Washington,DC,55+,False
B02684,Las Vegas,NV,18-24,True
B18306,Los Angeles,CA,18-24,False
B04643,Las Vegas,NV,25-34,False
B05667,Atlanta,GA,18-24,True
B16018,Richmond,VA,45-54,False
B06291,Atlanta,GA,35-44,True
B06433,Atlanta,GA,35-44,False
B08862,Washington,DC,25-34,False
B02912,Las Vegas,NV,25-34,False
B16000,Atlanta,GA,35-44,True
B13775,Los Angeles,CA,18-24,False
B02832,Las Vegas,NV,18-24,True
B06694,Unknown,GA,25-34,False
B15382,Philadelphia,PA,25-34,False
B02294,New York,NY,18-24,True
B07928,Washington,DC,35-44,False
B08081,Baltimore,MD,35-44,True
B00759,New York,NY,18-24,False
B14156,Austin,TX,25-34,False
B02225,New York,NY,55+,True
B04160,Las Vegas,NV,35-44,True
B09603,Philadelphia,PA,35-44,False
B01018,New York,NY,55+,True
B17004,Detroit,MI,35-44,True
B01313,New York,NY,25-34,False
B00051,New York,NY,25-34,True
B15124,Dallas,TX,45-54,False
B08756,Washington,DC,25-34,True
B15092,Charlotte,NC,35-44,False
B03256,Las Vegas,NV,45-54,False
B18382,Austin,TX,35-44,True
B08189,Baltimore,MD,25-34,True
B03275,Las Vegas,NV,25-34,False
B11943,Austin,TX,35-44,True
B17454,New York,NY,45-54,True
B12070,Austin,TX,45-54,True
B14481,Chicago,IL,55+,False
B14193,Newark,NJ,25-34,True
B18146,Phoenix,AZ,25-34,True
B01884,New York,NY,18-24,False
B08706,Washington,DC,25-34,True
B12585,Austin,TX,35-44,True
B01794,New York,NY,25-34,True
B07845,Washington,DC,18-24,True
B08977,Baltimore,MD,18-24,True
B06899,Atlanta,GA,35-44,True
B01395,New York,NY,18-24,True
B09284,Baltimore,MD,35-44,False
B18360,Miami,FL,18-24,True
B14149,Charlotte,NC,25-34,False
B05708,Atlanta,GA,18-24,False
B15039,Newark,NJ,35-44,True
B11923,Houston,TX,45-54,True
B06231,Atlanta,GA,25-34,True
B01256,New York,NY,25-34,True
B04794,Las Vegas,NV,25-34,True
B07090,Atlanta,GA,25-34,False
B13391,Las Vegas,NV,18-24,True
B18190,Detroit,MI,45-54,False
B11857,San Antonio,TX,45-54,True
B10079,Wilmington,DE,35-44,False
B12689,Austin,TX,18-24,True
B17282,Charlotte,NC,25-34,True
B01190,New York,NY,45-54,True
B05361,Unknown,GA,45-54,False
B08519,Baltimore,MD,25-34,True
B08232,Baltimore,MD,25-34,True
B17422,Washington,DC,35-44,False
B04644,Las Vegas,NV,18-24,True
B13407,Birmingham,AL,35-44,False
B00726,New York,NY,45-54,True
B16457,San Antonio,TX,35-44,False
B11891,San Antonio,TX,55+,True
B08998,Washington,DC,25-34,True
B11113,Camden,NJ,18-24,True
B03513,Las Vegas,NV,35-44,True
B14405,New York,NY,25-34,True
B14666,Newark,NJ,18-24,True
B14023,Miami,FL,25-34,True
B01458,New York,NY,25-34,True
B09186,Baltimore,MD,18-24,False
B01532,New York,NY,35-44,False
B05412,Atlanta,GA,35-44,False
B17586,Miami,FL,18-24,True
B10316,Philadelphia,PA,25-34,False
B13869,Las Vegas,NV,35-44,False
B11138,Philadelphia,PA,35-44,True
B15031,Chicago,IL,25-34,True
B00661,New York,NY,25-34,True
B07929,Washington,DC,25-34,False
B08024,Washington,DC,35-44,False
B00746,New York,NY,45-54,True
B17549,Charlotte,NC,55+,False
B02654,Las Vegas,NV,35-44,True
B08668,Washington,DC,25-34,False
B14569,Philadelphia,PA,25-34,True
B17677,Philadelphia,PA,18-24,False
B09440,Unknown,DC,35-44,True
B13744,Philadelphia,PA,25-34,True
B11409,Houston,TX,25-34,False
B09928,Camden,NJ,35-44,False
B06788,Atlanta,GA,35-44,True
B13209,Austin,TX,18-24,True
B13682,Newark,NJ,18-24,False
B13357,Houston,TX,45-54,True
B08460,Washington,DC,35-44,False
B16187,Phoenix,AZ,25-34,False
B15605,Detroit,MI,35-44,True
B02628,Las Vegas,NV,25-34,True
B14008,New York,NY,35-44,False
B13745,Miami,FL,55+,False
B05994,Atlanta,GA,25-34,True
B18296,Philadelphia,PA,18-24,True
B16053,Dallas,TX,25-34,True
B16991,Newark,NJ,55+,False
B15476,Newark,NJ,18-24,True
B14906,Phoenix,AZ,25-34,True
B07479,Atlanta,GA,35-44,False
B15348,Newark,NJ,55+,False
B17833,Newark,NJ,35-44,True
B14061,Philadelphia,PA,35-44,True
B07903,Baltimore,MD,18-24,True
B15370,Unknown,AZ,25-34,False
B10864,Camden,NJ,25-34,True
B10333,Wilmington,DE,25-34,True
B13627,Austin,TX,25-34,True
B15573,Philadelphia,PA,25-34,True
B08515,Washington,DC,25-34,False
B11699,San Antonio,TX,25-34,True
B17297,Miami,FL,25-34,True
B09261,Washington,DC,18-24,True
B15916,Miami,FL,35-44,True
B16497,Washington,DC,35-44,True
B05606,Atlanta,GA,35-44,True
B18399,Los Angeles,CA,35-44,False
B16929,Chicago,IL,25-34,False
B15304,Miami,FL,35-44,True
B03339,Las Vegas,NV,25-34,False
B02787,Las Vegas,NV,35-44,True
B09799,Unknown,PA,25-34,True
B09670,Wilmington,DE,25-34,True
B15675,New York,NY,18-24,True
B07872,Washington,DC,18-24,False
B00173,New York,NY,18-24,True
B15479,Los Angeles,CA,25-34,True
B09902,Philadelphia,PA,25-34,False
B16160,San Antonio,TX,18-24,True
B00849,New York,NY,45-54,True
B03441,Las Vegas,NV,35-44,True
B13799,San Antonio,TX,35-44,True
B16422,Richmond,VA,55+,True
B08336,Baltimore,MD,35-44,True
B05530,Atlanta,GA,25-34,False
B10398,Camden,NJ,35-44,True
B11141,Philadelphia,PA,25-34,True
B15536,Newark,NJ,18-24,True
B03985,Las Vegas,NV,35-44,True
B08457,Washington,DC,35-44,True
B11910,Austin,TX,55+,False
B14246,Philadelphia,PA,45-54,True
B10315,Camden,NJ,25-34,True
B15809,Los Angeles,CA,25-34,True
B08302,Baltimore,MD,45-54,True
B09702,Wilmington,DE,25-34,True
B10071,Wilmington,DE,55+,True
B01915,New York,NY,35-44,True
B02634,Las Vegas,NV,55+,False
B03333,Las Vegas,NV,35-44,False
B00330,Unknown,NY,55+,True
B11679,Austin,TX,35-44,False
B02295,New York,NY,25-34,True
B12125,San Antonio,TX,18-24,False
B11555,Austin,TX,25-34,False
B02833,Las Vegas,NV,18-24,False
B14913,San Antonio,TX,18-24,False
B00767,New York,NY,45-54,True
B15554,Washington,DC,25-34,True
B09159,Washington,DC,18-24,True
B17374,Philadelphia,PA,18-24,True
B15759,Austin,TX,25-34,True
B04567,Las Vegas,NV,35-44,False
B02471,New York,NY,45-54,True
B01993,New York,NY,45-54,False
B14430,Houston,TX,35-44,False
B15911,Miami,FL,35-44,True
B10942,Wilmington,DE,35-44,True
B14187,Chicago,IL,45-54,True
B17128,Unknown,AZ,25-34,False
B03764,Las Vegas,NV,25-34,False
B09903,Camden,NJ,18-24,True
B15122,Dallas,TX,35-44,True
B01843,New York,NY,35-44,True
B01299,New York,NY,35-44,True
B05501,Atlanta,GA,35-44,False
B15430,Atlanta,GA,55+,False
B05209,Atlanta,GA,45-54,False
B10151,Camden,NJ,35-44,False
B07547,Atlanta,GA,55+,False
B10609,Philadelphia,PA,18-24,False
B01553,New York,NY,35-44,False
B01521,New York,NY,35-44,True
B04863,Las Vegas,NV,25-34,False
B02004,New York,NY,18-24,False
B00601,New York,NY,18-24,True
B08663,Washington,DC,25-34,False
B02642,Las Vegas,NV,18-24,True
B13361,Los Angeles,CA,55+,True
B13122,Houston,TX,45-54,True
B02697,Las Vegas,NV,35-44,True
B12538,Houston,TX,55+,True
B06002,Atlanta,GA,18-24,True
B10501,Wilmington,DE,25-34,False
B05744,Atlanta,GA,25-34,False
B09733,Camden,NJ,35-44,False
B17825,Houston,TX,18-24,True
B17185,Houston,TX,55+,False
B16419,Wilmington,DE,35-44,False
B15590,Camden,NJ,18-24,True
B14637,Baltimore,MD,35-44,True
B06995,Atlanta,GA,45-54,False
B08449,Washington,DC,25-34,False
B08011,Baltimore,MD,35-44,True
B04694,Las Vegas,NV,25-34,False
B13612,Richmond,VA,18-24,False
B11920,Austin,TX,25-34,True
B02597,New York,NY,25-34,True
B01222,New York,NY,18-24,True
B12014,Austin,TX,45-54,True
B07062,Atlanta,GA,35-44,True
B13613,Dallas,TX,35-44,False
B04349,Las Vegas,NV,25-34,True
B00369,New York,NY,35-44,False
B00169,New York,NY,35-44,True
B15442,Dallas,TX,18-24,True
B10998,Camden,NJ,45-54,True
B10381,Wilmington,DE,25-34,False
B08372,Washington,DC,35-44,True
B02215,New York,NY,18-24,False
B16741,Detroit,MI,35-44,False
B05883,Atlanta,GA,25-34,False
B02313,New York,NY,25-34,False
B00398,New York,NY,35-44,False
B05966,Atlanta,GA,45-54,True
B17726,Birmingham,AL,25-34,True
B12325,Austin,TX,18-24,True
B07895,Baltimore,MD,55+,True
B03017,Las Vegas,NV,35-44,False
B08872,Washington,DC,35-44,False
B17772,Detroit,MI,18-24,False
B12980,Houston,TX,25-34,True
B02154,New York,NY,18-24,False
B02558,New York,NY,25-34,False
B05962,Atlanta,GA,18-24,True
B03202,Las Vegas,NV,25-34,True
B03468,Las Vegas,NV,35-44,False
B03810,Las Vegas,NV,18-24,True
B15984,New York,NY,35-44,False
B01833,New York,NY,18-24,False
B03220,Las Vegas,NV,35-44,True
B08875,Washington,DC,45-54,True
B01715,New York,NY,25-34,False
B07262,Atlanta,GA,25-34,True
B15803,Washington,DC,18-24,True
B14265,Houston,TX,35-44,False
B14872,Las Vegas,NV,35-44,False
B02334,New York,NY,25-34,True
B08139,Washington,DC,18-24,False
B10422,Camden,NJ,45-54,True
B05224,Atlanta,GA,45-54,True
B13673,Newark,NJ,18-24,True
B01575,New York,NY,35-44,True
B00426,New York,NY,35-44,False
B00319,New York,NY,25-34,True
B17049,Birmingham,AL,35-44,False
B12448,Houston,TX,45-54,True
B01566,New York,NY,25-34,True
B06283,Atlanta,GA,18-24,True
B13192,San Antonio,TX,25-34,True
B13500,Chicago,IL,35-44,True
B04488,Las Vegas,NV,25-34,True
B15823,Miami,FL,35-44,True
B16478,Miami,FL,35-44,False
B08044,Washington,DC,55+,False
B18261,Atlanta,GA,55+,False
B14032,Phoenix,AZ,35-44,False
B13784,Camden,NJ,25-34,True
B05695,Atlanta,GA,55+,False
B16582,Chicago,IL,25-34,False
B05950,Atlanta,GA,18-24,True
B08214,Baltimore,MD,25-34,False
B13607,Phoenix,AZ,25-34,True
B18216,Los Angeles,CA,25-34,False
B18057,Wilmington,DE,55+,False
B09900,Camden,NJ,18-24,True
B02347,New York,NY,45-54,False
B16676,New York,NY,55+,False
B15797,Birmingham,AL,45-54,True
B09850,Camden,NJ,18-24,True
B13220,Atlanta,GA,35-44,True
B17744,Atlanta,GA,35-44,True
B01539,New York,NY,55+,True
B01571,New York,NY,25-34,True
B10254,Wilmington,DE,35-44,True
B14235,Atlanta,GA,18-24,False
B08037,Washington,DC,25-34,False
B11896,Houston,TX,55+,True
B13434,Detroit,MI,25-34,True
B00139,New York,NY,25-34,False
B18321,Philadelphia,PA,18-24,True
B10063,Philadelphia,PA,18-24,False
B02991,Las Vegas,NV,35-44,True
B15822,Richmond,VA,25-34,False
B11491,San Antonio,TX,55+,False
B06441,Atlanta,GA,18-24,True
B00384,New York,NY,35-44,True
B15959,Baltimore,MD,25-34,False
B05184,Las Vegas,NV,18-24,True
B07881,Baltimore,MD,55+,False
B07977,Baltimore,MD,25-34,True
B15298,Las Vegas,NV,55+,False
B15127,Washington,DC,25-34,False
B04336,Las Vegas,NV,45-54,True
B02252,New York,NY,35-44,True
B07846,Washington,DC,35-44,True
B12152,Austin,TX,45-54,True
B14163,San Antonio,TX,35-44,True
B12687,Austin,TX,18-24,False
B07942,Washington,DC,35-44,True
B13663,Newark,NJ,18-24,True
B08113,Washington,DC,35-44,False
B04143,Las Vegas,NV,45-54,False
B03287,Las Vegas,NV,45-54,False
B14702,Las Vegas,NV,35-44,True
B01205,New York,NY,25-34,False
B03115,Las Vegas,NV,35-44,True
B02813,Las Vegas,NV,25-34,False
B01962,New York,NY,35-44,True
B09851,Wilmington,DE,45-54,True
B14848,New York,NY,25-34,False
B00718,New York,NY,45-54,False
B17377,Charlotte,NC,25-34,False
B05234,Atlanta,GA,35-44,True
B02702,Las Vegas,NV,25-34,True
B17566,Wilmington,DE,35-44,True
B15227,Camden,NJ,35-44,True
B14078,Philadelphia,PA,25-34,True
B14117,Newark,NJ,25-34,True
B10247,Camden,NJ,55+,True
B00298,New York,NY,35-44,True
B13979,Dallas,TX,35-44,True
B14592,Atlanta,GA,25-34,True
B16089,Atlanta,GA,35-44,True
B01951,New York,NY,25-34,True
B08298,Baltimore,MD,18-24,True
B02805,Las Vegas,NV,18-24,False
B11197,Wilmington,DE,18-24,False
B00345,New York,NY,25-34,True
B17427,San Antonio,TX,18-24,False
B17813,Los Angeles,CA,18-24,False
B14795,Atlanta,GA,35-44,False
B08770,Unknown,MD,55+,False
B03784,Las Vegas,NV,45-54,False
B17581,Miami,FL,55+,True
B11958,Austin,TX,35-44,False
B10097,Camden,NJ,35-44,True
B16376,Richmond,VA,25-34,False
B13539,Los Angeles,CA,25-34,True
B17475,Wilmington,DE,25-34,False
B00774,New York,NY,55+,False
B00519,New York,NY,25-34,True
B15689,Washington,DC,25-34,True
B05533,Atlanta,GA,35-44,False
B05861,Atlanta,GA,35-44,True
B15854,Wilmington,DE,55+,False
B08151,Washington,DC,45-54,True
B01252,New York,NY,25-34,True
B02696,Las Vegas,NV,25-34,True
B10317,Wilmington,DE,18-24,False
B00350,New York,NY,25-34,False
B06153,Atlanta,GA,35-44,True
B05302,Atlanta,GA,25-34,True
B00857,New York,NY,18-24,True
B16760,Los Angeles,CA,45-54,True
B00959,New York,NY,18-24,True
B15041,Baltimore,MD,25-34,True
B00693,New York,NY,35-44,True
B04226,Las Vegas,NV,18-24,False
B16762,Newark,NJ,18-24,True
B12789,Unknown,TX,45-54,True
B17265,Detroit,MI,25-34,False
B00386,New York,NY,55+,False
B11574,Houston,TX,18-24,False
B00706,New York,NY,25-34,True
B17421,Philadelphia,PA,35-44,False
B00263,New York,NY,18-24,False
B01440,New York,NY,55+,True
B09627,Philadelphia,PA,35-44,False
B16679,Atlanta,GA,45-54,False
B05414,Atlanta,GA,35-44,False
B14603,Austin,TX,45-54,True
B13661,Richmond,VA,25-34,True
B03673,Las Vegas,NV,18-24,True
B01101,New York,NY,25-34,True
B13606,Birmingham,AL,18-24,True
B15487,Phoenix,AZ,25-34,True
B06330,Atlanta,GA,25-34,False
B16238,Miami,FL,45-54,True
B00259,New York,NY,35-44,False
B17567,Richmond,VA,35-44,True
B03204,Las Vegas,NV,45-54,False
B06686,Atlanta,GA,35-44,True
B13789,Newark,NJ,18-24,True
B08392,Baltimore,MD,55+,True
B18145,San Antonio,TX,25-34,True
B10232,Wilmington,DE,18-24,True
B11106,Philadelphia,PA,25-34,True
B14005,Philadelphia,PA,25-34,True
B13522,Richmond,VA,18-24,True
B00354,New York,NY,45-54,True
B01852,New York,NY,25-34,False
B00631,New York,NY,35-44,False
B10708,Wilmington,DE,25-34,False
B10217,Philadelphia,PA,55+,False
B10252,Wilmington,DE,25-34,True
B00046,New York,NY,18-24,False
B14148,Charlotte,NC,25-34,True
B00065,New York,NY,25-34,False
B01386,New York,NY,25-34,True
B04792,Las Vegas,NV,45-54,False
B08925,Washington,DC,25-34,True
B02857,Las Vegas,NV,25-34,True
B00179,New York,NY,35-44,False
B01335,New York,NY,35-44,False
B07410,Atlanta,GA,18-24,False
B14965,Miami,FL,18-24,True
B07950,Washington,DC,45-54,False
B00228,New York,NY,55+,False
B14943,Philadelphia,PA,35-44,True
B15885,Philadelphia,PA,25-34,False
B00207,New York,NY,35-44,False
B02315,New York,NY,45-54,True
B15489,Las Vegas,NV,18-24,False
B13760,Los Angeles,CA,25-34,False
B01525,New York,NY,25-34,False
B17179,Los Angeles,CA,35-44,False
B01770,New York,NY,18-24,True
B05603,Unknown,GA,55+,True
B15295,San Antonio,TX,25-34,False
B14007,Birmingham,AL,25-34,False
B03588,Las Vegas,NV,35-44,True
B02712,Las Vegas,NV,35-44,False
B11502,Austin,TX,55+,True
B02461,New York,NY,25-34,True
B17617,Miami,FL,45-54,True
B17476,Birmingham,AL,25-34,False
B13763,Camden,NJ,55+,True
B14272,Los Angeles,CA,18-24,True
B01001,New York,NY,18-24,False
B06953,Atlanta,GA,25-34,False
B03024,Las Vegas,NV,25-34,True
B00855,New York,NY,25-34,False
B11009,Philadelphia,PA,35-44,True
B05848,Atlanta,GA,25-34,False
B09604,Wilmington,DE,35-44,False
B13018,Austin,TX,25-34,True
B16064,Houston,TX,35-44,True
B15049,Atlanta,GA,18-24,True
B08115,Baltimore,MD,18-24,True
B07825,Baltimore,MD,45-54,False
B17654,Newark,NJ,25-34,True
B10022,Philadelphia,PA,18-24,True
B17634,Birmingham,AL,45-54,True
B15198,Richmond,VA,45-54,True
B18075,Miami,FL,25-34,False
B06292,Atlanta,GA,35-44,True
B13505,Washington,DC,25-34,True
B02920,Las Vegas,NV,55+,False
B02759,Las Vegas,NV,25-34,True
B00205,New York,NY,25-34,True
B02286,New York,NY,45-54,True
B03241,Las Vegas,NV,55+,False
B16141,Newark,NJ,18-24,False
B14484,Miami,FL,45-54,True
B08715,Washington,DC,45-54,False
B04046,Las Vegas,NV,45-54,False
B10918,Wilmington,DE,45-54,False
B04397,Las Vegas,NV,55+,False
B06187,Atlanta,GA,25-34,True
B14844,Charlotte,NC,55+,False
B15247,Las Vegas,NV,45-54,True
B13610,Camden,NJ,55+,False
B18136,Charlotte,NC,55+,True
B00293,New York,NY,25-34,True
B15942,Miami,FL,25-34,True
B13743,Richmond,VA,18-24,True
B13465,New York,NY,18-24,True
B15002,Austin,TX,25-34,True
B14819,San Antonio,TX,35-44,False
B17760,Camden,NJ,25-34,True
B02686,Las Vegas,NV,25-34,True
B14325,Detroit,MI,25-34,False
B17135,New York,NY,45-54,True
B00387,New York,NY,18-24,True
B06749,Atlanta,GA,35-44,True
B04298,Las Vegas,NV,35-44,False
B10040,Philadelphia,PA,25-34,False
B14200,Chicago,IL,55+,False
B13804,Washington,DC,18-24,True
B10785,Camden,NJ,35-44,False
B07976,Baltimore,MD,25-34,False
B12320,Houston,TX,35-44,True
B11163,Philadelphia,PA,45-54,True
B14846,Washington,DC,25-34,True
B03494,Las Vegas,NV,45-54,False
B02852,Las Vegas,NV,35-44,False
B12373,Austin,TX,18-24,True
B03664,Las Vegas,NV,18-24,False
B11553,San Antonio,TX,35-44,False
B11625,San Antonio,TX,35-44,True
B14792,New York,NY,25-34,True
B03325,Las Vegas,NV,18-24,False
B14686,Houston,TX,25-34,False
B13802,Camden,NJ,18-24,True
B00378,New York,NY,18-24,False
B13530,Atlanta,GA,35-44,False
B16398,Miami,FL,35-44,True
B08231,Baltimore,MD,18-24,False
B13354,Camden,NJ,25-34,True
B01393,New York,NY,45-54,True
B15407,Washington,DC,45-54,False
B01913,New York,NY,25-34,True
B12974,Austin,TX,18-24,True
B14236,Houston,TX,25-34,False
B15337,Chicago,IL,45-54,True
B16092,Camden,NJ,45-54,True
B05454,Atlanta,GA,35-44,True
B09006,Washington,DC,35-44,False
B10474,Wilmington,DE,25-34,True
B18232,Phoenix,AZ,18-24,False
B11804,Houston,TX,35-44,False
B09454,Baltimore,MD,55+,True
B02700,Las Vegas,NV,35-44,True
B15878,Richmond,VA,25-34,False
B11204,Camden,NJ,18-24,True
B12501,Houston,TX,35-44,False
B12684,Austin,TX,18-24,False
B08157,Baltimore,MD,25-34,False
B00109,New York,NY,25-34,False
B06266,Atlanta,GA,35-44,True
B04175,Las Vegas,NV,25-34,True
B16042,Baltimore,MD,45-54,True
B04798,Las Vegas,NV,35-44,True
B05885,Atlanta,GA,35-44,True
B01494,New York,NY,25-34,False
B08660,Baltimore,MD,55+,True
B03734,Las Vegas,NV,25-34,False
B04431,Las Vegas,NV,55+,True
B07824,Baltimore,MD,35-44,False
B10004,Wilmington,DE,55+,True
B09416,Baltimore,MD,18-24,False
B14499,Birmingham,AL,18-24,True
B16515,Newark,NJ,55+,True
B13390,Los Angeles,CA,25-34,True
B17082,Wilmington,DE,35-44,True
B13579,Detroit,MI,35-44,True
B00392,New York,NY,35-44,True
B15908,Chicago,IL,45-54,True
B13468,Los Angeles,CA,18-24,False
B16632,Austin,TX,25-34,True
B03439,Las Vegas,NV,25-34,False
B00080,New York,NY,25-34,True
B18229,Houston,TX,25-34,True
B17188,Philadelphia,PA,18-24,True
B01304,New York,NY,18-24,False
B16159,Philadelphia,PA,25-34,True
B14411,Wilmington,DE,45-54,False
B13497,Baltimore,MD,25-34,False
B12173,Houston,TX,18-24,False
B15057,Unknown,VA,55+,True
B07963,Washington,DC,35-44,True
B16434,Newark,NJ,35-44,False
B03140,Las Vegas,NV,35-44,True
B17080,Dallas,TX,45-54,True
B17717,Los Angeles,CA,18-24,True
B07736,Atlanta,GA,25-34,False
B03420,Las Vegas,NV,18-24,True
B16564,Los Angeles,CA,25-34,True
B11600,San Antonio,TX,35-44,False
B11941,Houston,TX,45-54,False
B16374,Washington,DC,45-54,True
B08775,Washington,DC,35-44,True
B13254,Austin,TX,25-34,False
B17869,San Antonio,TX,45-54,False
B09262,Washington,DC,45-54,True
B08239,Washington,DC,35-44,False
B15779,Birmingham,AL,35-44,True
B14910,Charlotte,NC,25-34,True
B12770,San Antonio,TX,35-44,True
B09907,Philadelphia,PA,18-24,True
B00498,New York,NY,45-54,False
B13449,Austin,TX,45-54,False
B00089,New York,NY,35-44,True
B01534,New York,NY,25-34,True
B07627,Atlanta,GA,25-34,True
B00988,New York,NY,25-34,False
B17194,Los Angeles,CA,18-24,True
B07106,Atlanta,GA,35-44,True
B08084,Baltimore,MD,35-44,True
B06564,Atlanta,GA,35-44,True
B05204,Atlanta,GA,25-34,False
B00995,New York,NY,25-34,True
B02161,New York,NY,25-34,False
B05328,Atlanta,GA,18-24,True
B18322,Los Angeles,CA,25-34,True
B03886,Las Vegas,NV,25-34,True
B11778,Austin,TX,55+,True
B03611,Las Vegas,NV,18-24,True
B08108,Washington,DC,45-54,True
B00411,New York,NY,25-34,False
B04767,Las Vegas,NV,35-44,True
B12244,Austin,TX,35-44,True
B16608,Birmingham,AL,18-24,True
B16640,Chicago,IL,45-54,False
B06338,Atlanta,GA,25-34,False
B02278,New York,NY,45-54,True
B02487,New York,NY,25-34,True
B00696,New York,NY,18-24,False
B02979,Las Vegas,NV,35-44,True
B17598,Richmond,VA,35-44,True
B11193,Camden,NJ,25-34,True
B00948,New York,NY,35-44,False
B09734,Camden,NJ,45-54,False
B00266,New York,NY,18-24,True
B04683,Las Vegas,NV,35-44,True
B00461,New York,NY,35-44,True
B16411,Miami,FL,35-44,True
B14398,Unknown,AZ,55+,True
B09825,Wilmington,DE,45-54,False
B17796,Chicago,IL,25-34,False
B12910,Houston,TX,25-34,True
B18312,Philadelphia,PA,18-24,True
B09267,Baltimore,MD,18-24,True
B00237,New York,NY,25-34,True
B16923,Los Angeles,CA,25-34,True
B00255,New York,NY,35-44,True
B03142,Las Vegas,NV,35-44,True
B16185,Houston,TX,45-54,False
B11735,Houston,TX,25-34,True
B17120,Miami,FL,18-24,False
B02178,New York,NY,25-34,True
B11101,Wilmington,DE,25-34,True
B13338,Miami,FL,25-34,False
B08041,Unknown,DC,25-34,False
B16723,Las Vegas,NV,55+,True
B01728,New York,NY,18-24,False
B02241,New York,NY,18-24,False
B14352,Newark,NJ,25-34,False
B14775,Los Angeles,CA,25-34,True
B11494,San Antonio,TX,25-34,True
B05272,Atlanta,GA,18-24,False
B12554,San Antonio,TX,18-24,False
B17132,Las Vegas,NV,18-24,False
B03081,Las Vegas,NV,25-34,False
B09917,Camden,NJ,18-24,False
B13879,Detroit,MI,35-44,True
B00083,New York,NY,25-34,True
B10094,Wilmington,DE,25-34,False
B14976,Philadelphia,PA,35-44,True
B13786,Houston,TX,45-54,False
B14505,Chicago,IL,55+,True
B09463,Washington,DC,25-34,True
B03912,Las Vegas,NV,25-34,True
B16014,Charlotte,NC,18-24,True
B02228,New York,NY,25-34,False
B17922,Los Angeles,CA,25-34,True
B18029,Los Angeles,CA,25-34,True
B14862,Miami,FL,25-34,True
B04583,Las Vegas,NV,35-44,False
B12202,Houston,TX,35-44,True
B17685,Miami,FL,35-44,True
B05710,Atlanta,GA,25-34,False
B05424,Atlanta,GA,25-34,True
B12271,San Antonio,TX,55+,False
B05242,Atlanta,GA,55+,True
B09933,Wilmington,DE,25-34,False
B09694,Camden,NJ,35-44,False
B16801,Charlotte,NC,35-44,True
B09800,Philadelphia,PA,25-34,False
B14476,Phoenix,AZ,25-34,True
B17930,Dallas,TX,25-34,True
B06208,Atlanta,GA,25-34,False
B16488,Wilmington,DE,45-54,True
B03617,Las Vegas,NV,45-54,False
B14952,Unknown,TX,25-34,True
B12677,San Antonio,TX,25-34,False
B16272,Richmond,VA,35-44,True
B17039,Charlotte,NC,25-34,False
B17026,Houston,TX,45-54,True
B02734,Las Vegas,NV,25-34,True
B07630,Atlanta,GA,18-24,True
B01026,New York,NY,35-44,True
B17885,Camden,NJ,35-44,True
B14427,Newark,NJ,35-44,True
B17266,Richmond,VA,55+,True
B02799,Las Vegas,NV,25-34,True
B10560,Philadelphia,PA,45-54,True
B17580,Houston,TX,45-54,True
B00405,New York,NY,35-44,True
B07897,Baltimore,MD,55+,True
B09643,Philadelphia,PA,25-34,False
B02096,New York,NY,18-24,False
B01126,New York,NY,35-44,True
B05183,Las Vegas,NV,25-34,False
B15440,Phoenix,AZ,45-54,True
B14368,Birmingham,AL,25-34,True
B10488,Wilmington,DE,25-34,False
B11816,Austin,TX,25-34,True
B01777,New York,NY,35-44,True
B14617,Richmond,VA,25-34,True
B08212,Baltimore,MD,45-54,True
B08377,Washington,DC,25-34,False
B12182,Austin,TX,25-34,False
B03563,Las Vegas,NV,18-24,False
B05218,Atlanta,GA,35-44,True
B13697,Washington,DC,25-34,True
B15313,Miami,FL,45-54,False
B06947,Atlanta,GA,25-34,False
B09789,Philadelphia,PA,25-34,False
B08327,Baltimore,MD,55+,True
B06570,Atlanta,GA,18-24,True
B13568,Phoenix,AZ,45-54,True
B05957,Atlanta,GA,25-34,True
B13339,Washington,DC,45-54,True
B02716,Las Vegas,NV,18-24,True
B02070,New York,NY,35-44,False
B02113,New York,NY,25-34,False
B17342,Charlotte,NC,45-54,False
B07868,Washington,DC,25-34,True
B12282,San Antonio,TX,35-44,False
B01796,New York,NY,35-44,False
B08054,Baltimore,MD,25-34,False
B10922,Wilmington,DE,25-34,False
B00551,New York,NY,35-44,False
B13441,Detroit,MI,35-44,True
B02445,New York,NY,25-34,False
B00023,New York,NY,18-24,False
B01696,New York,NY,25-34,True
B17218,Birmingham,AL,25-34,True
B16380,Phoenix,AZ,55+,False
B14669,New York,NY,25-34,True
B15743,San Antonio,TX,55+,False
B06523,Atlanta,GA,25-34,True
B16028,Los Angeles,CA,55+,True
B00183,New York,NY,25-34,False
B16171,Miami,FL,35-44,True
B01764,New York,NY,45-54,True
B15527,Houston,TX,18-24,True
B13757,Philadelphia,PA,25-34,False
B02818,Las Vegas,NV,35-44,True
B16505,Philadelphia,PA,25-34,True
B05043,Las Vegas,NV,25-34,True
B13464,Wilmington,DE,18-24,True
B13574,New York,NY,25-34,True
B11994,San Antonio,TX,35-44,False
B03179,Las Vegas,NV,35-44,False
B10715,Camden,NJ,18-24,True
B08280,Washington,DC,18-24,False
B03405,Las Vegas,NV,25-34,False
B08511,Washington,DC,55+,True
B05385,Atlanta,GA,35-44,False
B03801,Las Vegas,NV,18-24,True
B17668,San Antonio,TX,18-24,False
B13343,Richmond,VA,18-24,True
B00982,New York,NY,25-34,False
B09050,Washington,DC,35-44,True
B13969,Philadelphia,PA,35-44,False
B14782,Chicago,IL,25-34,True
B13878,Wilmington,DE,35-44,True
B14781,Charlotte,NC,35-44,True
B06488,Atlanta,GA,18-24,False
B00067,New York,NY,25-34,True
B15793,San Antonio,TX,35-44,True
B00412,New York,NY,45-54,True
B01699,New York,NY,18-24,True
B12376,Houston,TX,25-34,False
B06169,Atlanta,GA,45-54,True
B17153,Richmond,VA,55+,False
B01213,New York,NY,35-44,True
B09698,Wilmington,DE,18-24,True
B07505,Atlanta,GA,25-34,False
B09739,Philadelphia,PA,18-24,True
B02358,New York,NY,25-34,True
B09686,Philadelphia,PA,35-44,True
B08704,Baltimore,MD,25-34,True
B17390,Atlanta,GA,35-44,True
B14142,Austin,TX,45-54,False
B11425,San Antonio,TX,35-44,True
B11258,Wilmington,DE,18-24,False
B08062,Baltimore,MD,35-44,True
B10881,Wilmington,DE,25-34,False
B11434,San Antonio,TX,25-34,True
B14649,Los Angeles,CA,35-44,False
B08446,Washington,DC,35-44,True
B03907,Las Vegas,NV,35-44,True
B17667,Chicago,IL,25-34,False
B00142,New York,NY,18-24,True
B05377,Atlanta,GA,25-34,True
B03152,Las Vegas,NV,25-34,True
B15119,Philadelphia,PA,25-34,True
B08179,Washington,DC,25-34,True
B09727,Philadelphia,PA,35-44,True
B14145,Richmond,VA,18-24,False
B16484,Dallas,TX,55+,False
B15449,Charlotte,NC,25-34,True
B04039,Las Vegas,NV,25-34,False
B02826,Las Vegas,NV,55+,True
B13288,Birmingham,AL,55+,False
B00558,New York,NY,55+,True
B13783,San Antonio,TX,55+,True
B06289,Atlanta,GA,25-34,False
B05458,Atlanta,GA,35-44,False
B08732,Washington,DC,35-44,False
B04764,Las Vegas,NV,25-34,True
B10486,Wilmington,DE,25-34,False
B08817,Baltimore,MD,35-44,False
B17165,Phoenix,AZ,18-24,True
B04759,Las Vegas,NV,25-34,False
B01918,New York,NY,35-44,True
B17606,Miami,FL,55+,True
B03793,Las Vegas,NV,25-34,True
B16788,Austin,TX,35-44,True
B00195,New York,NY,35-44,True
B02322,New York,NY,25-34,False
B07840,Washington,DC,25-34,True
B14213,Birmingham,AL,35-44,False
B05101,Las Vegas,NV,25-34,True
B18345,Miami,FL,25-34,True
B17231,Baltimore,MD,18-24,True
B16022,New York,NY,45-54,False
B06298,Atlanta,GA,25-34,True
B13052,San Antonio,TX,55+,False
B00241,New York,NY,35-44,True
B15195,Camden,NJ,25-34,False
B01234,New York,NY,35-44,True
B16851,Newark,NJ,25-34,False
B00244,New York,NY,55+,True
B11131,Camden,NJ,25-34,True
B01173,New York,NY,45-54,False
B16866,Phoenix,AZ,35-44,True
B11522,Houston,TX,25-34,True
B00970,New York,NY,55+,False
B07391,Atlanta,GA,25-34,True
B14815,Las Vegas,NV,25-34,False
B07092,Atlanta,GA,25-34,True
B13486,Wilmington,DE,18-24,False
B08739,Washington,DC,25-34,False
B05423,Unknown,GA,18-24,True
B13027,Houston,TX,55+,False
B15766,Los Angeles,CA,55+,False
B00351,New York,NY,35-44,True
B16173,Phoenix,AZ,35-44,False
B11734,San Antonio,TX,25-34,False
B03804,Las Vegas,NV,25-34,True
B00274,New York,NY,55+,True
B15019,Dallas,TX,45-54,False
B02357,New York,NY,35-44,True
B11663,Austin,TX,25-34,True
B05480,Atlanta,GA,35-44,True
B03360,Las Vegas,NV,35-44,False
B03372,Las Vegas,NV,35-44,True
B15558,Miami,FL,25-34,True
B02691,Las Vegas,NV,25-34,True
B02526,New York,NY,25-34,True
B11709,Austin,TX,25-34,True
B09916,Philadelphia,PA,45-54,True
B05371,Atlanta,GA,25-34,True
B01385,New York,NY,45-54,True
B02735,Las Vegas,NV,55+,True
B03696,Las Vegas,NV,55+,True
B11826,Houston,TX,25-34,False
B17125,New York,NY,35-44,False
B00690,New York,NY,25-34,True
B17133,Phoenix,AZ,25-34,True
B13811,Dallas,TX,35-44,True
B11417,Austin,TX,55+,True
B03725,Las Vegas,NV,55+,True
B03517,Las Vegas,NV,25-34,False
B14745,Chicago,IL,18-24,True
B13837,Las Vegas,NV,25-34,True
B15676,Birmingham,AL,18-24,True
B00031,New York,NY,35-44,False
B15023,Phoenix,AZ,35-44,False
B10487,Philadelphia,PA,55+,True
B12363,Houston,TX,35-44,False
B02492,New York,NY,25-34,True
B17587,Philadelphia,PA,25-34,False
B17966,Richmond,VA,25-34,True
B12133,Houston,TX,45-54,False
B18015,Camden,NJ,18-24,False
B08686,Baltimore,MD,55+,True
B02606,Las Vegas,NV,25-34,True
B11947,Houston,TX,25-34,False
B06100,Atlanta,GA,18-24,False
B02013,New York,NY,35-44,True
B13716,Atlanta,GA,35-44,True
B14471,Richmond,VA,55+,True
B06237,Atlanta,GA,35-44,True
B13542,Wilmington,DE,25-34,False
B12713,San Antonio,TX,25-34,False
B17406,Philadelphia,PA,25-34,True
B14397,San Antonio,TX,35-44,False
B03072,Las Vegas,NV,35-44,False
B00050,New York,NY,25-34,True
B07614,Atlanta,GA,45-54,False
B13656,Baltimore,MD,35-44,True
B12856,Houston,TX,25-34,False
B02767,Las Vegas,NV,25-34,True
B05216,Atlanta,GA,25-34,True
B06362,Atlanta,GA,25-34,False
B15873,Austin,TX,25-34,False
B01133,New York,NY,35-44,False
B00523,New York,NY,55+,True
B17607,Las Vegas,NV,35-44,False
B13871,Baltimore,MD,25-34,False
B00061,New York,NY,55+,False
B05087,Las Vegas,NV,55+,False
B04168,Las Vegas,NV,18-24,False
B00184,New York,NY,18-24,True
B09952,Camden,NJ,45-54,False
B18239,Los Angeles,CA,25-34,True
B08910,Washington,DC,25-34,True
B03416,Las Vegas,NV,18-24,False
B09801,Camden,NJ,25-34,True
B14979,Detroit,MI,45-54,True
B15276,Phoenix,AZ,35-44,True
B04228,Las Vegas,NV,18-24,True
B05759,Atlanta,GA,45-54,True
B17573,Wilmington,DE,18-24,True
B05952,Atlanta,GA,35-44,False
B16260,Newark,NJ,25-34,True
B04159,Las Vegas,NV,25-34,False
B11096,Philadelphia,PA,45-54,False
B07263,Atlanta,GA,55+,True
B14331,Camden,NJ,55+,False
B00385,New York,NY,55+,False
B09561,Washington,DC,35-44,True
B17773,Dallas,TX,45-54,True
B13788,Las Vegas,NV,18-24,True
B08006,Baltimore,MD,55+,True
B05625,Unknown,GA,25-34,False
B01948,New York,NY,25-34,False
B17152,Baltimore,MD,25-34,True
B01795,Unknown,NY,25-34,False
B13265,Los Angeles,CA,35-44,True
B13787,Washington,DC,25-34,False
B08266,Washington,DC,35-44,True
B03636,Las Vegas,NV,18-24,True
B15253,Newark,NJ,25-34,True
B02568,New York,NY,35-44,True
B11156,Camden,NJ,35-44,True
B13329,Atlanta,GA,18-24,False
B17437,Richmond,VA,55+,False
B05910,Atlanta,GA,25-34,True
B11470,Austin,TX,55+,False
B09674,Camden,NJ,25-34,True
B01472,New York,NY,35-44,False
B08918,Washington,DC,25-34,False
B04922,Unknown,NV,18-24,False
B11822,San Antonio,TX,55+,False
B06549,Atlanta,GA,25-34,False
B14095,Philadelphia,PA,35-44,True
B15320,Detroit,MI,35-44,True
B06147,Atlanta,GA,45-54,False
B16030,Miami,FL,18-24,True
B00264,New York,NY,35-44,True
B04396,Las Vegas,NV,25-34,False
B13238,Philadelphia,PA,25-34,True
B16326,Newark,NJ,45-54,False
B11514,Houston,TX,45-54,False
B13012,San Antonio,TX,35-44,True
B16122,Baltimore,MD,35-44,False
B14756,Phoenix,AZ,45-54,True
B15839,Phoenix,AZ,18-24,True
B00532,New York,NY,25-34,False
B12534,Austin,TX,55+,True
B02680,Las Vegas,NV,35-44,True
B07175,Atlanta,GA,18-24,True
B00101,New York,NY,35-44,False
B14533,New York,NY,18-24,False
B07926,Baltimore,MD,35-44,False
B12719,San Antonio,TX,35-44,False
B05349,Atlanta,GA,35-44,True
B00966,New York,NY,25-34,True
B13552,Unknown,GA,35-44,False
B03111,Las Vegas,NV,25-34,False
B10088,Camden,NJ,25-34,False
B11762,Austin,TX,45-54,True
B01286,New York,NY,18-24,False
B00272,New York,NY,25-34,False
B01211,New York,NY,18-24,True
B00610,New York,NY,35-44,True
B11364,Wilmington,DE,35-44,True
B06417,Atlanta,GA,45-54,True
B00494,Unknown,NY,35-44,False
B08689,Washington,DC,45-54,True
B16954,Richmond,VA,25-34,True
B04118,Las Vegas,NV,35-44,False
B00152,New York,NY,25-34,True
B08429,Baltimore,MD,25-34,True
B16407,New York,NY,25-34,False
B16658,Las Vegas,NV,25-34,False
B14834,Miami,FL,35-44,False
B12227,Houston,TX,25-34,True
B14549,New York,NY,18-24,True
B13266,Chicago,IL,18-24,True
B15593,Birmingham,AL,25-34,False
B00949,New York,NY,18-24,True
B01112,New York,NY,25-34,True
B00151,Unknown,NY,25-34,False
B05413,Atlanta,GA,45-54,False
B00816,New York,NY,45-54,True
B01088,New York,NY,45-54,False
B15050,Houston,TX,55+,False
B06444,Atlanta,GA,35-44,False
B03215,Las Vegas,NV,18-24,True
B15550,Washington,DC,25-34,False
B14009,Newark,NJ,18-24,False
B03354,Las Vegas,NV,18-24,True
B11876,San Antonio,TX,35-44,True
B17411,Austin,TX,25-34,True
B14995,Wilmington,DE,35-44,True
B14379,Chicago,IL,45-54,True
B09666,Wilmington,DE,55+,False
B11984,Houston,TX,45-54,True
B17933,Richmond,VA,45-54,True
B09633,Philadelphia,PA,35-44,True
B03356,Las Vegas,NV,35-44,True
B03088,Las Vegas,NV,18-24,True
B14131,Detroit,MI,18-24,True
B05333,Atlanta,GA,35-44,True
B03211,Las Vegas,NV,25-34,True
B13851,Miami,FL,35-44,True
B04400,Las Vegas,NV,25-34,False
B11464,San Antonio,TX,55+,True
B06253,Atlanta,GA,18-24,False
B02128,New York,NY,45-54,True
B17917,Los Angeles,CA,35-44,False
B11303,Camden,NJ,25-34,False
B05707,Atlanta,GA,35-44,False
B00336,New York,NY,45-54,False
B08337,Baltimore,MD,18-24,True
B11460,Houston,TX,25-34,True
B16771,Phoenix,AZ,25-34,False
B12200,Houston,TX,35-44,False
B15357,Detroit,MI,18-24,True
B09985,Camden,NJ,25-34,False
B00289,Unknown,NY,25-34,True
B14600,Charlotte,NC,55+,True
B16927,Birmingham,AL,18-24,True
B13305,Dallas,TX,25-34,True
B00340,New York,NY,25-34,False
B07934,Baltimore,MD,45-54,False
B18381,Birmingham,AL,35-44,True
B08646,Baltimore,MD,25-34,False
B00278,New York,NY,25-34,True
B02450,New York,NY,25-34,False
B01146,New York,NY,25-34,True
B06186,Atlanta,GA,35-44,True
B16904,Richmond,VA,35-44,True
B00682,New York,NY,55+,False
B08858,Unknown,DC,25-34,True
B15283,Phoenix,AZ,35-44,False
B07957,Washington,DC,18-24,True
B05314,Atlanta,GA,45-54,True
B12291,Austin,TX,35-44,True
B15614,Birmingham,AL,45-54,True
B15210,Baltimore,MD,35-44,False
B18088,Baltimore,MD,25-34,True
B05836,Atlanta,GA,25-34,True
B11931,San Antonio,TX,25-34,True
B08001,Washington,DC,45-54,False
B18285,Charlotte,NC,18-24,False
B16249,Wilmington,DE,35-44,True
B04746,Las Vegas,NV,55+,True
B09715,Wilmington,DE,25-34,True
B06697,Atlanta,GA,25-34,False
B13842,Birmingham,AL,25-34,True
B01152,New York,NY,45-54,True
B14435,Wilmington,DE,45-54,True
B02514,New York,NY,35-44,True
B15928,Newark,NJ,25-34,False
B01881,New York,NY,25-34,False
B10960,Philadelphia,PA,45-54,True
B14264,Baltimore,MD,25-34,True
B03567,Las Vegas,NV,18-24,False
B13829,San Antonio,TX,55+,False
B00366,New York,NY,45-54,False
B15537,Chicago,IL,18-24,True
B02427,New York,NY,25-34,False
B08997,Baltimore,MD,35-44,False
B09651,Camden,NJ,35-44,False
B11486,Houston,TX,35-44,True
B05894,Atlanta,GA,35-44,True
B02555,New York,NY,25-34,True
B14364,Chicago,IL,25-34,True
B03046,Las Vegas,NV,18-24,True
B06341,Atlanta,GA,35-44,True
B04342,Las Vegas,NV,25-34,True
B02957,Las Vegas,NV,25-34,True
B13961,Miami,FL,18-24,True
B12126,Austin,TX,18-24,True
B17704,Camden,NJ,18-24,False
B05342,Atlanta,GA,55+,True
B11512,Austin,TX,45-54,False
B13765,Richmond,VA,35-44,False
B03217,Las Vegas,NV,35-44,True
B03437,Las Vegas,NV,25-34,True
B17874,Miami,FL,35-44,True
B02621,Las Vegas,NV,35-44,True
B13348,Detroit,MI,25-34,True
B04669,Las Vegas,NV,25-34,True
B01542,New York,NY,25-34,False
B00180,New York,NY,18-24,True
B11997,Austin,TX,35-44,True
B11801,San Antonio,TX,25-34,False
B00214,New York,NY,18-24,False
B00440,New York,NY,25-34,True
B00817,New York,NY,25-34,True
B02297,New York,NY,35-44,False
B15712,Miami,FL,18-24,False
B14042,Philadelphia,PA,25-34,True
B14174,Atlanta,GA,18-24,True
B09596,Washington,DC,25-34,True
B01733,New York,NY,18-24,True
B05243,Atlanta,GA,25-34,False
B14908,Houston,TX,45-54,True
B18351,Charlotte,NC,18-24,True
B12515,Austin,TX,25-34,True
B11511,Houston,TX,35-44,False
B13447,Baltimore,MD,25-34,False
B11541,Austin,TX,25-34,True
B05241,Atlanta,GA,35-44,True
B03478,Las Vegas,NV,35-44,False
B11698,Houston,TX,55+,True
B01894,New York,NY,35-44,True
B08091,Baltimore,MD,35-44,True
B02829,Las Vegas,NV,25-34,True
B04021,Las Vegas,NV,18-24,False
B00991,New York,NY,55+,True
B07857,Baltimore,MD,18-24,True
B04573,Las Vegas,NV,55+,True
B16680,Los Angeles,CA,25-34,True
B11771,San Antonio,TX,35-44,True
B10477,Wilmington,DE,25-34,True
B14099,Houston,TX,18-24,True
B08345,Washington,DC,25-34,False
B16314,Birmingham,AL,55+,True
B16826,Birmingham,AL,45-54,True
B14685,Baltimore,MD,25-34,False
B02571,Unknown,NY,25-34,False
B01543,New York,NY,45-54,True
B07195,Atlanta,GA,35-44,False
B08029,Washington,DC,35-44,True
B03569,Las Vegas,NV,25-34,True
B07932,Baltimore,MD,45-54,True
B09827,Camden,NJ,18-24,True
B01264,New York,NY,45-54,True
B00112,New York,NY,25-34,True
B08172,Baltimore,MD,25-34,False
B09777,Wilmington,DE,25-34,False
B11432,Austin,TX,18-24,True
B10322,Wilmington,DE,55+,False
B16536,Detroit,MI,55+,True
B02675,Las Vegas,NV,45-54,True
B02119,New York,NY,45-54,False
B16869,Dallas,TX,25-34,True
B15018,Austin,TX,25-34,True
B02287,New York,NY,25-34,True
B03982,Las Vegas,NV,18-24,True
B16730,Las Vegas,NV,45-54,True
B07678,Atlanta,GA,25-34,True
B18110,Birmingham,AL,45-54,True
B00235,New York,NY,25-34,True
B03424,Las Vegas,NV,18-24,True
B07520,Atlanta,GA,35-44,False
B17318,New York,NY,25-34,True
B05373,Atlanta,GA,18-24,True
B08046,Baltimore,MD,45-54,True
B17720,New York,NY,18-24,False
B14934,Houston,TX,18-24,False
B01400,New York,NY,35-44,True
B13963,Chicago,IL,45-54,False
B03835,Las Vegas,NV,45-54,False
B13042,San Antonio,TX,25-34,False
B02221,New York,NY,25-34,True
B07877,Baltimore,MD,18-24,False
B11325,Unknown,PA,18-24,True
B16975,Philadelphia,PA,45-54,True
B07833,Baltimore,MD,25-34,False
B10408,Wilmington,DE,25-34,False
B05852,Atlanta,GA,25-34,True
B14492,Charlotte,NC,25-34,False
B06604,Atlanta,GA,35-44,True
B15849,Richmond,VA,25-34,True
B05822,Atlanta,GA,25-34,True
B07993,Washington,DC,35-44,True
B16560,Philadelphia,PA,25-34,True
B17414,Detroit,MI,35-44,True
B07828,Washington,DC,18-24,True
B00771,Unknown,NY,45-54,True
B17420,New York,NY,25-34,False
B01308,New York,NY,25-34,True
B14857,Austin,TX,35-44,True
B04595,Las Vegas,NV,45-54,False
B01769,New York,NY,25-34,False
B15750,Houston,TX,18-24,True
B02396,New York,NY,18-24,False
B16988,Wilmington,DE,45-54,True
B10044,Wilmington,DE,55+,True
B08297,Washington,DC,18-24,False
B00005,New York,NY,25-34,True
B14652,Los Angeles,CA,25-34,True
B14696,Chicago,IL,18-24,False
B03085,Las Vegas,NV,45-54,False
B11838,Austin,TX,25-34,False
B13535,Chicago,IL,35-44,False
B11270,Camden,NJ,45-54,True
B15058,Wilmington,DE,55+,True
B08694,Baltimore,MD,18-24,True
B00368,New York,NY,25-34,True
B13705,Unknown,GA,25-34,True
B03254,Las Vegas,NV,25-34,True
B03650,Las Vegas,NV,35-44,False
B13495,Washington,DC,25-34,False
B01279,New York,NY,35-44,True
B09548,Washington,DC,35-44,False
B17834,Baltimore,MD,45-54,True
B13858,Dallas,TX,35-44,False
B11849,Houston,TX,35-44,True
B15343,Birmingham,AL,35-44,False
B16284,Philadelphia,PA,25-34,False
B16495,Chicago,IL,55+,True
B17259,Las Vegas,NV,25-34,True
B00147,New York,NY,35-44,True
B05452,Atlanta,GA,45-54,False
B05578,Atlanta,GA,25-34,False
B09769,Camden,NJ,18-24,True
B14176,Wilmington,DE,55+,True
B07951,Baltimore,MD,25-34,True
B15335,Las Vegas,NV,45-54,True
B13244,Philadelphia,PA,18-24,False
B07838,Baltimore,MD,45-54,True
B08744,Baltimore,MD,45-54,False
B11176,Camden,NJ,35-44,False
B03397,Las Vegas,NV,18-24,True
B12077,Austin,TX,18-24,True
B10017,Camden,NJ,55+,True
B08939,Baltimore,MD,35-44,False
B14328,Los Angeles,CA,55+,True
B08273,Washington,DC,25-34,True
B13149,Houston,TX,45-54,False
B00302,New York,NY,25-34,True
B09891,Camden,NJ,35-44,True
B17028,Birmingham,AL,55+,False
B00134,New York,NY,35-44,True
B09947,Philadelphia,PA,25-34,False
B02801,Las Vegas,NV,55+,True
B00224,New York,NY,25-34,False
B09623,Wilmington,DE,45-54,False
B14659,Baltimore,MD,45-54,False
B14056,San Antonio,TX,18-24,True
B12867,San Antonio,TX,25-34,False
B10260,Camden,NJ,35-44,False
B14419,Miami,FL,25-34,False
B07822,Washington,DC,45-54,True
B01786,New York,NY,45-54,True
B15014,Dallas,TX,45-54,True
B13140,San Antonio,TX,35-44,False
B14464,Richmond,VA,18-24,False
B00223,New York,NY,18-24,True
B10148,Wilmington,DE,35-44,False
B12578,Houston,TX,55+,True
B14950,Dallas,TX,55+,True
B11083,Wilmington,DE,35-44,False
B03153,Las Vegas,NV,25-34,False
B15909,Atlanta,GA,45-54,False
B05924,Atlanta,GA,35-44,False
B17346,Charlotte,NC,18-24,True
B15852,Detroit,MI,18-24,False
B05295,Atlanta,GA,25-34,True
B13232,Charlotte,NC,18-24,True
B11552,San Antonio,TX,35-44,False
B11834,San Antonio,TX,55+,True
B02753,Las Vegas,NV,45-54,True
B03106,Las Vegas,NV,35-44,False
B17880,Unknown,NC,18-24,True
B01665,New York,NY,18-24,True
B01973,New York,NY,25-34,False
B00091,New York,NY,35-44,True
B16945,Philadelphia,PA,25-34,True
B17712,Wilmington,DE,25-34,False
B14081,Houston,TX,55+,False
B09837,Philadelphia,PA,35-44,False
B16350,Birmingham,AL,35-44,True
B05807,Atlanta,GA,45-54,True
B01209,Unknown,NY,25-34,False
B08917,Washington,DC,35-44,True
B11651,San Antonio,TX,18-24,False
B05463,Atlanta,GA,18-24,True
B13134,Houston,TX,18-24,True
B00251,New York,NY,45-54,True
B11580,Houston,TX,35-44,False
B05028,Las Vegas,NV,25-34,False
B02974,Las Vegas,NV,25-34,True
B02694,Las Vegas,NV,35-44,True
B15633,Newark,NJ,18-24,False
B12017,Houston,TX,25-34,False
B03219,Las Vegas,NV,18-24,True
B01174,New York,NY,25-34,True
B12924,Austin,TX,45-54,True
B16553,Los Angeles,CA,25-34,False
B03349,Las Vegas,NV,25-34,True
B15466,Las Vegas,NV,25-34,True
B14709,Charlotte,NC,25-34,False
B13839,Baltimore,MD,25-34,False
B09744,Wilmington,DE,25-34,True
B01563,New York,NY,55+,True
B17233,Atlanta,GA,35-44,True
B12422,San Antonio,TX,18-24,False
B09408,Baltimore,MD,55+,False
B14028,Richmond,VA,25-34,True
B13838,Richmond,VA,25-34,False
B05275,Atlanta,GA,35-44,False
B12335,Austin,TX,25-34,False
B02339,New York,NY,45-54,True
B07072,Atlanta,GA,25-34,False
B10109,Philadelphia,PA,18-24,False
B16556,Baltimore,MD,55+,False
B11772,Houston,TX,35-44,False
B10970,Camden,NJ,18-24,False
B16007,Atlanta,GA,25-34,True
B17212,Philadelphia,PA,25-34,True
B14774,Newark,NJ,25-34,True
B01293,New York,NY,25-34,False
B08111,Washington,DC,18-24,True
B15768,Charlotte,NC,35-44,True
B12803,Houston,TX,55+,False
B09676,Philadelphia,PA,45-54,True
B15999,Newark,NJ,25-34,True
B02730,Las Vegas,NV,25-34,True
B14073,Baltimore,MD,25-34,True
B07941,Washington,DC,18-24,True
B11483,San Antonio,TX,18-24,True
B13914,Washington,DC,25-34,True
B16212,Charlotte,NC,35-44,False
B06255,Atlanta,GA,25-34,False
B08751,Baltimore,MD,25-34,True
B14333,Dallas,TX,25-34,False
B16740,San Antonio,TX,55+,False
B14262,New York,NY,18-24,True
B02199,New York,NY,35-44,False
B10372,Philadelphia,PA,35-44,True
B18161,San Antonio,TX,18-24,True
B15755,Los Angeles,CA,18-24,True
B14355,Houston,TX,55+,True
B10435,Philadelphia,PA,35-44,True
B10533,Wilmington,DE,35-44,True
B18133,Detroit,MI,45-54,True
B01856,New York,NY,18-24,True
B06230,Atlanta,GA,35-44,True
B01635,New York,NY,25-34,True
B00999,New York,NY,18-24,False
B07888,Washington,DC,25-34,True
B16836,New York,NY,25-34,True
B12217,Houston,TX,35-44,True
B16939,Houston,TX,45-54,True
B18266,Philadelphia,PA,25-34,False
B00496,New York,NY,35-44,True
B12121,Austin,TX,25-34,True
B13103,Houston,TX,55+,True
B05593,Atlanta,GA,45-54,False
B05470,Atlanta,GA,25-34,True
B02142,New York,NY,18-24,True
B18217,Charlotte,NC,25-34,False
B02612,Las Vegas,NV,25-34,True
B02842,Las Vegas,NV,35-44,True
B09693,Philadelphia,PA,45-54,True
B14918,Birmingham,AL,25-34,True
B11951,San Antonio,TX,25-34,False
B14267,Unknown,NJ,35-44,False
B10258,Camden,NJ,45-54,True
B15687,Miami,FL,55+,False
B17954,Austin,TX,25-34,False
B14377,Richmond,VA,18-24,True
B14732,New York,NY,45-54,True
B00181,New York,NY,18-24,True
B01236,New York,NY,25-34,False
B09880,Wilmington,DE,25-34,True
B15260,Baltimore,MD,55+,False
B17452,Phoenix,AZ,35-44,True
B05770,Atlanta,GA,25-34,False
B01047,New York,NY,25-34,False
B09787,Philadelphia,PA,35-44,False
B02567,Unknown,NY,35-44,True
B15830,Austin,TX,25-34,True
B14488,Newark,NJ,25-34,True
B04639,Las Vegas,NV,25-34,True
B13513,Newark,NJ,25-34,True
B08138,Baltimore,MD,45-54,False
B10072,Camden,NJ,25-34,True
B00143,New York,NY,35-44,True
B08525,Baltimore,MD,25-34,False
B05959,Atlanta,GA,25-34,True
B16190,Detroit,MI,25-34,True
B17719,Washington,DC,18-24,True
B14841,Newark,NJ,35-44,False
B17962,Las Vegas,NV,35-44,False
B09098,Baltimore,MD,55+,False
B18326,Richmond,VA,25-34,False
B17362,Miami,FL,25-34,True
B03808,Las Vegas,NV,25-34,False
B03315,Las Vegas,NV,45-54,False
B09278,Washington,DC,18-24,False
B04884,Las Vegas,NV,25-34,True
B07859,Baltimore,MD,35-44,True
B15561,Unknown,NC,35-44,False
B15688,Atlanta,GA,25-34,True
B14440,Wilmington,DE,18-24,False
B16431,San Antonio,TX,35-44,False
B16328,Phoenix,AZ,35-44,True
B00495,New York,NY,55+,False
B09885,Wilmington,DE,18-24,False
B14040,Unknown,NY,55+,True
B14675,Chicago,IL,25-34,False
B00692,New York,NY,25-34,True
B05623,Atlanta,GA,35-44,True
B15857,Los Angeles,CA,25-34,False
B10105,Wilmington,DE,35-44,True
B17924,Wilmington,DE,18-24,True
B16319,Houston,TX,18-24,True
B08797,Washington,DC,35-44,True
B01604,New York,NY,25-34,False
B03156,Las Vegas,NV,55+,True
B11888,Houston,TX,35-44,False
B17525,Houston,TX,45-54,True
B01692,New York,NY,45-54,True
B10875,Philadelphia,PA,35-44,True
B08853,Baltimore,MD,45-54,True
B14501,Baltimore,MD,18-24,False
B13217,Newark,NJ,45-54,False
B15501,New York,NY,18-24,True
B16681,Phoenix,AZ,25-34,False
B04276,Las Vegas,NV,55+,False
B14006,Washington,DC,25-34,False
B17988,Newark,NJ,25-34,True
B13640,Las Vegas,NV,25-34,True
B07765,Atlanta,GA,25-34,False
B15847,Miami,FL,25-34,True
B05268,Atlanta,GA,35-44,False
B10778,Philadelphia,PA,35-44,False
B05316,Atlanta,GA,25-34,True
B08581,Baltimore,MD,25-34,True
B14044,Richmond,VA,45-54,False
B09859,Philadelphia,PA,25-34,True
B06365,Atlanta,GA,25-34,True
B17033,Wilmington,DE,25-34,False
B15791,Unknown,IL,45-54,True
B15196,Newark,NJ,25-34,True
B01982,New York,NY,55+,True
B09053,Washington,DC,18-24,True
B09331,Washington,DC,45-54,False
B03628,Las Vegas,NV,25-34,True
B16973,Charlotte,NC,35-44,False
B07958,Baltimore,MD,18-24,False
B01924,New York,NY,25-34,True
B09911,Camden,NJ,18-24,False
B18189,Baltimore,MD,55+,True
B11132,Wilmington,DE,25-34,True
B15167,Detroit,MI,25-34,True
B12720,Austin,TX,35-44,True
B15726,Baltimore,MD,18-24,True
B00556,New York,NY,18-24,False
B01051,New York,NY,35-44,False
B15180,New York,NY,18-24,True
B12467,Austin,TX,25-34,True
B15582,Dallas,TX,25-34,True
B09966,Wilmington,DE,55+,True
B04820,Las Vegas,NV,35-44,False
B11415,Austin,TX,35-44,False
B11543,San Antonio,TX,25-34,False
B03948,Unknown,NV,35-44,True
B04417,Las Vegas,NV,25-34,False
B01782,New York,NY,35-44,True
B00554,New York,NY,18-24,True
B01113,New York,NY,25-34,False
B13868,Los Angeles,CA,35-44,False
B13203,New York,NY,25-34,False
B01928,New York,NY,18-24,True
B03691,Las Vegas,NV,55+,False
B07565,Atlanta,GA,55+,False
B13326,Chicago,IL,25-34,True
B14670,Richmond,VA,25-34,False
B17692,Las Vegas,NV,25-34,True
B05294,Atlanta,GA,25-34,True
B16362,Richmond,VA,25-34,False
B01079,New York,NY,45-54,False
B02783,Las Vegas,NV,35-44,False
B03824,Las Vegas,NV,25-34,False
B07812,Washington,DC,35-44,True
B14260,Austin,TX,45-54,True
B03476,Las Vegas,NV,25-34,True
B01805,New York,NY,35-44,True
B15484,Newark,NJ,18-24,True
B17931,Charlotte,NC,35-44,False
B00100,New York,NY,45-54,True
B18200,Phoenix,AZ,35-44,True
B11312,Philadelphia,PA,25-34,False
B00578,New York,NY,55+,True
B13004,San Antonio,TX,35-44,False
B02162,New York,NY,35-44,False
B02822,Las Vegas,NV,18-24,True
B02810,Las Vegas,NV,25-34,True
B02626,Las Vegas,NV,18-24,False
B13846,Houston,TX,25-34,False
B09169,Washington,DC,18-24,True
B00647,New York,NY,35-44,True
B06834,Atlanta,GA,18-24,True
B10930,Wilmington,DE,18-24,True
B14611,New York,NY,35-44,False
B11829,San Antonio,TX,18-24,True
B02939,Las Vegas,NV,55+,True
B14604,Birmingham,AL,45-54,False
B12270,Austin,TX,35-44,True
B14089,Wilmington,DE,25-34,True
B10181,Camden,NJ,25-34,False
B02982,Las Vegas,NV,25-34,False
B00635,New York,NY,55+,False
B02026,New York,NY,35-44,True
B08769,Baltimore,MD,35-44,True
B16051,Miami,FL,35-44,True
B14974,Philadelphia,PA,35-44,True
B03403,Las Vegas,NV,25-34,True
B08142,Baltimore,MD,35-44,True
B14175,Richmond,VA,45-54,True
B12015,Houston,TX,25-34,False
B17258,Newark,NJ,45-54,True
B00704,New York,NY,25-34,False
B14453,Unknown,VA,18-24,True
B12348,San Antonio,TX,35-44,False
B15091,Camden,NJ,25-34,True
B18112,Philadelphia,PA,35-44,True
B09012,Baltimore,MD,25-34,False
B18005,Charlotte,NC,25-34,False
B00252,New York,NY,45-54,False
B01237,New York,NY,25-34,False
B02516,New York,NY,25-34,False
B08906,Washington,DC,25-34,True
B14284,Charlotte,NC,35-44,True
B05266,Atlanta,GA,25-34,False
B16848,Austin,TX,45-54,False
B05354,Atlanta,GA,45-54,False
B01596,New York,NY,35-44,True
B17198,Detroit,MI,45-54,True
B02170,New York,NY,55+,True
B13430,San Antonio,TX,25-34,True
B00672,New York,NY,55+,False
B09346,Baltimore,MD,45-54,False
B06425,Atlanta,GA,18-24,False
B12995,Houston,TX,55+,False
B18001,Philadelphia,PA,25-34,False
B14536,Phoenix,AZ,25-34,True
B06254,Atlanta,GA,25-34,False
B01640,New York,NY,35-44,False
B15899,Atlanta,GA,25-34,True
B16343,Los Angeles,CA,35-44,False
B02133,New York,NY,45-54,False
B14855,Birmingham,AL,55+,False
B14311,Birmingham,AL,45-54,True
B00468,New York,NY,25-34,False
B15079,Wilmington,DE,45-54,True
B00807,New York,NY,35-44,True
B16605,Los Angeles,CA,18-24,False
B07122,Atlanta,GA,25-34,False
B02846,Las Vegas,NV,55+,False
B17353,Los Angeles,CA,35-44,True
B14912,New York,NY,35-44,True
B12095,Austin,TX,45-54,False
B12582,Unknown,TX,25-34,True
B03376,Las Vegas,NV,25-34,False
B15244,Miami,FL,35-44,True
B11265,Camden,NJ,55+,True
B06920,Atlanta,GA,25-34,True
B09435,Baltimore,MD,35-44,True
B17244,Miami,FL,45-54,True
B05940,Atlanta,GA,35-44,False
B15299,Baltimore,MD,35-44,True
B13943,Phoenix,AZ,18-24,True
B14936,Unknown,TX,45-54,True
B15704,New York,NY,35-44,False
B02417,New York,NY,35-44,True
B09743,Philadelphia,PA,25-34,False
B12609,Austin,TX,35-44,True
B08325,Baltimore,MD,45-54,False
B05854,Atlanta,GA,25-34,True
B15437,Richmond,VA,25-34,False
B07115,Atlanta,GA,18-24,False
B03706,Las Vegas,NV,25-34,True
B07643,Atlanta,GA,25-34,False
B08672,Washington,DC,45-54,True
B13116,Austin,TX,55+,True
B14520,Austin,TX,45-54,False
B05892,Atlanta,GA,25-34,True
B12068,San Antonio,TX,35-44,True
B08674,Washington,DC,55+,False
B16052,Phoenix,AZ,25-34,True
B08205,Washington,DC,25-34,True
B03000,Las Vegas,NV,55+,True
B08016,Baltimore,MD,55+,True
B15850,Atlanta,GA,18-24,False
B10645,Wilmington,DE,45-54,True
B09645,Philadelphia,PA,45-54,True
B02936,Las Vegas,NV,35-44,True
B01726,New York,NY,25-34,True
B07552,Atlanta,GA,35-44,True
B03440,Las Vegas,NV,45-54,True
B02012,New York,NY,35-44,True
B16859,San Antonio,TX,45-54,True
B11331,Wilmington,DE,25-34,False
B16887,Detroit,MI,35-44,True
B01912,New York,NY,35-44,False
B13771,New York,NY,25-34,True
B01784,New York,NY,55+,True
B07419,Atlanta,GA,25-34,True
B03620,Las Vegas,NV,35-44,False
B02550,New York,NY,55+,False
B01102,New York,NY,25-34,True
B10504,Camden,NJ,25-34,False
B12941,Austin,TX,25-34,True
B14084,New York,NY,45-54,False
B13880,Los Angeles,CA,18-24,False
B13625,Los Angeles,CA,55+,False
B03030,Las Vegas,NV,25-34,True
B05011,Las Vegas,NV,35-44,True
B11818,San Antonio,TX,18-24,True
B12487,Austin,TX,35-44,True
B16244,Wilmington,DE,35-44,False
B14705,Atlanta,GA,18-24,False
B16286,Newark,NJ,35-44,False
B10278,Camden,NJ,25-34,False
B10556,Wilmington,DE,18-24,True
B04576,Las Vegas,NV,55+,False
B15503,Birmingham,AL,18-24,True
B13062,San Antonio,TX,25-34,False
B02918,Las Vegas,NV,35-44,False
B07826,Washington,DC,18-24,True
B16930,Detroit,MI,18-24,True
B00922,Unknown,NY,25-34,True
B08095,Washington,DC,18-24,False
B08723,Baltimore,MD,18-24,False
B11583,San Antonio,TX,35-44,False
B17304,Philadelphia,PA,25-34,True
B18339,Los Angeles,CA,25-34,True
B12166,San Antonio,TX,25-34,True
B13753,Los Angeles,CA,35-44,True
B09066,Baltimore,MD,25-34,False
B14970,San Antonio,TX,18-24,False
B00131,New York,NY,18-24,False
B11732,Austin,TX,45-54,False
B14428,Wilmington,DE,25-34,True
B16259,Phoenix,AZ,25-34,False
B17009,Richmond,VA,35-44,False
B07188,Atlanta,GA,35-44,False
B08470,Washington,DC,18-24,False
B00794,New York,NY,25-34,True
B11854,Austin,TX,45-54,False
B05407,Atlanta,GA,25-34,True
B02703,Las Vegas,NV,35-44,True
B08226,Baltimore,MD,35-44,True
B18047,Newark,NJ,25-34,False
B09620,Camden,NJ,18-24,True
B09844,Camden,NJ,18-24,False
B00770,New York,NY,45-54,True
B03957,Las Vegas,NV,35-44,True
B16230,Los Angeles,CA,18-24,True
B00246,New York,NY,55+,False
B13723,Baltimore,MD,35-44,True
B16069,Birmingham,AL,18-24,True
B17843,Phoenix,AZ,35-44,False
B01584,Unknown,NY,55+,False
B15377,Los Angeles,CA,35-44,True
B13600,Austin,TX,18-24,True
B08225,Washington,DC,18-24,True
B01688,New York,NY,25-34,False
B03911,Las Vegas,NV,25-34,False
B15097,Wilmington,DE,25-34,False
B13582,Miami,FL,35-44,False
B08292,Baltimore,MD,25-34,True
B15239,Detroit,MI,25-34,False
B09333,Washington,DC,35-44,True
B09265,Baltimore,MD,18-24,True
B02665,Las Vegas,NV,35-44,True
B17505,Philadelphia,PA,45-54,True
B05357,Atlanta,GA,35-44,False
B04330,Las Vegas,NV,35-44,True
B13401,Houston,TX,25-34,False
B09444,Baltimore,MD,25-34,True
B03431,Las Vegas,NV,25-34,False
B14400,Las Vegas,NV,45-54,False
B01552,New York,NY,45-54,True
B09205,Baltimore,MD,18-24,True
B00271,New York,NY,25-34,True
B02454,New York,NY,25-34,True
B15754,Phoenix,AZ,35-44,True
B11703,Houston,TX,25-34,True
B02768,Las Vegas,NV,45-54,True
B02384,New York,NY,35-44,False
B07038,Atlanta,GA,35-44,False
B01490,New York,NY,35-44,False
B08053,Baltimore,MD,18-24,False
B09483,Washington,DC,55+,False
B17848,Los Angeles,CA,45-54,True
B02406,New York,NY,18-24,True
B14414,Philadelphia,PA,18-24,True
B14739,Houston,TX,35-44,True
B14586,Phoenix,AZ,18-24,False
B03699,Las Vegas,NV,35-44,False
B02643,Las Vegas,NV,55+,False
B02710,Las Vegas,NV,45-54,True
B17630,Houston,TX,35-44,True
B05757,Atlanta,GA,25-34,False
B15700,Philadelphia,PA,25-34,True
B10234,Wilmington,DE,25-34,False
B09735,Camden,NJ,25-34,False
B15420,Houston,TX,35-44,False
B09375,Washington,DC,35-44,False
B14584,Atlanta,GA,35-44,True
B01127,New York,NY,25-34,True
B15085,Charlotte,NC,18-24,True
B12399,Houston,TX,25-34,True
B10647,Philadelphia,PA,18-24,False
B15751,Phoenix,AZ,55+,False
B06389,Atlanta,GA,35-44,True
B02925,Las Vegas,NV,18-24,True
B11487,Austin,TX,25-34,True
B15661,Newark,NJ,18-24,True
B17534,Miami,FL,55+,True
B08753,Washington,DC,25-34,True
B01523,New York,NY,45-54,True
B13793,Philadelphia,PA,55+,True
B02326,New York,NY,25-34,True
B17186,Newark,NJ,45-54,True
B15615,Camden,NJ,25-34,False
B14837,Chicago,IL,55+,False
B06087,Atlanta,GA,55+,True
B17370,Philadelphia,PA,45-54,True
B14171,Birmingham,AL,25-34,False
B13990,Charlotte,NC,45-54,True
B07519,Atlanta,GA,55+,False
B13267,New York,NY,45-54,False
B13777,Charlotte,NC,35-44,False
B14426,New York,NY,35-44,False
B15408,Philadelphia,PA,18-24,True
B01673,New York,NY,25-34,False
B02825,Las Vegas,NV,25-34,False
B00629,New York,NY,45-54,False
B00993,New York,NY,25-34,False
B13589,Miami,FL,55+,True
B14698,Wilmington,DE,45-54,False
B12026,Austin,TX,35-44,False
B02506,New York,NY,18-24,True
B07438,Unknown,GA,35-44,True
B11127,Camden,NJ,35-44,True
B06602,Atlanta,GA,35-44,True
B10413,Camden,NJ,25-34,False
B03117,Las Vegas,NV,25-34,True
B05131,Las Vegas,NV,25-34,True
B14978,Richmond,VA,18-24,False
B10393,Philadelphia,PA,35-44,True
B14334,Washington,DC,35-44,False
B10949,Philadelphia,PA,18-24,True
B16981,Phoenix,AZ,25-34,True
B15297,Miami,FL,25-34,True
B14731,Los Angeles,CA,25-34,True
B13371,Newark,NJ,35-44,True
B09016,Washington,DC,18-24,True
B09893,Unknown,PA,25-34,False
B12089,Houston,TX,18-24,True
B01452,New York,NY,25-34,True
B13971,Miami,FL,25-34,False
B14959,Miami,FL,35-44,True
B12056,Austin,TX,55+,False
B02155,New York,NY,25-34,True
B01134,New York,NY,45-54,True
B00230,New York,NY,25-34,False
B14590,Phoenix,AZ,35-44,True
B06991,Atlanta,GA,35-44,True
B17855,Birmingham,AL,18-24,True
B08042,Baltimore,MD,18-24,False
B17839,Chicago,IL,25-34,True
B14134,Philadelphia,PA,25-34,True
B15056,Chicago,IL,35-44,False
B15344,Wilmington,DE,18-24,True
B14654,Birmingham,AL,18-24,True
B00674,New York,NY,25-34,False
B04552,Las Vegas,NV,45-54,True
B06770,Atlanta,GA,35-44,True
B14035,Wilmington,DE,18-24,False
B00275,New York,NY,25-34,True
B09998,Philadelphia,PA,45-54,True
B12800,Houston,TX,45-54,False
B01972,New York,NY,18-24,False
B02668,Las Vegas,NV,18-24,False
B15044,Houston,TX,18-24,False
B14445,Newark,NJ,18-24,False
B09654,Wilmington,DE,55+,True
B08369,Washington,DC,25-34,True
B13596,Charlotte,NC,45-54,False
B11916,Houston,TX,25-34,True
B04568,Las Vegas,NV,25-34,False
B05336,Atlanta,GA,45-54,False
B09766,Camden,NJ,25-34,False
B00279,New York,NY,35-44,False
B17465,Camden,NJ,25-34,False
B17290,Dallas,TX,18-24,True
B00603,New York,NY,25-34,True
B13906,Dallas,TX,45-54,False
B08617,Washington,DC,18-24,False
B07863,Washington,DC,35-44,False
B05943,Atlanta,GA,25-34,True
B09660,Camden,NJ,18-24,False
B04948,Las Vegas,NV,25-34,True
B05904,Atlanta,GA,18-24,False
B00431,Unknown,NY,25-34,True
B13040,Austin,TX,35-44,True
B13864,Phoenix,AZ,25-34,True
B14655,New York,NY,18-24,False
B09534,Washington,DC,25-34,True
B16662,Philadelphia,PA,18-24,True
B16816,Los Angeles,CA,45-54,False
B08967,Baltimore,MD,35-44,True
B01346,New York,NY,25-34,False
B02739,Las Vegas,NV,25-34,True
B08094,Baltimore,MD,18-24,True
B00994,New York,NY,25-34,True
B03264,Las Vegas,NV,18-24,True
B05282,Atlanta,GA,25-34,True
B14060,Birmingham,AL,25-34,False
B17435,Los Angeles,CA,18-24,True
B04314,Las Vegas,NV,18-24,True
B16325,Los Angeles,CA,45-54,True
B10681,Wilmington,DE,18-24,True
B00735,New York,NY,55+,False
B02776,Unknown,NV,55+,True
B13710,San Antonio,TX,35-44,True
B12179,Unknown,TX,18-24,True
B14944,Las Vegas,NV,25-34,False
B05017,Las Vegas,NV,45-54,True
B00540,New York,NY,35-44,True
B14157,Charlotte,NC,25-34,False
B17756,Philadelphia,PA,25-34,False
B09858,Philadelphia,PA,35-44,True
B03082,Las Vegas,NV,25-34,False
B03044,Las Vegas,NV,55+,True
B13901,Houston,TX,45-54,False
B11275,Wilmington,DE,55+,False
B13516,Atlanta,GA,18-24,True
B08067,Washington,DC,25-34,False
B12683,San Antonio,TX,45-54,True
B11999,San Antonio,TX,25-34,True
B16322,Phoenix,AZ,25-34,False
B13466,Los Angeles,CA,18-24,False
B14158,San Antonio,TX,25-34,False
B03430,Las Vegas,NV,25-34,False
B14270,Unknown,NJ,35-44,False
B10926,Camden,NJ,45-54,False
B03039,Las Vegas,NV,18-24,False
B18175,Charlotte,NC,25-34,True
B16142,Phoenix,AZ,55+,False
B16626,Dallas,TX,25-34,True
B07913,Baltimore,MD,18-24,True
B15020,Detroit,MI,25-34,True
B11443,Houston,TX,25-34,True
B17047,Los Angeles,CA,35-44,True
B02303,New York,NY,18-24,True
B17239,Camden,NJ,35-44,False
B04356,Las Vegas,NV,45-54,False
B08026,Washington,DC,25-34,True
B16802,Austin,TX,18-24,True
B12671,Houston,TX,35-44,True
B15010,Los Angeles,CA,45-54,True
B05366,Atlanta,GA,25-34,True
B08329,Baltimore,MD,25-34,True
B03758,Las Vegas,NV,18-24,False
B00155,New York,NY,55+,False
B11914,Houston,TX,25-34,True
B13273,Austin,TX,25-34,False
B11627,Houston,TX,35-44,False
B03011,Las Vegas,NV,35-44,True
B13654,Birmingham,AL,25-34,True
B10509,Philadelphia,PA,25-34,True
B00072,New York,NY,35-44,True
B15034,Los Angeles,CA,45-54,False
B05487,Atlanta,GA,45-54,False
B05498,Atlanta,GA,25-34,True
B01030,New York,NY,18-24,False
B12439,Austin,TX,55+,True
B16199,Newark,NJ,25-34,False
B03102,Las Vegas,NV,55+,False
B18045,Phoenix,AZ,45-54,True
B12806,Austin,TX,25-34,True
B01212,New York,NY,45-54,True
B03791,Las Vegas,NV,25-34,True
B08127,Washington,DC,18-24,True
B13165,Houston,TX,35-44,False
B11913,San Antonio,TX,45-54,False
B15147,Detroit,MI,35-44,False
B13456,Austin,TX,35-44,True
B11453,Austin,TX,25-34,True
B13092,San Antonio,TX,25-34,False
B10421,Wilmington,DE,55+,True
B16338,Camden,NJ,35-44,True
B07969,Washington,DC,18-24,True
B07848,Washington,DC,45-54,False
B07813,Baltimore,MD,35-44,True
B11895,San Antonio,TX,25-34,True
B11661,Austin,TX,18-24,False
B04260,Las Vegas,NV,35-44,True
B02763,Las Vegas,NV,18-24,False
B04081,Las Vegas,NV,25-34,False
B15591,Birmingham,AL,25-34,True
B14660,Houston,TX,25-34,True
B00721,New York,NY,18-24,False
B03112,Las Vegas,NV,25-34,True
B15951,Las Vegas,NV,25-34,False
B04492,Las Vegas,NV,55+,False
B12793,Austin,TX,25-34,False
B06919,Atlanta,GA,35-44,True
B10712,Philadelphia,PA,35-44,False
B13191,Houston,TX,55+,False
B06790,Atlanta,GA,55+,False
B01937,New York,NY,45-54,True
B06766,Unknown,GA,35-44,False
B01509,New York,NY,55+,False
B03934,Las Vegas,NV,18-24,True
B09757,Philadelphia,PA,55+,True
B13813,Birmingham,AL,35-44,False
B10445,Camden,NJ,18-24,True
B14713,Charlotte,NC,18-24,True
B11348,Philadelphia,PA,45-54,True
B10452,Philadelphia,PA,55+,False
B14173,Phoenix,AZ,35-44,False
B06520,Atlanta,GA,45-54,True
B13481,Los Angeles,CA,18-24,True
B14317,San Antonio,TX,45-54,True
B15434,Miami,FL,25-34,False
B08771,Washington,DC,18-24,True
B01162,New York,NY,55+,True
B14552,Austin,TX,35-44,True
B08621,Washington,DC,25-34,True
B11489,Houston,TX,25-34,False
B06536,Atlanta,GA,25-34,True
B07004,Atlanta,GA,18-24,False
B16459,Las Vegas,NV,25-34,False
B14133,Baltimore,MD,35-44,True
B16290,Newark,NJ,35-44,True
B03449,Las Vegas,NV,35-44,True
B14671,Phoenix,AZ,35-44,False
B14458,Los Angeles,CA,25-34,True
B12215,Austin,TX,25-34,True
B01175,New York,NY,55+,True
B08508,Baltimore,MD,25-34,False
B05230,Atlanta,GA,25-34,True
B16677,Newark,NJ,55+,True
B13566,Birmingham,AL,35-44,True
B11686,Houston,TX,45-54,True
B16795,Las Vegas,NV,35-44,False
B07896,Baltimore,MD,35-44,True
B16888,Miami,FL,55+,True
B03514,Las Vegas,NV,45-54,True
B00413,New York,NY,35-44,True
B00039,New York,NY,35-44,True
B17903,Charlotte,NC,45-54,False
B13844,Los Angeles,CA,25-34,True
B05594,Atlanta,GA,35-44,True
B12944,Houston,TX,45-54,True
B12118,Houston,TX,35-44,True
B17884,Philadelphia,PA,45-54,True
B13393,Charlotte,NC,35-44,True
B03160,Las Vegas,NV,25-34,True
B15611,Birmingham,AL,35-44,True
B14743,Birmingham,AL,25-34,True
B11077,Wilmington,DE,45-54,True
B02336,New York,NY,25-34,True
B02752,Las Vegas,NV,25-34,True
B17059,Philadelphia,PA,18-24,True
B14065,Baltimore,MD,25-34,False
B00960,New York,NY,25-34,False
B13720,Birmingham,AL,25-34,True
B09679,Wilmington,DE,45-54,True
B11517,Houston,TX,25-34,True
B07517,Atlanta,GA,25-34,True
B01220,New York,NY,18-24,False
B08887,Washington,DC,25-34,True
B12030,San Antonio,TX,55+,True
B16860,Phoenix,AZ,25-34,False
B03048,Las Vegas,NV,25-34,True
B09133,Washington,DC,35-44,True
B08506,Washington,DC,35-44,True
B06082,Atlanta,GA,35-44,False
B14672,Washington,DC,35-44,True
B04358,Las Vegas,NV,25-34,False
B08871,Baltimore,MD,25-34,False
B16594,Houston,TX,25-34,False
B12048,Austin,TX,18-24,False
B13928,Richmond,VA,35-44,False
B04665,Las Vegas,NV,35-44,True
B09598,Baltimore,MD,18-24,True
B13284,Baltimore,MD,35-44,True
B01810,New York,NY,35-44,True
B13834,Los Angeles,CA,18-24,True
B10243,Camden,NJ,45-54,False
B00314,New York,NY,18-24,False
B14277,Washington,DC,45-54,True
B08437,Baltimore,MD,25-34,True
B14547,Newark,NJ,18-24,True
B15719,Birmingham,AL,45-54,True
B14096,Miami,FL,35-44,True
B09134,Washington,DC,35-44,True
B03834,Las Vegas,NV,55+,True
B06392,Atlanta,GA,18-24,False
B17126,Miami,FL,18-24,False
B02542,New York,NY,55+,False
B16885,San Antonio,TX,55+,True
B16891,Newark,NJ,55+,False
B13959,Birmingham,AL,25-34,False
B11021,Philadelphia,PA,18-24,True
B04809,Las Vegas,NV,25-34,True
B13297,Charlotte,NC,18-24,False
B09973,Camden,NJ,25-34,False
B00221,New York,NY,25-34,True
B14127,Dallas,TX,45-54,True
B17672,San Antonio,TX,35-44,False
B08370,Baltimore,MD,18-24,False
B11262,Philadelphia,PA,25-34,True
B16129,Las Vegas,NV,45-54,True
B14321,Richmond,VA,18-24,False
B01684,New York,NY,25-34,False
B06992,Atlanta,GA,18-24,False
B02479,New York,NY,25-34,False
B10873,Camden,NJ,35-44,True
B17065,Wilmington,DE,18-24,True
B06035,Atlanta,GA,18-24,False
B16193,Los Angeles,CA,25-34,True
B14051,Philadelphia,PA,25-34,False
B01746,New York,NY,35-44,False
B02494,New York,NY,25-34,True
B02237,New York,NY,25-34,True
B12252,Austin,TX,25-34,True
B00800,New York,NY,18-24,True
B00751,New York,NY,35-44,False
B03231,Las Vegas,NV,25-34,False
B00755,New York,NY,25-34,True
B01058,New York,NY,45-54,False
B01502,New York,NY,55+,False
B05773,Atlanta,GA,35-44,True
B16996,Dallas,TX,45-54,True
B02372,New York,NY,55+,False
B14122,Baltimore,MD,25-34,True
B16770,Washington,DC,35-44,False
B01251,New York,NY,25-34,True
B13321,Birmingham,AL,35-44,True
B02063,New York,NY,25-34,True
B01708,New York,NY,18-24,False
B10412,Camden,NJ,45-54,False
B13841,Unknown,CA,35-44,True
B17844,Los Angeles,CA,55+,True
B11748,Austin,TX,18-24,True
B12890,Houston,TX,25-34,True
B18163,Chicago,IL,25-34,False
B13767,Dallas,TX,55+,True
B11247,Camden,NJ,35-44,True
B11052,Philadelphia,PA,18-24,True
B00579,New York,NY,25-34,False
B00058,New York,NY,25-34,False
B05259,Atlanta,GA,25-34,False
B11733,San Antonio,TX,35-44,True
B06541,Atlanta,GA,25-34,True
B12073,San Antonio,TX,35-44,False
B16268,Richmond,VA,25-34,True
B03206,Las Vegas,NV,25-34,True
B16031,Las Vegas,NV,18-24,True
B02211,New York,NY,35-44,False
B07669,Atlanta,GA,25-34,False
B17808,Phoenix,AZ,45-54,False
B16774,Philadelphia,PA,18-24,True
B13424,Newark,NJ,25-34,True
B15165,Philadelphia,PA,45-54,False
B17088,Wilmington,DE,35-44,False
B06023,Atlanta,GA,45-54,True
B00460,New York,NY,35-44,True
B01245,New York,NY,25-34,False
B00515,New York,NY,18-24,False
B15655,Phoenix,AZ,18-24,True
B07418,Atlanta,GA,25-34,True
B13736,Dallas,TX,35-44,False
B13938,Los Angeles,CA,18-24,True
B01851,New York,NY,25-34,True
B02246,New York,NY,25-34,True
B00905,New York,NY,35-44,True
B09436,Baltimore,MD,25-34,False
B01284,New York,NY,25-34,True
B06823,Atlanta,GA,18-24,False
B00388,New York,NY,55+,True
B09700,Wilmington,DE,35-44,True
B12275,Austin,TX,35-44,True
B05344,Atlanta,GA,35-44,False
B16037,Wilmington,DE,45-54,True
B02676,Las Vegas,NV,18-24,False
B17045,Miami,FL,25-34,False
B08332,Baltimore,MD,35-44,True
B00339,New York,NY,35-44,True
B06430,Atlanta,GA,45-54,True
B09927,Wilmington,DE,35-44,True
B07889,Baltimore,MD,18-24,True
B15462,Miami,FL,25-34,True
B14955,Philadelphia,PA,25-34,False
B00130,New York,NY,25-34,True
B00617,New York,NY,25-34,False
B14097,Miami,FL,25-34,True
B14107,Detroit,MI,18-24,False
B09864,Philadelphia,PA,45-54,True
B12176,San Antonio,TX,25-34,True
B16004,Phoenix,AZ,25-34,False
B06597,Atlanta,GA,45-54,True
B08953,Washington,DC,25-34,True
B15708,Unknown,IL,25-34,False
B14103,Houston,TX,25-34,True
B00799,New York,NY,25-34,True
B15355,San Antonio,TX,25-34,True
B15379,Houston,TX,35-44,True
B09396,Washington,DC,35-44,True
B16079,Richmond,VA,45-54,True
B05070,Las Vegas,NV,35-44,True
B09665,Wilmington,DE,18-24,True
B10710,Philadelphia,PA,35-44,False
B03577,Las Vegas,NV,25-34,True
B11845,Austin,TX,45-54,False
B08533,Baltimore,MD,25-34,True
B15556,Las Vegas,NV,25-34,True
B17298,Newark,NJ,35-44,True
B00012,New York,NY,35-44,False
B13498,Wilmington,DE,45-54,False
B13690,Camden,NJ,55+,True
B13560,Birmingham,AL,25-34,True
B00575,New York,NY,25-34,False
B17732,Houston,TX,25-34,False
B16651,Camden,NJ,18-24,False
B03535,Las Vegas,NV,35-44,False
B15248,Washington,DC,25-34,True
B14228,Las Vegas,NV,35-44,False
B02420,New York,NY,35-44,True
B08096,Baltimore,MD,35-44,True
B15139,New York,NY,25-34,False
B03747,Las Vegas,NV,25-34,True
B03767,Las Vegas,NV,18-24,True
B09494,Washington,DC,18-24,True
B16391,Chicago,IL,18-24,False
B08983,Baltimore,MD,25-34,True
B08028,Washington,DC,25-34,True
B00273,New York,NY,55+,False
B16909,Austin,TX,35-44,False
B17055,Birmingham,AL,35-44,False
B10784,Philadelphia,PA,25-34,False
B07286,Atlanta,GA,35-44,True
B10248,Wilmington,DE,35-44,False
B10644,Camden,NJ,25-34,True
B14527,Richmond,VA,18-24,False
B14773,Los Angeles,CA,18-24,True
B15250,Los Angeles,CA,25-34,False
B01172,New York,NY,35-44,True
B18236,Los Angeles,CA,25-34,False
B06206,Atlanta,GA,55+,True
B02893,Las Vegas,NV,35-44,False
B10449,Philadelphia,PA,55+,False
B13541,Philadelphia,PA,25-34,False
B02381,Unknown,NY,35-44,False
B17655,Atlanta,GA,45-54,True
B12758,Houston,TX,18-24,True
B15052,Baltimore,MD,25-34,True
B00864,New York,NY,35-44,False
B14462,Austin,TX,35-44,True
B14968,Wilmington,DE,18-24,False
B09569,Baltimore,MD,35-44,True
B13002,San Antonio,TX,25-34,True
B05249,Atlanta,GA,45-54,True
B16693,Philadelphia,PA,35-44,True
B12734,San Antonio,TX,18-24,True
B01560,New York,NY,35-44,False
B13658,Charlotte,NC,25-34,False
B15307,Camden,NJ,35-44,False
B17971,Austin,TX,18-24,True
B02577,New York,NY,25-34,True
B11870,Unknown,TX,35-44,False
B02638,Las Vegas,NV,18-24,True
B16884,New York,NY,45-54,False
B06756,Atlanta,GA,18-24,True
B18106,Miami,FL,25-34,True
B17093,Houston,TX,35-44,False
B01898,New York,NY,35-44,False
B17336,Phoenix,AZ,45-54,True
B03481,Las Vegas,NV,45-54,True
B11927,Austin,TX,35-44,True
B16430,Atlanta,GA,25-34,True
B10104,Wilmington,DE,25-34,True
B15096,Philadelphia,PA,25-34,False
B05479,Unknown,GA,35-44,True
B11438,Houston,TX,25-34,False
B10494,Wilmington,DE,18-24,False
B13942,Miami,FL,18-24,False
B04076,Las Vegas,NV,35-44,True
B04780,Las Vegas,NV,35-44,False
B02958,Las Vegas,NV,55+,True
B18374,Las Vegas,NV,35-44,True
B08928,Washington,DC,35-44,True
B00161,New York,NY,35-44,False
B09272,Washington,DC,25-34,False
B14554,Dallas,TX,18-24,False
B13359,Washington,DC,45-54,True
B12366,Austin,TX,45-54,True
B08989,Washington,DC,25-34,True
B05432,Atlanta,GA,35-44,True
B00104,New York,NY,25-34,False
B05240,Atlanta,GA,35-44,True
B14389,Philadelphia,PA,45-54,True
B10577,Wilmington,DE,35-44,True
B04442,Las Vegas,NV,25-34,True
B01302,New York,NY,35-44,True
B09208,Washington,DC,25-34,True
B13285,New York,NY,45-54,False
B03058,Las Vegas,NV,35-44,False
B07804,Baltimore,MD,18-24,True
B17195,San Antonio,TX,25-34,False
B15286,Miami,FL,25-34,True
B12732,Houston,TX,18-24,True
B09609,Wilmington,DE,25-34,True
B06045,Atlanta,GA,35-44,False
B05554,Atlanta,GA,45-54,False
B09822,Philadelphia,PA,18-24,False
B13450,New York,NY,25-34,False
B12828,San Antonio,TX,55+,True
B02663,Las Vegas,NV,45-54,True
B01491,New York,NY,18-24,True
B05263,Atlanta,GA,45-54,True
B08505,Washington,DC,25-34,True
B01377,New York,NY,35-44,False
B04465,Las Vegas,NV,35-44,True
B17015,Philadelphia,PA,25-34,True
B11987,Houston,TX,35-44,False
B09718,Philadelphia,PA,35-44,False
B17585,Charlotte,NC,35-44,False
B15668,Richmond,VA,25-34,True
B15316,Birmingham,AL,25-34,False
B17758,Birmingham,AL,35-44,False
B01272,New York,NY,25-34,True
B13836,New York,NY,35-44,True
B10112,Wilmington,DE,25-34,False
B11310,Wilmington,DE,45-54,False
B11726,San Antonio,TX,25-34,True
B02652,Las Vegas,NV,18-24,True
B15206,Dallas,TX,55+,True
B02364,New York,NY,25-34,False
B04388,Las Vegas,NV,55+,True
B09925,Camden,NJ,18-24,False
B12454,Austin,TX,18-24,True
B08317,Washington,DC,25-34,True
B09765,Camden,NJ,55+,True
B16417,Wilmington,DE,45-54,True
B17486,Dallas,TX,35-44,True
B02513,New York,NY,25-34,True
B05651,Atlanta,GA,35-44,True
B08667,Baltimore,MD,18-24,True
B01590,New York,NY,25-34,False
B15907,San Antonio,TX,35-44,True
B05212,Atlanta,GA,25-34,True
B08485,Washington,DC,18-24,False
B01457,New York,NY,18-24,False
B14408,Atlanta,GA,45-54,True
B10534,Wilmington,DE,35-44,True
B01992,New York,NY,35-44,False
B16559,Los Angeles,CA,35-44,True
B13862,Houston,TX,35-44,False
B14977,San Antonio,TX,55+,False
B13693,Washington,DC,18-24,True
B06624,Atlanta,GA,25-34,True
B00409,New York,NY,45-54,True
B18289,Philadelphia,PA,25-34,False
B04321,Las Vegas,NV,45-54,False
B03668,Las Vegas,NV,25-34,False
B17590,Las Vegas,NV,45-54,True
B16166,Dallas,TX,45-54,True
B03113,Las Vegas,NV,35-44,False
B13709,Houston,TX,45-54,False
B17092,Richmond,VA,35-44,True
B12274,San Antonio,TX,18-24,False
B18270,Miami,FL,25-34,False
B15876,Charlotte,NC,18-24,False
B10433,Philadelphia,PA,18-24,False
B18244,Philadelphia,PA,55+,False
B11557,Houston,TX,45-54,False
B10824,Philadelphia,PA,25-34,False
B11442,Houston,TX,35-44,True
B06221,Atlanta,GA,35-44,True
B17942,Phoenix,AZ,25-34,True
B03855,Las Vegas,NV,55+,True
B11445,San Antonio,TX,25-34,False
B17702,Los Angeles,CA,35-44,True
B15703,Miami,FL,25-34,False
B05270,Atlanta,GA,35-44,True
B12148,San Antonio,TX,55+,False
B09223,Baltimore,MD,35-44,True
B14483,Austin,TX,25-34,True
B18144,Philadelphia,PA,18-24,False
B13322,Wilmington,DE,18-24,True
B17853,Atlanta,GA,35-44,True
B09890,Wilmington,DE,25-34,True
B16510,Phoenix,AZ,18-24,False
B09794,Wilmington,DE,35-44,True
B05896,Atlanta,GA,25-34,False
B14485,Dallas,TX,25-34,False
B09026,Baltimore,MD,45-54,True
B17471,Newark,NJ,35-44,False
B06269,Atlanta,GA,25-34,False
B17696,Charlotte,NC,18-24,True
B13970,Charlotte,NC,35-44,True
B12751,San Antonio,TX,55+,False
B15739,Austin,TX,18-24,True
B16218,Detroit,MI,25-34,True
B10563,Wilmington,DE,25-34,True
B03213,Las Vegas,NV,35-44,True
B13137,Houston,TX,25-34,True
B08299,Baltimore,MD,25-34,False
B18129,Phoenix,AZ,35-44,False
B00528,New York,NY,35-44,True
B08623,Washington,DC,55+,False
B11297,Philadelphia,PA,45-54,False
B03796,Las Vegas,NV,35-44,True
B16232,Las Vegas,NV,45-54,True
B15932,Miami,FL,45-54,True
B16237,Baltimore,MD,18-24,False
B08916,Washington,DC,35-44,True
B08427,Washington,DC,45-54,True
B01866,New York,NY,55+,True
B18119,Philadelphia,PA,25-34,True
B12057,Houston,TX,25-34,False
B05365,Atlanta,GA,35-44,True
B14751,Charlotte,NC,25-34,True
B15363,San Antonio,TX,25-34,True
B04663,Las Vegas,NV,35-44,True
B11559,Austin,TX,25-34,True
B15007,Philadelphia,PA,18-24,True
B04132,Las Vegas,NV,35-44,True
B07684,Atlanta,GA,25-34,True
B10473,Wilmington,DE,35-44,True
B01702,New York,NY,35-44,True
B01674,New York,NY,18-24,True
B01783,New York,NY,18-24,True
B00020,Unknown,NY,25-34,True
B08781,Washington,DC,35-44,False
B11728,Houston,TX,45-54,True
B14700,Miami,FL,35-44,False
B12028,Austin,TX,55+,False
B17868,Birmingham,AL,25-34,False
B05817,Atlanta,GA,35-44,False
B18166,Unknown,VA,45-54,True
B14557,Detroit,MI,35-44,True
B15266,Chicago,IL,25-34,True
B01766,New York,NY,35-44,False
B14905,Birmingham,AL,25-34,False
B01689,New York,NY,18-24,True
B13009,San Antonio,TX,55+,True
B05292,Atlanta,GA,25-34,True
B03308,Las Vegas,NV,25-34,False
B06129,Atlanta,GA,55+,True
B12061,San Antonio,TX,18-24,True
B00306,New York,NY,55+,True
B08050,Baltimore,MD,35-44,True
B16262,Dallas,TX,25-34,True
B14208,Las Vegas,NV,18-24,True
B18251,Detroit,MI,25-34,False
B06639,Atlanta,GA,45-54,True
B17228,Camden,NJ,18-24,False
B16948,Richmond,VA,25-34,False
B12522,San Antonio,TX,35-44,False
B16340,Houston,TX,18-24,True
B13262,Newark,NJ,25-34,False
B02620,Las Vegas,NV,45-54,False
B00256,New York,NY,35-44,True
B00668,New York,NY,45-54,True
B03564,Las Vegas,NV,45-54,True
B10128,Wilmington,DE,25-34,True
B12782,Austin,TX,25-34,True
B08758,Washington,DC,25-34,True
B12603,Houston,TX,35-44,False
B13429,Wilmington,DE,25-34,False
B16415,Phoenix,AZ,25-34,True
B12337,Austin,TX,45-54,True
B14455,Phoenix,AZ,25-34,True
B08007,Baltimore,MD,45-54,True
B09545,Washington,DC,45-54,True
B07894,Baltimore,MD,18-24,True
B02827,Las Vegas,NV,35-44,True
B01744,New York,NY,35-44,False
B15821,Los Angeles,CA,18-24,False
B11465,Austin,TX,25-34,False
B02978,Las Vegas,NV,25-34,True
B00073,New York,NY,45-54,True
B05681,Atlanta,GA,35-44,True
B00265,New York,NY,25-34,False
B04959,Las Vegas,NV,18-24,False
B00940,New York,NY,18-24,False
B00702,New York,NY,35-44,True
B14597,Miami,FL,35-44,True
B16084,Richmond,VA,35-44,True
B05920,Atlanta,GA,18-24,True
B16881,Chicago,IL,18-24,True
B07900,Washington,DC,25-34,False
B02843,Las Vegas,NV,45-54,True
B12345,Austin,TX,55+,False
B13227,Las Vegas,NV,25-34,True
B18220,Philadelphia,PA,55+,True
B11087,Philadelphia,PA,35-44,True
B02953,Las Vegas,NV,18-24,True
B02017,New York,NY,18-24,True
B01180,New York,NY,25-34,False
B13749,Austin,TX,25-34,True
B09450,Washington,DC,55+,False
B04475,Las Vegas,NV,35-44,False
B11605,Austin,TX,35-44,True
B02839,Las Vegas,NV,18-24,True
B16216,New York,NY,35-44,True
B06573,Atlanta,GA,25-34,False
B03022,Las Vegas,NV,35-44,True
B05220,Atlanta,GA,25-34,False
B18053,Camden,NJ,35-44,False
B03008,Las Vegas,NV,25-34,True
B16756,Dallas,TX,18-24,True
B02947,Las Vegas,NV,25-34,False
B06246,Atlanta,GA,35-44,False
B18127,Dallas,TX,35-44,True
B06178,Atlanta,GA,45-54,False
B01468,New York,NY,25-34,False
B01742,New York,NY,35-44,True
B16225,Atlanta,GA,25-34,False
B02027,New York,NY,35-44,True
B05450,Atlanta,GA,35-44,False
B00741,New York,NY,25-34,True
B07959,Baltimore,MD,25-34,False
B17612,Los Angeles,CA,25-34,True
B17419,Philadelphia,PA,25-34,False
B14969,Newark,NJ,25-34,True
B13462,Newark,NJ,25-34,False
B13494,Philadelphia,PA,35-44,True
B13216,Detroit,MI,25-34,True
B12661,Austin,TX,25-34,True
B15381,Wilmington,DE,35-44,True
B12161,Houston,TX,25-34,True
B13296,Chicago,IL,25-34,False
B01197,New York,NY,45-54,True
B01723,New York,NY,35-44,False
B13665,Camden,NJ,25-34,True
B17267,Detroit,MI,25-34,False
B00441,New York,NY,55+,True
B12086,Houston,TX,35-44,True
B05990,Atlanta,GA,45-54,False
B15795,Las Vegas,NV,18-24,True
B13629,Birmingham,AL,35-44,False
B11621,Houston,TX,18-24,True
B05001,Las Vegas,NV,35-44,True
B08473,Washington,DC,18-24,True
B09276,Washington,DC,35-44,True
B06191,Atlanta,GA,18-24,True
B06543,Atlanta,GA,45-54,False
B10568,Camden,NJ,35-44,True
B07729,Atlanta,GA,25-34,False
B10213,Philadelphia,PA,55+,False
B13147,Houston,TX,25-34,True
B11278,Wilmington,DE,35-44,False
B16568,Unknown,TX,25-34,False
B03414,Las Vegas,NV,55+,True
B13306,Richmond,VA,55+,True
B07583,Atlanta,GA,35-44,False
B02640,Las Vegas,NV,35-44,True
B12137,Houston,TX,55+,False
B15105,San Antonio,TX,55+,False
B01495,New York,NY,25-34,False
B14201,Chicago,IL,25-34,True
B01970,New York,NY,55+,False
B14961,Los Angeles,CA,18-24,False
B00261,New York,NY,18-24,True
B07992,Baltimore,MD,25-34,True
B18156,Chicago,IL,55+,True
B07532,Atlanta,GA,35-44,True
B13373,San Antonio,TX,35-44,False
B09987,Wilmington,DE,18-24,False
B03199,Las Vegas,NV,35-44,True
B09082,Washington,DC,35-44,True
B13897,Dallas,TX,18-24,False
B12245,San Antonio,TX,35-44,False
B00406,New York,NY,25-34,False
B09349,Baltimore,MD,25-34,False
B17889,Newark,NJ,25-34,False
B09222,Baltimore,MD,25-34,False
B14722,Austin,TX,18-24,True
B12341,San Antonio,TX,25-34,False
B14881,Charlotte,NC,35-44,True
B03432,Las Vegas,NV,35-44,True
B08004,Baltimore,MD,25-34,True
B12567,Austin,TX,18-24,True
B06887,Atlanta,GA,18-24,False
B18358,Camden,NJ,35-44,True
B09669,Philadelphia,PA,25-34,True
B15399,Atlanta,GA,35-44,True
B05382,Atlanta,GA,18-24,False
B14562,Birmingham,AL,25-34,True
B10755,Wilmington,DE,35-44,True
B14121,Las Vegas,NV,35-44,True
B13366,New York,NY,25-34,False
B16521,Miami,FL,25-34,True
B18095,Charlotte,NC,55+,True
B02876,Las Vegas,NV,35-44,True
B17968,Houston,TX,18-24,True
B09990,Wilmington,DE,45-54,True
B10984,Camden,NJ,35-44,False
B15802,Miami,FL,45-54,True
B13386,Las Vegas,NV,25-34,True
B05738,Atlanta,GA,18-24,False
B14714,Birmingham,AL,45-54,False
B01278,New York,NY,25-34,False
B10754,Camden,NJ,18-24,False
B10953,Wilmington,DE,45-54,True
B14446,Phoenix,AZ,45-54,True
B15955,Richmond,VA,25-34,True
B09755,Philadelphia,PA,25-34,True
B10013,Camden,NJ,25-34,True
B04346,Las Vegas,NV,45-54,True
B01115,New York,NY,35-44,True
B00688,New York,NY,25-34,False
B00646,New York,NY,35-44,False
B00047,New York,NY,25-34,False
B14585,Philadelphia,PA,35-44,False
B14495,Phoenix,AZ,35-44,False
B16039,Las Vegas,NV,45-54,True
B15748,Birmingham,AL,18-24,True
B08129,Washington,DC,25-34,True
B00844,New York,NY,35-44,False
B16048,Los Angeles,CA,18-24,True
B07582,Atlanta,GA,25-34,False
B03943,Las Vegas,NV,35-44,True
B11535,San Antonio,TX,35-44,False
B09840,Wilmington,DE,35-44,True
B17008,Los Angeles,CA,35-44,True
B13987,Unknown,DC,35-44,False
B12213,Austin,TX,35-44,True
B15384,Newark,NJ,45-54,True
B09774,Camden,NJ,25-34,False
B01402,New York,NY,25-34,True
B18250,Newark,NJ,25-34,True
B14981,Miami,FL,18-24,False
B11328,Wilmington,DE,25-34,True
B04553,Las Vegas,NV,35-44,True
B16093,Los Angeles,CA,35-44,False
B17602,New York,NY,25-34,False
B09215,Baltimore,MD,25-34,True
B13169,Austin,TX,45-54,True
B14062,Austin,TX,45-54,False
B13211,San Antonio,TX,25-34,True
B02623,Las Vegas,NV,18-24,True
B05388,Atlanta,GA,25-34,True
B00286,New York,NY,25-34,True
B14710,Austin,TX,18-24,True
B13526,Houston,TX,55+,True
B18032,Philadelphia,PA,25-34,True
B14645,Las Vegas,NV,25-34,True
B04710,Las Vegas,NV,18-24,False
B16104,Wilmington,DE,35-44,True
B10653,Philadelphia,PA,45-54,False
B15515,Baltimore,MD,35-44,True
B11513,San Antonio,TX,35-44,False
B14165,Baltimore,MD,25-34,True
B02701,Las Vegas,NV,18-24,False
B14599,Dallas,TX,35-44,True
B03749,Las Vegas,NV,45-54,True
B12298,Houston,TX,18-24,True
B00277,New York,NY,25-34,True
B12959,Houston,TX,55+,False
B13874,San Antonio,TX,25-34,True
B12413,Austin,TX,55+,True
B05219,Atlanta,GA,18-24,True
B05846,Atlanta,GA,25-34,False
B15169,Washington,DC,45-54,True
B11592,Austin,TX,35-44,True
B03914,Las Vegas,NV,35-44,True
B00188,New York,NY,18-24,False
B17434,Miami,FL,35-44,False
B16500,Camden,NJ,45-54,True
B00874,New York,NY,35-44,False
B12397,San Antonio,TX,45-54,False
B17468,Charlotte,NC,25-34,True
B17624,Las Vegas,NV,55+,False
B10629,Wilmington,DE,18-24,True
B17060,New York,NY,45-54,True
B13377,Washington,DC,45-54,True
B01765,New York,NY,35-44,False
B04829,Las Vegas,NV,18-24,True
B14037,Las Vegas,NV,45-54,False
B12443,Unknown,TX,25-34,True
B12897,Austin,TX,25-34,False
B15935,Richmond,VA,25-34,True
B09107,Baltimore,MD,25-34,False
B17695,Dallas,TX,25-34,False
B08309,Baltimore,MD,18-24,True
B14255,Washington,DC,35-44,True
B05381,Atlanta,GA,18-24,True
B02785,Las Vegas,NV,55+,True
B04608,Las Vegas,NV,45-54,True
B00566,New York,NY,25-34,False
B15456,Austin,TX,35-44,False
B03939,Unknown,NV,35-44,True
B14621,New York,NY,25-34,False
B00717,New York,NY,18-24,False
B17311,Charlotte,NC,35-44,True
B00669,New York,NY,45-54,True
B14452,Phoenix,AZ,18-24,False
B09638,Philadelphia,PA,25-34,True
B00875,New York,NY,55+,False
B15033,Wilmington,DE,25-34,False
B01483,New York,NY,35-44,False
B10700,Philadelphia,PA,55+,False
B11988,Houston,TX,35-44,True
B02111,New York,NY,45-54,True
B00399,New York,NY,18-24,True
B17779,Phoenix,AZ,45-54,True
B02946,Las Vegas,NV,35-44,True
B14256,Los Angeles,CA,25-34,True
B02630,Las Vegas,NV,45-54,True
B07018,Atlanta,GA,25-34,True
B09377,Washington,DC,55+,False
B11492,Houston,TX,18-24,True
B13991,Chicago,IL,45-54,True
B05587,Atlanta,GA,35-44,False
B09979,Camden,NJ,25-34,False
B15896,Camden,NJ,18-24,False
B01408,New York,NY,18-24,True
B01559,New York,NY,25-34,True
B16886,Birmingham,AL,18-24,True
B03783,Las Vegas,NV,25-34,True
B09834,Camden,NJ,35-44,False
B00116,Unknown,NY,45-54,True
B10677,Wilmington,DE,18-24,False
B03415,Las Vegas,NV,35-44,True
B08293,Baltimore,MD,35-44,True
B00833,New York,NY,35-44,False
B12466,Houston,TX,18-24,False
B02848,Las Vegas,NV,25-34,False
B11534,Houston,TX,25-34,True
B15481,Miami,FL,25-34,True
B06740,Atlanta,GA,25-34,True
B18051,San Antonio,TX,35-44,True
B00303,New York,NY,35-44,True
B11475,Houston,TX,55+,True
B08289,Unknown,MD,35-44,True
B14956,Dallas,TX,45-54,False
B06644,Atlanta,GA,25-34,False
B05500,Atlanta,GA,35-44,True
B17010,Charlotte,NC,35-44,True
B03243,Las Vegas,NV,18-24,False
B00545,New York,NY,25-34,True
B15188,Richmond,VA,25-34,False
B01141,New York,NY,35-44,False
B15077,New York,NY,35-44,False
B10908,Camden,NJ,18-24,False
B03041,Las Vegas,NV,25-34,False
B07961,Washington,DC,25-34,True
B12452,San Antonio,TX,25-34,True
B14415,Los Angeles,CA,18-24,True
B12273,Houston,TX,35-44,True
B16309,Richmond,VA,18-24,True
B00521,New York,NY,18-24,True
B03828,Las Vegas,NV,18-24,False
B09664,Wilmington,DE,18-24,False
B13443,Detroit,MI,35-44,True
B05873,Atlanta,GA,35-44,False
B14461,Chicago,IL,25-34,False
B07661,Atlanta,GA,18-24,True
B13735,Washington,DC,35-44,False
B15021,Houston,TX,25-34,True
B05340,Atlanta,GA,35-44,False
B17736,Los Angeles,CA,35-44,True
B16573,Newark,NJ,55+,True
B16471,Los Angeles,CA,35-44,False
B11179,Camden,NJ,18-24,False
B13477,Houston,TX,55+,False
B17472,Los Angeles,CA,55+,True
B03067,Las Vegas,NV,25-34,False
B03942,Las Vegas,NV,45-54,False
B12226,San Antonio,TX,35-44,True
B11504,Houston,TX,35-44,False
B12063,San Antonio,TX,25-34,False
B18011,Charlotte,NC,35-44,True
B02602,Las Vegas,NV,18-24,False
B10453,Philadelphia,PA,35-44,True
B09294,Washington,DC,25-34,True
B13362,Camden,NJ,45-54,True
B16229,Washington,DC,25-34,False
B13453,Birmingham,AL,18-24,False
B04658,Las Vegas,NV,18-24,False
B04422,Las Vegas,NV,35-44,False
B04245,Las Vegas,NV,55+,True
B18034,Austin,TX,55+,True
B04708,Las Vegas,NV,25-34,False
B15806,Los Angeles,CA,35-44,True
B02236,New York,NY,35-44,True
B02355,New York,NY,35-44,True
B08958,Washington,DC,25-34,True
B00595,New York,NY,35-44,False
B08236,Baltimore,MD,55+,False
B09901,Wilmington,DE,25-34,True
B02907,Unknown,NV,45-54,True
B14259,Las Vegas,NV,45-54,True
B01743,New York,NY,35-44,True
B17404,Newark,NJ,55+,False
B08089,Baltimore,MD,25-34,False
B00462,New York,NY,25-34,True
B17305,Philadelphia,PA,35-44,True
B02637,Las Vegas,NV,35-44,True
B14694,Los Angeles,CA,35-44,True
B11031,Wilmington,DE,55+,True
B14678,Wilmington,DE,35-44,True
B03076,Las Vegas,NV,55+,True
B02240,New York,NY,25-34,False
B05788,Atlanta,GA,55+,True
B00747,New York,NY,18-24,True
B08487,Washington,DC,25-34,False
B06913,Atlanta,GA,45-54,True
B13857,Charlotte,NC,18-24,False
B11510,Houston,TX,45-54,True
B17429,Richmond,VA,18-24,False
B00108,New York,NY,35-44,False
B02823,Las Vegas,NV,18-24,True
B11456,San Antonio,TX,25-34,True
B02151,New York,NY,25-34,False
B09401,Baltimore,MD,25-34,True
B15975,Birmingham,AL,25-34,True
B15277,Birmingham,AL,35-44,True
B01657,New York,NY,55+,False
B11590,Houston,TX,18-24,True
B09571,Baltimore,MD,25-34,False
B03280,Las Vegas,NV,25-34,True
B03320,Las Vegas,NV,35-44,True
B02398,New York,NY,45-54,False
B04333,Las Vegas,NV,55+,True
B13538,Atlanta,GA,35-44,True
B17849,Atlanta,GA,25-34,False
B16045,Houston,TX,35-44,True
B15930,New York,NY,18-24,True
B15966,Newark,NJ,25-34,True
B13729,Washington,DC,25-34,True
B00361,New York,NY,35-44,False
B14690,Atlanta,GA,35-44,True
B13164,Houston,TX,35-44,True
B14098,Austin,TX,25-34,False
B00433,New York,NY,25-34,False
B00665,New York,NY,55+,False
B10405,Philadelphia,PA,18-24,True
B16809,Wilmington,DE,35-44,False
B08291,Baltimore,MD,25-34,False
B00059,New York,NY,35-44,False
B07869,Washington,DC,35-44,False
B13718,Dallas,TX,35-44,False
B10149,Philadelphia,PA,18-24,True
B15203,Dallas,TX,18-24,False
B17583,Philadelphia,PA,45-54,False
B10851,Unknown,PA,35-44,True
B02873,Las Vegas,NV,35-44,True
B15098,Philadelphia,PA,18-24,True
B10070,Wilmington,DE,35-44,True
B15535,Philadelphia,PA,18-24,False
B16096,Las Vegas,NV,25-34,True
B12652,San Antonio,TX,35-44,False
B18346,Austin,TX,25-34,True
B11980,Houston,TX,25-34,False
B14345,Miami,FL,25-34,True
B15131,Houston,TX,35-44,False
B11523,Austin,TX,55+,False
B05293,Atlanta,GA,35-44,False
B13747,Los Angeles,CA,45-54,True
B00174,New York,NY,25-34,False
B00854,New York,NY,25-34,True
B04172,Las Vegas,NV,25-34,True
B18121,Miami,FL,35-44,True
B00312,New York,NY,35-44,False
B15521,Charlotte,NC,25-34,True
B04012,Las Vegas,NV,18-24,False
B14079,Las Vegas,NV,25-34,True
B03594,Las Vegas,NV,25-34,False
B13352,Unknown,DE,25-34,True
B12238,Austin,TX,18-24,True
B06824,Atlanta,GA,35-44,True
B05339,Atlanta,GA,25-34,True
B13433,Camden,NJ,25-34,False
B08829,Baltimore,MD,25-34,False
B14911,Birmingham,AL,25-34,False
B01676,New York,NY,35-44,True
B03865,Las Vegas,NV,25-34,True
B05296,Atlanta,GA,45-54,True
B03643,Las Vegas,NV,35-44,True
B00861,New York,NY,35-44,True
B17785,Wilmington,DE,45-54,True
B17591,Las Vegas,NV,25-34,True
B09971,Philadelphia,PA,55+,True
B09059,Baltimore,MD,18-24,True
B07167,Atlanta,GA,25-34,True
B15699,Birmingham,AL,25-34,False
B10035,Camden,NJ,18-24,False
B02404,New York,NY,45-54,True
B03530,Las Vegas,NV,25-34,False
B01414,New York,NY,35-44,True
B13128,Houston,TX,25-34,True
B04293,Las Vegas,NV,25-34,True
B15109,Los Angeles,CA,18-24,True
B05704,Atlanta,GA,45-54,False
B15008,Wilmington,DE,25-34,False
B12599,San Antonio,TX,55+,False
B06250,Atlanta,GA,25-34,False
B14161,Dallas,TX,45-54,True
B01120,New York,NY,35-44,True
B13617,Atlanta,GA,55+,True
B02261,New York,NY,25-34,True
B05635,Atlanta,GA,35-44,True
B02023,New York,NY,25-34,False
B12636,San Antonio,TX,18-24,False
B16267,Houston,TX,45-54,False
B02104,New York,NY,25-34,False
B10362,Camden,NJ,35-44,False
B05206,Atlanta,GA,35-44,True
B02188,New York,NY,18-24,True
B13856,Chicago,IL,35-44,True
B11695,Austin,TX,25-34,False
B17114,Birmingham,AL,55+,False
B10818,Camden,NJ,35-44,False
B15657,Dallas,TX,45-54,True
B10994,Philadelphia,PA,35-44,True
B07955,Baltimore,MD,35-44,True
B18323,Charlotte,NC,25-34,False
B13489,Camden,NJ,35-44,True
B05455,Unknown,GA,25-34,False
B17872,Houston,TX,25-34,True
B16748,Camden,NJ,18-24,True
B11598,Austin,TX,35-44,True
B06866,Atlanta,GA,25-34,False
B09856,Philadelphia,PA,25-34,True
B13311,Philadelphia,PA,45-54,False
B10833,Camden,NJ,25-34,True
B02932,Las Vegas,NV,45-54,True
B08031,Washington,DC,25-34,True
B16195,Detroit,MI,25-34,True
B14463,Wilmington,DE,18-24,True
B02028,New York,NY,25-34,False
B13717,Dallas,TX,45-54,False
B11979,Houston,TX,45-54,True
B09359,Baltimore,MD,35-44,True
B13762,Birmingham,AL,45-54,False
B13894,Atlanta,GA,35-44,False
B09080,Baltimore,MD,25-34,True
B07165,Atlanta,GA,25-34,True
B01364,New York,NY,25-34,True
B01562,New York,NY,55+,True
B13876,Philadelphia,PA,45-54,True
B08636,Baltimore,MD,45-54,True
B08163,Washington,DC,45-54,True
B17275,Wilmington,DE,25-34,False
B09996,Wilmington,DE,55+,False
B14248,Detroit,MI,25-34,True
B14358,Philadelphia,PA,35-44,True
B17003,Birmingham,AL,55+,True
B18385,Charlotte,NC,25-34,True
B02587,New York,NY,25-34,True
B00933,New York,NY,25-34,False
B18148,Charlotte,NC,55+,True
B07554,Atlanta,GA,35-44,False
B13915,Austin,TX,18-24,True
B18140,Phoenix,AZ,45-54,False
B16713,Los Angeles,CA,35-44,True
B01879,New York,NY,35-44,True
B17841,Phoenix,AZ,35-44,True
B13255,Philadelphia,PA,18-24,True
B05484,Atlanta,GA,25-34,True
B05071,Las Vegas,NV,25-34,False
B15463,San Antonio,TX,55+,True
B05024,Las Vegas,NV,45-54,True
B07365,Atlanta,GA,45-54,True
B12369,San Antonio,TX,25-34,True
B11880,Houston,TX,45-54,True
B03847,Las Vegas,NV,45-54,True
B03951,Las Vegas,NV,35-44,False
B17310,Miami,FL,35-44,True
B01217,New York,NY,45-54,False
B17303,Los Angeles,CA,35-44,True
B09002,Washington,DC,35-44,True
B15465,Richmond,VA,18-24,True
B15152,Birmingham,AL,25-34,False
B16993,Miami,FL,35-44,False
B10277,Philadelphia,PA,55+,False
B05830,Atlanta,GA,25-34,True
B11471,Austin,TX,35-44,True
B04296,Las Vegas,NV,35-44,True
B17413,Birmingham,AL,35-44,True
B02798,Las Vegas,NV,55+,True
B15192,Los Angeles,CA,35-44,False
B01179,New York,NY,18-24,True
B17965,Atlanta,GA,25-34,False
B16548,Phoenix,AZ,45-54,True
B11003,Camden,NJ,18-24,True
B01432,New York,NY,18-24,False
B11828,San Antonio,TX,18-24,True
B08351,Washington,DC,25-34,False
B13708,Dallas,TX,35-44,False
B18103,New York,NY,45-54,False
B12753,San Antonio,TX,25-34,True
B16828,New York,NY,45-54,True
B05375,Atlanta,GA,18-24,True
B10983,Wilmington,DE,35-44,True
B11175,Camden,NJ,25-34,True
B05682,Atlanta,GA,25-34,True
B00177,New York,NY,45-54,False
B03218,Las Vegas,NV,35-44,False
B05717,Atlanta,GA,35-44,False
B15660,Chicago,IL,25-34,False
B07908,Baltimore,MD,35-44,False
B14820,Richmond,VA,25-34,False
B13798,Birmingham,AL,25-34,False
B11761,Houston,TX,35-44,False
B17985,Dallas,TX,45-54,True
B00382,New York,NY,25-34,True
B13830,Houston,TX,25-34,True
B14422,Chicago,IL,35-44,False
B13396,Camden,NJ,25-34,False
B17777,Newark,NJ,25-34,False
B04340,Las Vegas,NV,18-24,True
B00894,New York,NY,35-44,False
B02819,Las Vegas,NV,25-34,True
B02705,Las Vegas,NV,35-44,False
B11704,San Antonio,TX,18-24,True
B02220,New York,NY,25-34,False
B13739,Miami,FL,45-54,False
B04747,Las Vegas,NV,45-54,True
B11597,Austin,TX,25-34,False
B01785,New York,NY,25-34,True
B08251,Washington,DC,18-24,False
B18269,Los Angeles,CA,35-44,True
B00961,New York,NY,25-34,False
B13480,San Antonio,TX,25-34,True
B17501,Newark,NJ,55+,True
B17279,Phoenix,AZ,55+,True
B03323,Las Vegas,NV,35-44,False
B00236,New York,NY,25-34,True
B15311,Dallas,TX,45-54,True
B17981,Washington,DC,25-34,True
B11440,Houston,TX,35-44,False
B01043,New York,NY,25-34,False
B14312,Newark,NJ,25-34,True
B12872,Austin,TX,35-44,True
B12685,Houston,TX,25-34,True
B01936,New York,NY,45-54,False
B14602,Dallas,TX,18-24,True
B14304,Los Angeles,CA,25-34,True
B15937,Wilmington,DE,25-34,False
B02772,Las Vegas,NV,45-54,True
B11561,Austin,TX,18-24,True
B10441,Wilmington,DE,25-34,True
B02898,Las Vegas,NV,25-34,False
B13551,Los Angeles,CA,25-34,False
B02817,Las Vegas,NV,25-34,False
B09977,Camden,NJ,25-34,True
B03253,Las Vegas,NV,25-34,True
B11715,San Antonio,TX,55+,False
B13247,Newark,NJ,25-34,False
B08717,Baltimore,MD,55+,True
B16776,New York,NY,18-24,False
B00287,New York,NY,25-34,True
B12822,Austin,TX,45-54,True
B14800,Phoenix,AZ,25-34,True
B00102,New York,NY,55+,False
B08047,Baltimore,MD,18-24,False
B13818,Philadelphia,PA,35-44,False
B02498,New York,NY,18-24,True
B04703,Las Vegas,NV,35-44,False
B08741,Washington,DC,25-34,False
B07842,Washington,DC,35-44,False
B15175,Miami,FL,45-54,False
B00311,New York,NY,25-34,True
B02282,New York,NY,25-34,True
B13286,Los Angeles,CA,25-34,True
B01070,New York,NY,25-34,True
B06022,Atlanta,GA,35-44,True
B15665,Baltimore,MD,25-34,False
B04386,Las Vegas,NV,55+,False
B13353,Atlanta,GA,25-34,True
B14940,Austin,TX,25-34,True
B08381,Washington,DC,45-54,False
B08955,Washington,DC,35-44,True
B01042,New York,NY,25-34,True
B07210,Atlanta,GA,55+,True
B17344,Miami,FL,25-34,True
B13853,Charlotte,NC,35-44,True
B14680,Newark,NJ,25-34,True
B15681,Philadelphia,PA,25-34,True
B05968,Atlanta,GA,18-24,True
B01350,New York,NY,18-24,True
B05460,Atlanta,GA,45-54,False
B11073,Camden,NJ,18-24,True
B10242,Philadelphia,PA,25-34,False
B18230,Los Angeles,CA,35-44,True
B11565,San Antonio,TX,25-34,False
B17449,Dallas,TX,35-44,False
B16483,Phoenix,AZ,35-44,True
B10832,Wilmington,DE,45-54,False
B16263,Los Angeles,CA,55+,True
B02343,New York,NY,25-34,False
B01582,New York,NY,35-44,True
B03004,Las Vegas,NV,18-24,False
B09076,Baltimore,MD,25-34,False
B16665,Washington,DC,25-34,True
B15869,Dallas,TX,45-54,False
B17657,Newark,NJ,25-34,False
B02195,New York,NY,18-24,True
B16349,Los Angeles,CA,35-44,True
B07171,Atlanta,GA,45-54,True
B13517,Washington,DC,25-34,False
B16624,Los Angeles,CA,55+,True
B10817,Philadelphia,PA,25-34,True
B11836,Austin,TX,25-34,False
B07831,Baltimore,MD,18-24,True
B02095,New York,NY,25-34,False
B17867,Phoenix,AZ,35-44,False
B01642,New York,NY,45-54,True
B10461,Camden,NJ,18-24,True
B15686,Atlanta,GA,25-34,False
B05019,Las Vegas,NV,18-24,True
B10516,Camden,NJ,35-44,True
B09368,Washington,DC,55+,True
B10940,Wilmington,DE,25-34,True
B09091,Washington,DC,18-24,False
B01014,New York,NY,35-44,True
B12293,Austin,TX,25-34,False
B01254,New York,NY,25-34,False
B12748,Houston,TX,25-34,True
B14914,Las Vegas,NV,18-24,True
B04854,Las Vegas,NV,25-34,False
B18391,New York,NY,35-44,True
B16336,Miami,FL,45-54,False
B14151,Houston,TX,35-44,True
B11567,San Antonio,TX,35-44,True
B09605,Philadelphia,PA,45-54,False
B00329,New York,NY,55+,False
B12937,San Antonio,TX,25-34,False
B09579,Baltimore,MD,18-24,True
B14310,Richmond,VA,25-34,False
B00084,New York,NY,18-24,False
B18020,San Antonio,TX,35-44,True
B08198,Washington,DC,18-24,True
B00479,New York,NY,25-34,True
B11107,Philadelphia,PA,18-24,True
B14803,Los Angeles,CA,25-34,True
B12381,Houston,TX,45-54,True
B07962,Baltimore,MD,18-24,True
B01711,New York,NY,25-34,True
B11477,San Antonio,TX,45-54,True
B03663,Las Vegas,NV,18-24,True
B02168,New York,NY,25-34,True
B13309,Houston,TX,45-54,True
B17085,Richmond,VA,25-34,True
B06897,Atlanta,GA,35-44,False
B12742,Austin,TX,45-54,True
B17980,Phoenix,AZ,25-34,True
B05804,Atlanta,GA,55+,True
B05223,Atlanta,GA,35-44,True
B16449,Los Angeles,CA,45-54,False
B13476,Houston,TX,18-24,True
B00557,New York,NY,18-24,False
B07818,Washington,DC,25-34,False
B12870,San Antonio,TX,45-54,False
B17417,Houston,TX,45-54,True
B13706,Camden,NJ,25-34,True
B13847,Camden,NJ,25-34,True
B09557,Baltimore,MD,35-44,True
B01756,New York,NY,35-44,True
B14224,Newark,NJ,18-24,True
B04270,Las Vegas,NV,45-54,False
B03724,Las Vegas,NV,25-34,True
B12052,San Antonio,TX,18-24,True
B01381,New York,NY,18-24,False
B12400,Houston,TX,25-34,True
B15208,Washington,DC,25-34,True
B17800,Camden,NJ,25-34,True
B15490,Atlanta,GA,25-34,True
B10596,Philadelphia,PA,55+,True
B16501,Newark,NJ,18-24,True
B04326,Las Vegas,NV,55+,True
B17600,Los Angeles,CA,25-34,False
B02964,Las Vegas,NV,18-24,True
B13614,San Antonio,TX,25-34,True
B04401,Las Vegas,NV,35-44,True
B01958,New York,NY,35-44,True
B10418,Camden,NJ,35-44,False
B12295,San Antonio,TX,55+,False
B11607,Austin,TX,35-44,False
B02866,Las Vegas,NV,25-34,True
B15871,Austin,TX,45-54,True
B09035,Washington,DC,25-34,True
B07866,Baltimore,MD,35-44,False
B13318,Atlanta,GA,25-34,True
B06750,Atlanta,GA,25-34,True
B02882,Las Vegas,NV,25-34,True
B16283,Newark,NJ,25-34,False
B11755,Austin,TX,25-34,True
B12435,San Antonio,TX,25-34,False
B10397,Camden,NJ,45-54,False
B14068,Miami,FL,18-24,False
B18123,Phoenix,AZ,45-54,True
B11505,San Antonio,TX,18-24,True
B09520,Baltimore,MD,45-54,False
B04782,Las Vegas,NV,45-54,True
B06146,Atlanta,GA,18-24,True
B14777,Houston,TX,35-44,True
B13593,Charlotte,NC,25-34,False
B13070,Houston,TX,18-24,False
B05267,Atlanta,GA,25-34,True
B13957,Washington,DC,25-34,True
B16264,Austin,TX,25-34,False
B10130,Wilmington,DE,25-34,False
B09780,Philadelphia,PA,55+,True
B05485,Atlanta,GA,45-54,True
B16557,Los Angeles,CA,35-44,True
B14517,Miami,FL,25-34,False
B02166,New York,NY,18-24,False
B11712,Houston,TX,25-34,True
B11572,Austin,TX,18-24,False
B02741,Las Vegas,NV,55+,False
B13228,Newark,NJ,25-34,False
B12365,Houston,TX,35-44,False
B05236,Atlanta,GA,25-34,True
B08815,Baltimore,MD,18-24,False
B14249,Unknown,NJ,25-34,True
B02064,New York,NY,45-54,False
B02354,New York,NY,45-54,True
B10936,Camden,NJ,45-54,True
B12861,Austin,TX,25-34,True
B18336,Los Angeles,CA,25-34,True
B01281,New York,NY,18-24,False
B15345,Chicago,IL,45-54,False
B06470,Atlanta,GA,35-44,True
B15630,Atlanta,GA,45-54,False
B04580,Las Vegas,NV,18-24,False
B01617,New York,NY,35-44,False
B01727,New York,NY,45-54,False
B13898,Phoenix,AZ,35-44,False
B13523,Atlanta,GA,35-44,True
B08204,Washington,DC,35-44,False
B16125,Phoenix,AZ,25-34,True
B17764,Philadelphia,PA,35-44,True
B09289,Washington,DC,55+,True
B03807,Las Vegas,NV,35-44,True
B02197,New York,NY,45-54,True
B16611,Phoenix,AZ,18-24,True
B12855,Houston,TX,35-44,False
B12880,Houston,TX,35-44,False
B07990,Baltimore,MD,18-24,True
B16078,Atlanta,GA,25-34,False
B05833,Atlanta,GA,35-44,False
B17286,Baltimore,MD,35-44,False
B08065,Baltimore,MD,18-24,False
B13922,Birmingham,AL,25-34,True
B17809,Phoenix,AZ,35-44,False
B10052,Wilmington,DE,18-24,True
B15618,Washington,DC,18-24,True
B14525,Unknown,IL,18-24,False
B13940,Detroit,MI,18-24,False
B03400,Las Vegas,NV,35-44,False
B05524,Atlanta,GA,45-54,False
B17492,Miami,FL,35-44,False
B11714,San Antonio,TX,25-34,True
B01685,New York,NY,18-24,True
B12979,San Antonio,TX,25-34,False
B11457,San Antonio,TX,25-34,False
B13446,Detroit,MI,45-54,True
B08141,Washington,DC,55+,False
B05540,Atlanta,GA,35-44,True
B03711,Las Vegas,NV,35-44,False
B00240,New York,NY,35-44,True
B07253,Atlanta,GA,18-24,True
B15469,Chicago,IL,25-34,True
B16798,Camden,NJ,35-44,True
B15967,Austin,TX,35-44,False
B03557,Las Vegas,NV,25-34,True
B07943,Baltimore,MD,35-44,True
B03098,Las Vegas,NV,35-44,True
B14719,Charlotte,NC,25-34,True
B11846,San Antonio,TX,35-44,False
B00267,New York,NY,18-24,False
B11986,Houston,TX,25-34,True
B02970,Las Vegas,NV,45-54,True
B12192,Unknown,TX,35-44,False
B17243,Philadelphia,PA,25-34,False
B12101,San Antonio,TX,45-54,True
B14232,Wilmington,DE,35-44,False
B13595,Chicago,IL,18-24,True
B00026,New York,NY,55+,True
B02290,New York,NY,35-44,True
B10789,Wilmington,DE,25-34,False
B17317,Richmond,VA,35-44,True
B13458,Wilmington,DE,45-54,False
B06940,Atlanta,GA,35-44,True
B03394,Las Vegas,NV,35-44,False
B12442,Houston,TX,25-34,False
B16797,Miami,FL,55+,True
B02300,New York,NY,45-54,True
B03341,Las Vegas,NV,25-34,False
B12150,Austin,TX,25-34,False
B06344,Atlanta,GA,35-44,True
B14429,Baltimore,MD,18-24,True
B01006,New York,NY,25-34,False
B13260,Houston,TX,25-34,False
B10514,Philadelphia,PA,25-34,True
B00640,New York,NY,55+,True
B10361,Philadelphia,PA,45-54,False
B14129,Miami,FL,25-34,True
B17100,Birmingham,AL,18-24,True
B16849,Camden,NJ,25-34,False
B13742,Philadelphia,PA,18-24,True
B00882,New York,NY,45-54,False
B02992,Las Vegas,NV,25-34,True
B07844,Washington,DC,35-44,True
B03686,Las Vegas,NV,25-34,False
B16841,Philadelphia,PA,18-24,True
B08088,Baltimore,MD,45-54,False
B06114,Atlanta,GA,18-24,False
B17804,New York,NY,35-44,True
B12187,Houston,TX,45-54,False
B02775,Las Vegas,NV,35-44,True
B16502,Unknown,NJ,35-44,True
B03203,Las Vegas,NV,55+,False
B08593,Washington,DC,25-34,True
B16205,Newark,NJ,55+,False
B03741,Las Vegas,NV,35-44,False
B17217,Wilmington,DE,45-54,True
B02418,New York,NY,25-34,True
B11119,Camden,NJ,35-44,True
B13435,Dallas,TX,25-34,False
B12513,Houston,TX,18-24,False
B08489,Washington,DC,25-34,True
B15841,Wilmington,DE,25-34,False
B17613,Dallas,TX,25-34,False
B17461,Los Angeles,CA,25-34,True
B04965,Las Vegas,NV,25-34,False
B16876,Houston,TX,55+,True
B15310,New York,NY,35-44,False
B16499,Miami,FL,25-34,False
B07350,Atlanta,GA,35-44,True
B02797,Las Vegas,NV,45-54,True
B01064,New York,NY,35-44,True
B17649,Houston,TX,35-44,True
B15843,Philadelphia,PA,45-54,True
B18094,Washington,DC,35-44,False
B17859,Philadelphia,PA,35-44,True
B13461,Philadelphia,PA,45-54,True
B02335,New York,NY,45-54,False
B04624,Las Vegas,NV,45-54,True
B15874,Phoenix,AZ,35-44,False
B06611,Atlanta,GA,25-34,False
B00346,New York,NY,55+,True
B02425,New York,NY,18-24,False
B15142,Phoenix,AZ,25-34,True
B12414,San Antonio,TX,25-34,False
B08759,Baltimore,MD,25-34,True
B01716,New York,NY,18-24,True
B14348,Dallas,TX,25-34,False
B18337,Birmingham,AL,55+,True
B09231,Baltimore,MD,25-34,False
B10095,Wilmington,DE,55+,True
B00150,New York,NY,18-24,True
B09206,Washington,DC,18-24,False
B15613,Dallas,TX,35-44,True
B18116,Baltimore,MD,35-44,False
B07296,Atlanta,GA,35-44,False
B01074,New York,NY,45-54,True
B04712,Las Vegas,NV,25-34,False
B14241,Austin,TX,45-54,False
B11626,San Antonio,TX,25-34,False
B16642,Austin,TX,35-44,True
B00761,New York,NY,45-54,True
B08483,Baltimore,MD,35-44,False
B06297,Atlanta,GA,25-34,True
B13320,San Antonio,TX,25-34,False
B04149,Las Vegas,NV,18-24,False
B09614,Camden,NJ,18-24,False
B15212,New York,NY,45-54,True
B02986,Las Vegas,NV,45-54,False
B04455,Las Vegas,NV,35-44,True
B10188,Camden,NJ,25-34,False
B14760,Atlanta,GA,35-44,False
B13988,Wilmington,DE,18-24,True
B16579,Charlotte,NC,45-54,True
B14994,Atlanta,GA,18-24,False
B15921,Washington,DC,45-54,False
B16469,Newark,NJ,25-34,True
B08539,Washington,DC,25-34,True
B15860,Philadelphia,PA,45-54,True
B01546,New York,NY,25-34,True
B14889,Philadelphia,PA,55+,True
B13902,Atlanta,GA,45-54,True
B08957,Baltimore,MD,45-54,True
B00212,New York,NY,45-54,True
B14258,New York,NY,55+,False
B01518,New York,NY,25-34,False
B14299,Los Angeles,CA,45-54,True
B08598,Baltimore,MD,25-34,True
B14653,Las Vegas,NV,45-54,False
B02361,New York,NY,18-24,False
B00198,New York,NY,55+,True
B04745,Las Vegas,NV,35-44,True
B15510,Charlotte,NC,25-34,True
B15393,Austin,TX,35-44,False
B01208,New York,NY,35-44,False
B08949,Baltimore,MD,18-24,True
B09618,Philadelphia,PA,35-44,False
B10766,Wilmington,DE,18-24,True
B14132,Washington,DC,35-44,True
B16145,Richmond,VA,45-54,True
B13423,New York,NY,25-34,False
B05637,Atlanta,GA,35-44,True
B00158,New York,NY,35-44,True
B11890,Houston,TX,25-34,False
B02933,Las Vegas,NV,25-34,True
B01585,New York,NY,25-34,True
B17387,Camden,NJ,35-44,False
B16024,Houston,TX,35-44,True
B15217,San Antonio,TX,25-34,True
B03297,Las Vegas,NV,45-54,True
B02371,New York,NY,45-54,True
B00984,New York,NY,35-44,False
B13451,New York,NY,55+,False
B13732,Baltimore,MD,55+,False
B11821,Austin,TX,25-34,False
B06891,Atlanta,GA,18-24,False
B08208,Washington,DC,18-24,False
B08734,Baltimore,MD,18-24,False
B11713,San Antonio,TX,45-54,False
B01129,New York,NY,18-24,False
B01677,New York,NY,25-34,True
B17972,Houston,TX,25-34,True
B01933,New York,NY,25-34,False
B09930,Camden,NJ,25-34,True
B07861,Baltimore,MD,35-44,True
B11707,San Antonio,TX,25-34,True
B05930,Atlanta,GA,18-24,False
B06429,Atlanta,GA,18-24,True
B13214,San Antonio,TX,25-34,False
B10123,Wilmington,DE,25-34,True
B17274,Atlanta,GA,18-24,True
B12963,Houston,TX,25-34,True
B10721,Philadelphia,PA,25-34,False
B01166,New York,NY,35-44,True
B13686,Wilmington,DE,25-34,False
B10183,Philadelphia,PA,18-24,True
B13419,Dallas,TX,55+,True
B13770,Phoenix,AZ,55+,False
B03408,Las Vegas,NV,25-34,False
B05559,Atlanta,GA,35-44,True
B07808,Washington,DC,25-34,False
B15523,Houston,TX,55+,True
B08242,Washington,DC,25-34,False
B17333,Charlotte,NC,18-24,True
B05325,Atlanta,GA,18-24,False
B00856,New York,NY,25-34,True
B02835,Las Vegas,NV,18-24,True
B01383,New York,NY,35-44,True
B02302,New York,NY,35-44,True
B17953,Los Angeles,CA,45-54,True
B10155,Philadelphia,PA,35-44,True
B00071,New York,NY,35-44,False
B08810,Washington,DC,25-34,False
B00045,New York,NY,25-34,False
B14998,Dallas,TX,18-24,False
B17876,Washington,DC,35-44,False
B13525,Houston,TX,45-54,True
B16019,Los Angeles,CA,45-54,True
B16509,Philadelphia,PA,25-34,True
B11411,San Antonio,TX,18-24,True
B13692,Las Vegas,NV,55+,False
B15974,Chicago,IL,25-34,True
B15418,Las Vegas,NV,55+,True
B06320,Atlanta,GA,25-34,False
B01792,New York,NY,18-24,True
B01754,New York,NY,25-34,True
B02650,Las Vegas,NV,18-24,False
B05627,Atlanta,GA,18-24,False
B02375,New York,NY,35-44,False
B01853,New York,NY,45-54,False
B14634,Detroit,MI,35-44,True
B09848,Wilmington,DE,25-34,True
B05662,Atlanta,GA,35-44,False
B01225,New York,NY,45-54,True
B02727,Las Vegas,NV,25-34,False
B16188,Birmingham,AL,25-34,True
B00825,New York,NY,45-54,True
B00707,New York,NY,35-44,False
B18357,Phoenix,AZ,45-54,True
B11372,Wilmington,DE,55+,False
B03167,Las Vegas,NV,18-24,False
B16617,Atlanta,GA,35-44,True
B03456,Las Vegas,NV,25-34,False
B10599,Wilmington,DE,25-34,True
B16065,San Antonio,TX,45-54,False
B07251,Atlanta,GA,25-34,True
B01470,New York,NY,35-44,False
B00193,New York,NY,35-44,True
B04099,Las Vegas,NV,25-34,False
B11493,San Antonio,TX,45-54,False
B04579,Las Vegas,NV,25-34,True
B11472,Austin,TX,18-24,True
B13383,Houston,TX,25-34,True
B00944,New York,NY,25-34,True
B16627,Philadelphia,PA,18-24,True
B18305,Phoenix,AZ,35-44,True
B14895,New York,NY,35-44,True
B15272,New York,NY,55+,True
B02467,New York,NY,18-24,True
B11789,San Antonio,TX,18-24,False
B15100,Newark,NJ,25-34,False
B18122,Detroit,MI,35-44,False
B05766,Atlanta,GA,25-34,True
B05963,Atlanta,GA,35-44,False
B12144,San Antonio,TX,35-44,True
B14402,Richmond,VA,35-44,True
B00182,New York,NY,45-54,True
B02732,Las Vegas,NV,35-44,True
B17296,Los Angeles,CA,25-34,True
B01341,New York,NY,35-44,True
B06504,Atlanta,GA,25-34,False
B08834,Washington,DC,25-34,True
B01886,New York,NY,25-34,True
B17156,Charlotte,NC,25-34,True
B13368,Detroit,MI,25-34,True
B12239,San Antonio,TX,45-54,False
B14160,Philadelphia,PA,25-34,False
B11959,Houston,TX,18-24,False
B17163,Philadelphia,PA,35-44,True
B11738,Houston,TX,25-34,True
B06938,Atlanta,GA,55+,True
B07849,Washington,DC,25-34,False
B00326,New York,NY,25-34,True
B11311,Wilmington,DE,18-24,True
B07025,Atlanta,GA,35-44,True
B11777,Houston,TX,35-44,True
B15436,Austin,TX,18-24,True
B14090,Atlanta,GA,25-34,True
B00576,New York,NY,45-54,False
B08720,Baltimore,MD,35-44,False
B16734,Dallas,TX,25-34,True
B06458,Atlanta,GA,18-24,False
B09738,Camden,NJ,35-44,False
B02488,New York,NY,25-34,True
B07514,Atlanta,GA,55+,False
B06152,Atlanta,GA,45-54,True
B06042,Unknown,GA,18-24,True
B01418,New York,NY,35-44,True
B07422,Atlanta,GA,55+,False
B12698,San Antonio,TX,55+,True
B11917,San Antonio,TX,18-24,False
B05418,Unknown,GA,35-44,False
B01195,New York,NY,18-24,True
B06262,Atlanta,GA,18-24,True
B05512,Atlanta,GA,25-34,True
B16149,Miami,FL,25-34,True
B13772,Chicago,IL,45-54,False
B09315,Baltimore,MD,25-34,True
B07130,Atlanta,GA,55+,False
B01799,New York,NY,25-34,False
B17063,Chicago,IL,35-44,False
B17938,Birmingham,AL,35-44,False
B10037,Wilmington,DE,18-24,True
B16477,Camden,NJ,45-54,False
B15103,Camden,NJ,45-54,False
B04107,Las Vegas,NV,25-34,False
B14503,Richmond,VA,18-24,False
B00986,New York,NY,35-44,False
B08520,Baltimore,MD,18-24,True
B00898,New York,NY,18-24,False
B15641,Miami,FL,35-44,True
B02387,New York,NY,35-44,False
B14720,Camden,NJ,18-24,True
B14693,Richmond,VA,18-24,True
B01320,New York,NY,25-34,False
B08254,Washington,DC,18-24,True
B03233,Las Vegas,NV,25-34,True
B01591,New York,NY,18-24,True
B16335,Charlotte,NC,18-24,False
B02401,New York,NY,35-44,True
B17040,San Antonio,TX,25-34,True
B15735,Miami,FL,45-54,True
B00400,New York,NY,25-34,False
B14721,Philadelphia,PA,45-54,True
B13727,Charlotte,NC,18-24,False
B05319,Atlanta,GA,35-44,True
B16965,New York,NY,18-24,False
B15161,Wilmington,DE,25-34,False
B00879,New York,NY,45-54,False
B12463,Houston,TX,25-34,False
B08168,Washington,DC,25-34,False
B16844,New York,NY,25-34,False
B17211,Birmingham,AL,35-44,True
B07220,Atlanta,GA,35-44,False
B08093,Washington,DC,35-44,False
B11414,Houston,TX,35-44,False
B09617,Philadelphia,PA,18-24,False
B17380,Los Angeles,CA,25-34,False
B17326,Houston,TX,35-44,True
B03475,Las Vegas,NV,35-44,True
B02850,Las Vegas,NV,25-34,False
B15157,Richmond,VA,55+,True
B15552,Chicago,IL,45-54,True
B14821,Austin,TX,45-54,False
B00227,New York,NY,35-44,False
B09968,Camden,NJ,25-34,False
B03940,Las Vegas,NV,25-34,False
B00906,New York,NY,18-24,True
B04522,Las Vegas,NV,18-24,True
B13936,Chicago,IL,45-54,True
B03381,Las Vegas,NV,18-24,True
B04982,Las Vegas,NV,25-34,False
B04253,Las Vegas,NV,35-44,True
B15958,Phoenix,AZ,45-54,True
B13515,Atlanta,GA,18-24,True
B14399,Newark,NJ,25-34,False
B09497,Baltimore,MD,45-54,False
B11058,Wilmington,DE,25-34,False
B03005,Unknown,NV,55+,False
B13872,San Antonio,TX,35-44,False
B04363,Las Vegas,NV,45-54,True
B03637,Las Vegas,NV,25-34,True
B17905,Washington,DC,35-44,True
B05813,Atlanta,GA,25-34,True
B16803,Wilmington,DE,45-54,True
B03166,Las Vegas,NV,35-44,False
B17963,Phoenix,AZ,25-34,True
B02062,New York,NY,55+,True
B02685,Las Vegas,NV,25-34,False
B18277,Miami,FL,35-44,False
B09656,Wilmington,DE,45-54,False
B16234,Dallas,TX,18-24,True
B15914,Wilmington,DE,25-34,True
B16485,Camden,NJ,25-34,False
B08793,Baltimore,MD,45-54,False
B09369,Washington,DC,55+,False
B16081,Las Vegas,NV,25-34,True
B12728,San Antonio,TX,25-34,True
B02566,New York,NY,45-54,False
B08083,Baltimore,MD,25-34,True
B00537,New York,NY,18-24,False
B01270,New York,NY,45-54,False
B00535,New York,NY,55+,True
B14631,Newark,NJ,25-34,True
B08678,Washington,DC,35-44,True
B12392,Austin,TX,45-54,False
B08579,Washington,DC,55+,True
B08250,Baltimore,MD,18-24,True
B13973,Philadelphia,PA,35-44,False
B01118,New York,NY,25-34,True
B05283,Atlanta,GA,55+,True
B05245,Atlanta,GA,35-44,True
B10074,Camden,NJ,18-24,False
B01734,New York,NY,25-34,True
B01683,New York,NY,35-44,True
B00427,New York,NY,35-44,True
B08456,Washington,DC,35-44,False
B14639,Atlanta,GA,55+,False
B05250,Unknown,GA,18-24,True
B00546,Unknown,NY,35-44,False
B16297,Newark,NJ,25-34,True
B17078,Los Angeles,CA,25-34,True
B02967,Las Vegas,NV,25-34,False
B00714,New York,NY,18-24,False
B17029,Miami,FL,18-24,True
B03988,Las Vegas,NV,35-44,True
B01442,New York,NY,55+,True
B08591,Washington,DC,55+,True
B14790,Atlanta,GA,55+,True
B02881,Las Vegas,NV,18-24,True
B11497,San Antonio,TX,45-54,True
B08976,Washington,DC,35-44,True
B09220,Baltimore,MD,25-34,True
B15126,Richmond,VA,35-44,False
B07001,Atlanta,GA,35-44,True
B15883,Atlanta,GA,18-24,False
B10941,Wilmington,DE,25-34,False
B17827,New York,NY,18-24,True
B13514,San Antonio,TX,35-44,True
B04877,Unknown,NV,45-54,True
B17527,Phoenix,AZ,35-44,True
B04216,Las Vegas,NV,25-34,True
B11717,Austin,TX,25-34,True
B04231,Las Vegas,NV,45-54,False
B14472,Detroit,MI,35-44,False
B16720,Los Angeles,CA,45-54,True
B17330,San Antonio,TX,35-44,False
B15774,Wilmington,DE,25-34,False
B01123,New York,NY,25-34,True
B08133,Washington,DC,35-44,False
B11013,Camden,NJ,45-54,False
B01722,New York,NY,35-44,True
B17030,Philadelphia,PA,25-34,False
B14244,Washington,DC,45-54,True
B16406,Camden,NJ,18-24,False
B13624,Washington,DC,35-44,True
B17271,Chicago,IL,35-44,True
B17398,Washington,DC,35-44,True
B15705,Las Vegas,NV,25-34,True
B10485,Philadelphia,PA,55+,False
B15083,Las Vegas,NV,25-34,True
B04988,Las Vegas,NV,55+,True
B06311,Atlanta,GA,18-24,False
B17700,Newark,NJ,18-24,True
B18284,Miami,FL,18-24,True
B07055,Atlanta,GA,18-24,True
B13855,Detroit,MI,35-44,False
B18067,Phoenix,AZ,25-34,False
B16697,San Antonio,TX,55+,True
B03837,Las Vegas,NV,35-44,False
B09924,Philadelphia,PA,25-34,True
B02901,Las Vegas,NV,25-34,True
B09684,Wilmington,DE,35-44,False
B14268,Miami,FL,25-34,True
B18143,Philadelphia,PA,25-34,False
B07283,Atlanta,GA,25-34,False
B01119,New York,NY,45-54,False
B09652,Camden,NJ,35-44,True
B15366,Philadelphia,PA,25-34,False
B11400,Wilmington,DE,25-34,True
B05305,Atlanta,GA,35-44,False
B08052,Washington,DC,25-34,True
B00486,New York,NY,35-44,False
B09165,Washington,DC,25-34,True
B00790,New York,NY,25-34,False
B13773,Houston,TX,25-34,False
B14535,Baltimore,MD,35-44,True
B17877,Austin,TX,35-44,False
B15281,Newark,NJ,18-24,True
B01288,New York,NY,18-24,True
B06240,Atlanta,GA,25-34,False
B15467,Los Angeles,CA,18-24,True
B01363,New York,NY,25-34,True
B07021,Atlanta,GA,45-54,False
B02557,New York,NY,18-24,False
B13427,Wilmington,DE,25-34,True
B03417,Unknown,NV,18-24,True
B12901,San Antonio,TX,45-54,True
B14279,New York,NY,25-34,True
B02373,New York,NY,35-44,False
B00325,New York,NY,18-24,True
B00588,New York,NY,18-24,False
B04324,Las Vegas,NV,25-34,False
B12021,Austin,TX,25-34,True
B01024,New York,NY,35-44,True
B13327,Las Vegas,NV,35-44,True
B00680,New York,NY,35-44,False
B00754,New York,NY,45-54,False
B17830,Newark,NJ,25-34,True
B00659,New York,NY,25-34,True
B09723,Camden,NJ,45-54,False
B13336,Camden,NJ,35-44,True
B05279,Atlanta,GA,18-24,True
B07829,Baltimore,MD,35-44,True
B17407,Atlanta,GA,25-34,False
B03322,Las Vegas,NV,35-44,True
B15172,Detroit,MI,25-34,True
B07681,Atlanta,GA,25-34,False
B16629,Houston,TX,35-44,True
B11540,Houston,TX,25-34,False
B02591,New York,NY,35-44,False
B16387,Las Vegas,NV,25-34,False
B04943,Las Vegas,NV,25-34,False
B13168,Austin,TX,45-54,False
B02575,New York,NY,55+,True
B11905,San Antonio,TX,45-54,True
B13302,Richmond,VA,25-34,True
B17272,Atlanta,GA,18-24,False
B14812,Las Vegas,NV,35-44,True
B09456,Washington,DC,18-24,False
B00648,New York,NY,45-54,True
B08786,Baltimore,MD,35-44,False
B01025,New York,NY,18-24,True
B17955,Miami,FL,18-24,True
B17828,Houston,TX,35-44,True
B16479,Detroit,MI,25-34,False
B13758,Los Angeles,CA,25-34,True
B10491,Philadelphia,PA,35-44,False
B12304,Austin,TX,35-44,True
B03844,Las Vegas,NV,18-24,True
B15732,Charlotte,NC,25-34,False
B12146,Houston,TX,45-54,True
B14346,Chicago,IL,45-54,True
B08767,Washington,DC,35-44,True
B11767,Austin,TX,18-24,True
B01185,New York,NY,35-44,True
B08128,Baltimore,MD,18-24,False
B09919,Camden,NJ,45-54,False
B13072,Austin,TX,25-34,False
B13492,Phoenix,AZ,35-44,True
B00907,New York,NY,25-34,False
B11000,Philadelphia,PA,18-24,False
B05400,Atlanta,GA,18-24,True
B02594,New York,NY,35-44,False
B11809,Houston,TX,35-44,True
B11482,Austin,TX,25-34,False
B14894,Dallas,TX,35-44,False
B15107,Baltimore,MD,25-34,True
B13230,Baltimore,MD,25-34,True
B11693,Austin,TX,35-44,False
B02914,Las Vegas,NV,18-24,True
B13038,Austin,TX,45-54,False
B00560,New York,NY,25-34,True
B15047,Wilmington,DE,55+,True
B14656,Richmond,VA,35-44,False
B15980,Phoenix,AZ,35-44,False
B16700,Chicago,IL,25-34,True
B17116,Phoenix,AZ,25-34,True
B04372,Las Vegas,NV,25-34,True
B09364,Baltimore,MD,45-54,False
B14092,Newark,NJ,35-44,True
B03423,Las Vegas,NV,18-24,True
B13479,Houston,TX,25-34,True
B17616,Dallas,TX,25-34,True
B00891,Unknown,NY,25-34,False
B00146,New York,NY,18-24,False
B13632,Phoenix,AZ,55+,False
B12681,San Antonio,TX,25-34,True
B02368,New York,NY,25-34,True
B00421,New York,NY,25-34,False
B00613,New York,NY,25-34,True
B13674,Detroit,MI,35-44,True
B11586,San Antonio,TX,45-54,True
B13591,New York,NY,45-54,True
B10861,Philadelphia,PA,35-44,True
B01871,New York,NY,25-34,False
B00410,New York,NY,25-34,False
B12662,Austin,TX,18-24,True
B08703,Washington,DC,35-44,True
B12330,Austin,TX,45-54,True
B14882,Los Angeles,CA,35-44,True
B01480,New York,NY,35-44,True
B11479,Houston,TX,35-44,False
B06709,Atlanta,GA,25-34,True
B18139,Phoenix,AZ,35-44,True
B05264,Atlanta,GA,18-24,True
B16963,New York,NY,25-34,True
B18396,Baltimore,MD,45-54,True
B14063,Miami,FL,25-34,False
B09895,Camden,NJ,25-34,True
B04806,Las Vegas,NV,18-24,True
B14316,Richmond,VA,45-54,True
B05797,Atlanta,GA,25-34,False
B07696,Atlanta,GA,25-34,False
B14243,Atlanta,GA,35-44,True
B10523,Wilmington,DE,35-44,False
B13557,Chicago,IL,35-44,True
B12229,Austin,TX,25-34,True
B02795,Las Vegas,NV,25-34,True
B05919,Atlanta,GA,25-34,True
B08258,Baltimore,MD,35-44,True
B16138,Richmond,VA,25-34,True
B08164,Washington,DC,35-44,False
B07757,Atlanta,GA,45-54,True
B13833,Baltimore,MD,45-54,True
B00881,New York,NY,35-44,True
B18267,Dallas,TX,45-54,True
B11706,San Antonio,TX,25-34,False
B17073,Detroit,MI,18-24,False
B00505,New York,NY,18-24,True
B15509,Atlanta,GA,45-54,True
B16612,Newark,NJ,45-54,True
B00243,New York,NY,25-34,False
B17536,New York,NY,55+,True
B15496,Detroit,MI,25-34,False
B12349,Houston,TX,18-24,False
B16105,Birmingham,AL,45-54,True
B00030,New York,NY,25-34,True
B03226,Las Vegas,NV,25-34,True
B13808,Phoenix,AZ,25-34,False
B00149,New York,NY,35-44,False
B02092,New York,NY,45-54,True
B03540,Las Vegas,NV,35-44,True
B03124,Las Vegas,NV,55+,False
B16329,Wilmington,DE,18-24,True
B12886,San Antonio,TX,25-34,False
B00262,New York,NY,35-44,True
B07426,Atlanta,GA,25-34,True
B14054,Chicago,IL,45-54,False
B17264,Camden,NJ,25-34,True
B11616,Austin,TX,18-24,False
B11752,Austin,TX,55+,True
B16544,Newark,NJ,25-34,True
B00589,New York,NY,18-24,False
B03894,Las Vegas,NV,35-44,True
B09802,Wilmington,DE,25-34,True
B00978,New York,NY,35-44,True
B04564,Las Vegas,NV,18-24,True
B01661,New York,NY,25-34,True
B00916,New York,NY,55+,False
B09943,Camden,NJ,25-34,False
B03409,Las Vegas,NV,45-54,True
B12315,Houston,TX,25-34,True
B02662,Las Vegas,NV,45-54,False
B07904,Baltimore,MD,25-34,True
B14762,Birmingham,AL,25-34,True
B11478,Houston,TX,18-24,True
B10358,Wilmington,DE,45-54,False
B11562,San Antonio,TX,45-54,False
B15530,Richmond,VA,25-34,True
B12175,Austin,TX,45-54,True
B13342,Washington,DC,55+,True
B12579,Austin,TX,25-34,True
B04905,Las Vegas,NV,25-34,True
B02954,Las Vegas,NV,35-44,False
B17473,Unknown,TX,35-44,True
B12083,Houston,TX,45-54,True
B13860,Charlotte,NC,35-44,True
B02793,Las Vegas,NV,35-44,True
B00103,New York,NY,25-34,False
B03512,Las Vegas,NV,25-34,True
B11560,Austin,TX,25-34,True
B13389,Unknown,AL,25-34,True
B01258,New York,NY,25-34,False
B04009,Las Vegas,NV,45-54,False
B09716,Wilmington,DE,45-54,False
B00531,New York,NY,35-44,False
B00024,New York,NY,25-34,False
B05443,Atlanta,GA,25-34,False
B17983,Chicago,IL,25-34,True
B09809,Philadelphia,PA,18-24,True
B12949,San Antonio,TX,18-24,False
B13344,Newark,NJ,25-34,False
B09974,Wilmington,DE,25-34,True
B14273,Charlotte,NC,45-54,False
B07053,Atlanta,GA,45-54,False
B15934,Birmingham,AL,45-54,False
B00564,New York,NY,35-44,True
B01436,New York,NY,35-44,False
B09776,Philadelphia,PA,18-24,False
B00853,New York,NY,45-54,True
B05956,Atlanta,GA,18-24,True
B13939,Charlotte,NC,25-34,False
B04599,Las Vegas,NV,18-24,True
B09783,Philadelphia,PA,55+,True
B01804,New York,NY,55+,False
B13919,Philadelphia,PA,25-34,True
B17455,Los Angeles,CA,35-44,True
B16956,Wilmington,DE,18-24,False
B13511,New York,NY,25-34,True
B00056,New York,NY,25-34,False
B02174,New York,NY,25-34,True
B13652,Los Angeles,CA,18-24,True
B02144,New York,NY,35-44,True
B00827,New York,NY,35-44,False
B16033,Newark,NJ,25-34,True
B02897,Las Vegas,NV,25-34,True
B04332,Las Vegas,NV,35-44,False
B15451,Unknown,AZ,25-34,True
B10395,Philadelphia,PA,25-34,False
B05569,Atlanta,GA,55+,True
B11617,Houston,TX,25-34,False
B09737,Camden,NJ,45-54,True
B12965,Houston,TX,35-44,True
B14046,Austin,TX,55+,False
B11017,Philadelphia,PA,35-44,False
B16375,Birmingham,AL,25-34,True
B01974,New York,NY,55+,True
B13554,Los Angeles,CA,35-44,True
B13463,Camden,NJ,25-34,True
B09196,Washington,DC,18-24,True
B14555,Dallas,TX,35-44,True
B01077,New York,NY,25-34,True
B14598,Detroit,MI,35-44,True
B14948,Camden,NJ,35-44,False
B01554,New York,NY,45-54,False
B01069,New York,NY,25-34,True
B11740,Unknown,TX,25-34,True
B14766,Miami,FL,25-34,True
B03100,Las Vegas,NV,25-34,False
B01897,New York,NY,35-44,False
B02535,New York,NY,55+,True
B18254,Atlanta,GA,25-34,True
B11634,Austin,TX,35-44,False
B02809,Las Vegas,NV,35-44,False
B04467,Las Vegas,NV,25-34,False
B01000,New York,NY,35-44,True
B13918,Detroit,MI,45-54,False
B14897,Unknown,CA,18-24,True
B10894,Philadelphia,PA,35-44,False
B15064,Philadelphia,PA,25-34,True
B03373,Las Vegas,NV,25-34,False
B15610,Newark,NJ,25-34,True
B02923,Las Vegas,NV,55+,False
B05595,Unknown,GA,45-54,True
B13478,Philadelphia,PA,45-54,True
B00671,New York,NY,45-54,True
B08388,Baltimore,MD,25-34,False
B03491,Las Vegas,NV,35-44,False
B05872,Atlanta,GA,35-44,True
B03660,Las Vegas,NV,35-44,True
B02904,Unknown,NV,25-34,True
B07805,Baltimore,MD,45-54,True
B08640,Baltimore,MD,25-34,True
B10141,Camden,NJ,18-24,False
B04124,Las Vegas,NV,25-34,True
B04611,Las Vegas,NV,25-34,False
B13503,Richmond,VA,25-34,False
B18392,Philadelphia,PA,18-24,False
B01515,New York,NY,25-34,False
B00225,New York,NY,35-44,False
B11668,San Antonio,TX,35-44,True
B09281,Washington,DC,25-34,True
B18179,Dallas,TX,35-44,False
B01750,New York,NY,25-34,False
B16476,Phoenix,AZ,18-24,True
B12108,Houston,TX,35-44,False
B17223,Las Vegas,NV,25-34,True
B16351,Los Angeles,CA,25-34,True
B13603,Wilmington,DE,18-24,True
B00037,New York,NY,55+,False
B16800,Houston,TX,35-44,False
B14920,Austin,TX,35-44,True
B02838,Las Vegas,NV,35-44,True
B10513,Philadelphia,PA,25-34,False
B12472,Unknown,TX,25-34,False
B15314,Birmingham,AL,35-44,True
B02896,Las Vegas,NV,25-34,True
B14873,New York,NY,18-24,True
B04813,Las Vegas,NV,25-34,True
B17854,Newark,NJ,25-34,True
B10261,Philadelphia,PA,25-34,True
B01714,New York,NY,55+,False
B05645,Atlanta,GA,25-34,True
B17509,Wilmington,DE,35-44,False
B03575,Las Vegas,NV,35-44,False
B17562,Wilmington,DE,55+,True
B08926,Baltimore,MD,35-44,False
B17946,Philadelphia,PA,25-34,False
B00123,New York,NY,35-44,True
B09395,Baltimore,MD,18-24,False
B14614,Wilmington,DE,35-44,False
B16710,Phoenix,AZ,35-44,False
B05825,Atlanta,GA,35-44,True
B13619,Austin,TX,18-24,False
B10857,Philadelphia,PA,25-34,True
B15173,Phoenix,AZ,25-34,False
B03873,Las Vegas,NV,18-24,False
B11933,Houston,TX,25-34,False
B12429,Austin,TX,35-44,False
B02172,New York,NY,18-24,True
B01510,New York,NY,25-34,False
B03075,Las Vegas,NV,55+,False
B08227,Baltimore,MD,35-44,True
B00553,New York,NY,18-24,True
B13493,Miami,FL,25-34,True
B02806,Las Vegas,NV,18-24,True
B08895,Washington,DC,25-34,True
B10061,Camden,NJ,18-24,True
B15678,Las Vegas,NV,45-54,True
B01731,New York,NY,35-44,True
B12594,Austin,TX,18-24,False
B13929,Houston,TX,18-24,True
B03094,Las Vegas,NV,35-44,True
B03537,Las Vegas,NV,18-24,True
B13981,Phoenix,AZ,25-34,True
B11140,Wilmington,DE,18-24,True
B00338,New York,NY,55+,True
B16846,Baltimore,MD,35-44,False
B13031,San Antonio,TX,45-54,False
B00258,New York,NY,25-34,True
B16639,Washington,DC,25-34,False
B16935,Detroit,MI,25-34,False
B08856,Baltimore,MD,25-34,False
B16082,Charlotte,NC,18-24,True
B02232,New York,NY,18-24,False
B10672,Wilmington,DE,25-34,True
B10480,Philadelphia,PA,18-24,True
B14439,Baltimore,MD,25-34,False
B08868,Baltimore,MD,35-44,True
B14116,San Antonio,TX,55+,False
B02737,Las Vegas,NV,25-34,True
B16702,Philadelphia,PA,35-44,False
B03768,Las Vegas,NV,18-24,True
B15416,Dallas,TX,18-24,True
B02761,Las Vegas,NV,18-24,False
B07247,Atlanta,GA,25-34,True
B12821,Houston,TX,45-54,True
B15153,Birmingham,AL,55+,True
B01861,New York,NY,25-34,False
B14823,Houston,TX,25-34,True
B13189,San Antonio,TX,45-54,True
B06183,Atlanta,GA,35-44,True
B16729,Detroit,MI,18-24,False
B07751,Atlanta,GA,35-44,True
B04213,Las Vegas,NV,25-34,False
B05261,Atlanta,GA,35-44,True
B14748,Phoenix,AZ,18-24,True
B14923,Wilmington,DE,35-44,False
B13413,San Antonio,TX,35-44,True
B13700,Las Vegas,NV,35-44,False
B14039,Los Angeles,CA,35-44,False
B05076,Las Vegas,NV,18-24,True
B16900,Houston,TX,25-34,True
B04784,Las Vegas,NV,45-54,False
B17354,New York,NY,25-34,False
B00490,New York,NY,35-44,True
B05053,Las Vegas,NV,55+,False
B00538,New York,NY,35-44,True
B03655,Las Vegas,NV,25-34,True
B08585,Baltimore,MD,35-44,True
B11593,Houston,TX,35-44,False
B03383,Las Vegas,NV,25-34,False
B00201,New York,NY,55+,True
B04390,Las Vegas,NV,18-24,True
B13819,Newark,NJ,18-24,False
B17289,San Antonio,TX,25-34,True
B13088,Houston,TX,18-24,True
B16928,Philadelphia,PA,35-44,True
B00756,New York,NY,45-54,False
B07817,Baltimore,MD,25-34,True
B02629,Las Vegas,NV,45-54,False
B06955,Atlanta,GA,35-44,True
B06030,Atlanta,GA,35-44,False
B01124,New York,NY,35-44,True
B03021,Las Vegas,NV,25-34,True
B13470,Charlotte,NC,35-44,True
B09875,Wilmington,DE,45-54,False
B04803,Las Vegas,NV,25-34,True
B01305,New York,NY,18-24,True
B15858,Newark,NJ,18-24,True
B10028,Wilmington,DE,25-34,True
B17588,Unknown,IL,25-34,False
B15880,Dallas,TX,35-44,False
B09254,Baltimore,MD,35-44,True
B13740,San Antonio,TX,25-34,True
B06589,Atlanta,GA,35-44,True
B15150,New York,NY,18-24,True
B14474,Atlanta,GA,25-34,True
B03757,Las Vegas,NV,35-44,False
B05555,Atlanta,GA,25-34,True
B06654,Atlanta,GA,25-34,True
B07385,Atlanta,GA,25-34,True
B12499,Austin,TX,55+,False
B02714,Las Vegas,NV,25-34,True
B14182,Dallas,TX,55+,True
B16598,Philadelphia,PA,55+,False
B07973,Baltimore,MD,45-54,False
B05389,Atlanta,GA,25-34,False
B13039,Austin,TX,25-34,False
B18237,Los Angeles,CA,25-34,True
B07873,Baltimore,MD,25-34,False
B15447,Philadelphia,PA,45-54,False
B15765,Richmond,VA,55+,True
B07401,Atlanta,GA,35-44,True
B02338,New York,NY,35-44,True
B12403,Houston,TX,45-54,False
B18259,Richmond,VA,35-44,False
B14172,New York,NY,35-44,True
B05173,Las Vegas,NV,35-44,True
B01388,New York,NY,35-44,False
B16522,Austin,TX,35-44,True
B17071,Las Vegas,NV,18-24,True
B07978,Baltimore,MD,55+,False
B03729,Las Vegas,NV,25-34,False
B05027,Las Vegas,NV,35-44,True
B12128,San Antonio,TX,35-44,True
B08023,Baltimore,MD,35-44,True
B11649,Austin,TX,35-44,True
B12407,Austin,TX,25-34,True
B04622,Las Vegas,NV,25-34,False
B00513,New York,NY,25-34,False
B12459,San Antonio,TX,35-44,False
B15480,Philadelphia,PA,25-34,True
B15926,Detroit,MI,18-24,True
B14291,Houston,TX,45-54,False
B07924,Washington,DC,35-44,True
B15555,Phoenix,AZ,45-54,True
B11660,Austin,TX,25-34,True
B08256,Washington,DC,18-24,False
B08839,Washington,DC,55+,False
B13892,Camden,NJ,25-34,False
B01171,New York,NY,35-44,False
B02481,Unknown,NY,18-24,True
B07205,Atlanta,GA,25-34,True
B08420,Baltimore,MD,35-44,False
B13416,Newark,NJ,25-34,True
B11461,Houston,TX,18-24,True
B11758,San Antonio,TX,25-34,False
B09019,Washington,DC,25-34,True
B07176,Atlanta,GA,35-44,False
B05255,Atlanta,GA,35-44,False
B16533,Phoenix,AZ,35-44,True
B12851,Austin,TX,18-24,False
B05210,Atlanta,GA,25-34,True
B12707,San Antonio,TX,18-24,True
B13455,Los Angeles,CA,25-34,False
B02196,New York,NY,45-54,False
B10014,Camden,NJ,55+,True
B10166,Wilmington,DE,25-34,True
B12119,Austin,TX,45-54,True
B15267,Birmingham,AL,35-44,True
B13271,Dallas,TX,25-34,True
B10428,Camden,NJ,45-54,True
B15268,Miami,FL,25-34,True
B09371,Washington,DC,25-34,True
B05851,Atlanta,GA,35-44,True
B03639,Las Vegas,NV,25-34,True
B12711,San Antonio,TX,35-44,False
B03292,Las Vegas,NV,25-34,False
B13490,Washington,DC,25-34,True
B09123,Baltimore,MD,45-54,True
B16966,Phoenix,AZ,45-54,False
B15353,San Antonio,TX,35-44,True
B09720,Wilmington,DE,18-24,True
B14454,Birmingham,AL,35-44,False
B17293,Newark,NJ,25-34,False
B00712,New York,NY,45-54,True
B06245,Atlanta,GA,35-44,False
B17631,Chicago,IL,35-44,True
B13805,Atlanta,GA,55+,False
B15964,Wilmington,DE,45-54,True
B01424,New York,NY,25-34,False
B04101,Las Vegas,NV,55+,True
B13293,Houston,TX,55+,False
B13824,Wilmington,DE,45-54,False
B10077,Philadelphia,PA,25-34,True
B07424,Atlanta,GA,35-44,False
B06660,Atlanta,GA,18-24,False
B00473,New York,NY,18-24,True
B03026,Las Vegas,NV,25-34,False
B12981,San Antonio,TX,55+,True
B05311,Atlanta,GA,18-24,True
B09745,Wilmington,DE,35-44,True
B16432,Las Vegas,NV,45-54,False
B11041,Philadelphia,PA,18-24,False
B10314,Unknown,NJ,45-54,True
B01477,New York,NY,45-54,True
B00463,New York,NY,45-54,False
B00079,New York,NY,25-34,False
B16060,Dallas,TX,25-34,False
B03463,Las Vegas,NV,35-44,False
B10819,Philadelphia,PA,55+,False
B15927,Las Vegas,NV,25-34,True
B16208,Austin,TX,25-34,False
B00154,New York,NY,25-34,False
B13752,Miami,FL,25-34,True
B14449,Phoenix,AZ,35-44,True
B05684,Atlanta,GA,25-34,False
B12066,Houston,TX,35-44,False
B00698,New York,NY,55+,False
B02349,New York,NY,45-54,False
B06137,Atlanta,GA,35-44,False
B16370,Phoenix,AZ,35-44,False
B16707,Birmingham,AL,45-54,True
B02312,New York,NY,18-24,False
B05411,Atlanta,GA,25-34,True
B04459,Las Vegas,NV,55+,True
B14011,Miami,FL,25-34,True
B11903,Austin,TX,25-34,False
B01713,New York,NY,55+,False
B12247,Houston,TX,25-34,False
B07918,Washington,DC,45-54,True
B04707,Las Vegas,NV,25-34,False
B00396,New York,NY,18-24,False
B01097,New York,NY,35-44,True
B07267,Atlanta,GA,35-44,True
B06304,Atlanta,GA,35-44,False
B11569,Houston,TX,35-44,True
B13947,Charlotte,NC,55+,True
B01718,New York,NY,18-24,True
B05768,Atlanta,GA,18-24,False
B12541,San Antonio,TX,35-44,True
B04581,Las Vegas,NV,35-44,True
B16739,San Antonio,TX,18-24,True
B01815,New York,NY,25-34,True
B11104,Wilmington,DE,25-34,True
B17249,Unknown,PA,45-54,False
B18016,Miami,FL,25-34,True
B00835,New York,NY,25-34,True
B15001,Detroit,MI,25-34,True
B02093,New York,NY,45-54,True
B10031,Camden,NJ,25-34,True
B06080,Atlanta,GA,18-24,True
B09730,Philadelphia,PA,55+,True
B00415,New York,NY,45-54,True
B15115,Philadelphia,PA,18-24,True
B06060,Atlanta,GA,25-34,False
B17453,Chicago,IL,18-24,True
B12346,San Antonio,TX,25-34,True
B03425,Las Vegas,NV,45-54,True
B17604,New York,NY,35-44,True
B02715,Las Vegas,NV,18-24,False
B03461,Las Vegas,NV,45-54,True
B01062,New York,NY,45-54,False
B15872,Richmond,VA,25-34,True
B16957,New York,NY,55+,False
B06179,Atlanta,GA,35-44,True
B01459,New York,NY,35-44,True
B09957,Philadelphia,PA,35-44,True
B08135,Washington,DC,45-54,False
B05444,Atlanta,GA,35-44,True
B01333,New York,NY,25-34,False
B11014,Camden,NJ,25-34,False
B17101,Phoenix,AZ,45-54,True
B00397,New York,NY,18-24,True
B05262,Atlanta,GA,35-44,True
B01916,New York,NY,25-34,False
B15054,Houston,TX,35-44,True
B03469,Las Vegas,NV,35-44,True
B13702,Baltimore,MD,55+,True
B11848,San Antonio,TX,45-54,False
B17038,Austin,TX,25-34,True
B00819,New York,NY,18-24,False
B15542,Charlotte,NC,25-34,False
B14100,Los Angeles,CA,25-34,True
B00534,New York,NY,35-44,True
B11701,San Antonio,TX,45-54,True
B11827,Houston,TX,35-44,True
B03570,Unknown,NV,18-24,True
B09624,Philadelphia,PA,25-34,True
B09816,Wilmington,DE,25-34,True
B07871,Washington,DC,25-34,True
B15441,Birmingham,AL,45-54,True
B15218,Los Angeles,CA,18-24,True
B16372,Dallas,TX,25-34,False
B14197,Los Angeles,CA,25-34,True
B14085,Atlanta,GA,25-34,True
B06970,Atlanta,GA,45-54,True
B15548,Unknown,VA,45-54,True
B16898,Miami,FL,25-34,True
B08763,Washington,DC,18-24,False
B17947,Los Angeles,CA,35-44,True
B16845,Philadelphia,PA,45-54,True
B08447,Washington,DC,18-24,True
B00002,New York,NY,18-24,False
B06773,Atlanta,GA,25-34,False
B13877,Chicago,IL,35-44,False
B02126,New York,NY,45-54,False
B02754,Las Vegas,NV,45-54,True
B02150,New York,NY,35-44,True
B14087,Richmond,VA,55+,True
B07464,Atlanta,GA,45-54,True
B15977,Birmingham,AL,25-34,False
B01040,New York,NY,18-24,True
B03034,Las Vegas,NV,35-44,True
B07974,Washington,DC,45-54,False
B18125,Detroit,MI,45-54,True
B16940,Miami,FL,25-34,False
B17262,Philadelphia,PA,35-44,False
B03056,Las Vegas,NV,35-44,True
B13380,Detroit,MI,25-34,True
B01844,New York,NY,45-54,True
B13899,Las Vegas,NV,25-34,False
B17836,Birmingham,AL,55+,True
B16767,Houston,TX,25-34,False
B16701,Austin,TX,18-24,False
B07095,Atlanta,GA,35-44,True
B12790,San Antonio,TX,18-24,True
B01365,New York,NY,35-44,True
B05560,Atlanta,GA,25-34,True
B11481,Houston,TX,35-44,True
B08344,Unknown,DC,25-34,True
B17424,Los Angeles,CA,35-44,False
B06748,Atlanta,GA,45-54,False
B06719,Atlanta,GA,25-34,True
B13001,San Antonio,TX,25-34,False
B13719,Unknown,TX,18-24,False
B13622,Miami,FL,35-44,False
B03051,Las Vegas,NV,45-54,True
B13295,Los Angeles,CA,55+,True
B06139,Atlanta,GA,35-44,True
B00359,New York,NY,45-54,True
B14034,Atlanta,GA,18-24,True
B13626,Wilmington,DE,35-44,True
B00880,New York,NY,35-44,False
B16938,Baltimore,MD,25-34,True
B14130,New York,NY,45-54,True
B04214,Las Vegas,NV,45-54,False
B00204,New York,NY,35-44,False
B03012,Las Vegas,NV,35-44,False
B00471,New York,NY,35-44,True
B05352,Atlanta,GA,45-54,False
B01745,New York,NY,35-44,True
B00565,New York,NY,55+,False
B16282,Miami,FL,45-54,True
B07862,Washington,DC,18-24,True
B06414,Atlanta,GA,25-34,True
B14960,Richmond,VA,25-34,False
B01668,New York,NY,18-24,False
B03480,Las Vegas,NV,55+,True
B13043,San Antonio,TX,35-44,True
B05926,Atlanta,GA,55+,True
B16550,Atlanta,GA,25-34,True
B04640,Las Vegas,NV,25-34,True
B15274,San Antonio,TX,25-34,True
B06046,Atlanta,GA,25-34,True
B07945,Washington,DC,25-34,False
B07624,Atlanta,GA,18-24,False
B03137,Las Vegas,NV,35-44,True
B17516,Miami,FL,25-34,True
B00048,New York,NY,25-34,True
B09912,Camden,NJ,18-24,True
B16276,Phoenix,AZ,18-24,False
B02416,New York,NY,35-44,True
B01691,New York,NY,25-34,False
B14543,Miami,FL,25-34,True
B05285,Atlanta,GA,25-34,True
B17225,Richmond,VA,35-44,False
B13731,Detroit,MI,25-34,True
B00220,New York,NY,35-44,True
B13000,Houston,TX,35-44,True
B00450,New York,NY,25-34,False
B05596,Atlanta,GA,18-24,True
B11904,San Antonio,TX,35-44,True
B15164,Wilmington,DE,25-34,True
B05542,Atlanta,GA,25-34,True
B14513,Dallas,TX,35-44,False
B10414,Wilmington,DE,45-54,False
B15632,Los Angeles,CA,25-34,False
B14594,Washington,DC,45-54,False
B06567,Atlanta,GA,45-54,False
B18158,Philadelphia,PA,18-24,True
B12049,Houston,TX,55+,False
B10157,Wilmington,DE,45-54,True
B09795,Camden,NJ,25-34,False
B00170,New York,NY,25-34,False
B07810,Washington,DC,25-34,False
B16481,Dallas,TX,35-44,False
B13291,Washington,DC,25-34,True
B12640,San Antonio,TX,35-44,True
B14296,New York,NY,18-24,False
B04013,Las Vegas,NV,45-54,True
B03444,Las Vegas,NV,35-44,False
B16296,Los Angeles,CA,25-34,True
B12340,San Antonio,TX,25-34,True
B14860,Baltimore,MD,25-34,True
B14420,Los Angeles,CA,25-34,True
B17284,San Antonio,TX,25-34,True
B15786,Detroit,MI,45-54,True
B09590,Baltimore,MD,25-34,False
B14498,Camden,NJ,45-54,True
B12135,San Antonio,TX,35-44,True
B14433,Washington,DC,25-34,False
B13572,Miami,FL,18-24,True
B00141,New York,NY,25-34,True
B00310,New York,NY,45-54,True
B05522,Atlanta,GA,35-44,True
B04243,Las Vegas,NV,25-34,False
B06092,Atlanta,GA,35-44,False
B08247,Baltimore,MD,25-34,False
B04716,Las Vegas,NV,18-24,False
B04018,Las Vegas,NV,45-54,False
B04632,Las Vegas,NV,25-34,False
B15391,Phoenix,AZ,45-54,False
B07091,Atlanta,GA,35-44,False
B07607,Atlanta,GA,55+,True
B01736,New York,NY,25-34,False
B01005,New York,NY,25-34,False
B11413,Austin,TX,25-34,False
B11271,Camden,NJ,35-44,True
B07883,Baltimore,MD,45-54,False
B05588,Atlanta,GA,35-44,False
B17361,Atlanta,GA,35-44,True
B12553,Austin,TX,25-34,False
B16894,San Antonio,TX,45-54,True
B06603,Atlanta,GA,25-34,True
B07819,Baltimore,MD,18-24,True
B13737,Austin,TX,35-44,True
B05080,Las Vegas,NV,18-24,False
B12528,Houston,TX,35-44,False
B08287,Washington,DC,18-24,True
B10951,Camden,NJ,25-34,True
B06117,Atlanta,GA,18-24,True
B16897,Philadelphia,PA,55+,True
B14817,Camden,NJ,18-24,True
B15519,Austin,TX,45-54,False
B14854,Charlotte,NC,25-34,False
B17207,Miami,FL,25-34,True
B07809,Washington,DC,25-34,True
B18076,Atlanta,GA,35-44,True
B18221,Phoenix,AZ,25-34,False
B17238,New York,NY,35-44,False
B06791,Atlanta,GA,25-34,False
B02539,New York,NY,25-34,False
B15939,Birmingham,AL,25-34,True
B13994,Dallas,TX,45-54,True
B05277,Atlanta,GA,45-54,False
B14935,Miami,FL,45-54,True
B17467,Chicago,IL,25-34,True
B10866,Camden,NJ,35-44,True
B17215,Newark,NJ,18-24,False
B09647,Camden,NJ,25-34,False
B13411,Los Angeles,CA,25-34,False
B17295,Atlanta,GA,35-44,True
B01520,New York,NY,55+,True
B00516,New York,NY,35-44,True
B06407,Atlanta,GA,35-44,True
B13795,New York,NY,18-24,True
B14356,Phoenix,AZ,35-44,True
B01870,New York,NY,35-44,True
B04082,Las Vegas,NV,18-24,False
B14888,Detroit,MI,35-44,False
B12025,San Antonio,TX,25-34,False
B06163,Atlanta,GA,25-34,True
B07215,Atlanta,GA,25-34,True
B14839,Atlanta,GA,25-34,True
B00632,New York,NY,45-54,False
B02708,Las Vegas,NV,18-24,False
B03998,Las Vegas,NV,35-44,False
B05438,Atlanta,GA,25-34,False
B12214,Houston,TX,45-54,False
B11743,Austin,TX,25-34,True
B05351,Atlanta,GA,45-54,False
B03144,Las Vegas,NV,35-44,True
B09044,Baltimore,MD,18-24,True
B00573,New York,NY,45-54,False
B00395,New York,NY,18-24,True
B15553,San Antonio,TX,25-34,True
B12714,Austin,TX,35-44,True
B00929,New York,NY,35-44,False
B00796,New York,NY,35-44,False
B13584,Charlotte,NC,25-34,True
B10327,Philadelphia,PA,55+,True
B14421,Wilmington,DE,55+,True
B12818,San Antonio,TX,35-44,True
B05436,Atlanta,GA,25-34,True
B15889,Detroit,MI,35-44,True
B10472,Camden,NJ,35-44,True
B05921,Atlanta,GA,45-54,True
B06712,Atlanta,GA,25-34,True
B16368,Unknown,TX,25-34,False
B06904,Atlanta,GA,55+,False
B03355,Las Vegas,NV,55+,True
B07827,Washington,DC,25-34,False
B07803,Baltimore,MD,35-44,True
B16418,San Antonio,TX,35-44,True
B13245,Birmingham,AL,25-34,True
B11428,San Antonio,TX,45-54,True
B13100,Austin,TX,35-44,True
B02504,New York,NY,35-44,True
B03326,Las Vegas,NV,55+,True
B17768,Newark,NJ,35-44,True
B08412,Baltimore,MD,25-34,True
B17164,Miami,FL,25-34,False
B13219,Richmond,VA,25-34,True
B00085,New York,NY,35-44,True
B11545,Austin,TX,25-34,True
B00117,New York,NY,45-54,True
B17197,Las Vegas,NV,45-54,False
B00126,New York,NY,25-34,True
B17671,Baltimore,MD,25-34,False
B16294,Newark,NJ,45-54,True
B16090,Charlotte,NC,25-34,False
B00015,New York,NY,25-34,True
B06581,Atlanta,GA,45-54,False
B01971,New York,NY,25-34,True
B04434,Las Vegas,NV,18-24,False
B17241,Houston,TX,35-44,True
B06803,Atlanta,GA,25-34,False
B05647,Atlanta,GA,55+,True
B14715,Los Angeles,CA,18-24,True
B11099,Camden,NJ,35-44,True
B00081,New York,NY,35-44,False
B11339,Philadelphia,PA,18-24,True
B07980,Washington,DC,35-44,False
B02687,Las Vegas,NV,35-44,True
B03168,Las Vegas,NV,35-44,True
B00876,New York,NY,18-24,False
B01336,New York,NY,35-44,True
B17780,Phoenix,AZ,45-54,False
B01404,New York,NY,25-34,True
B17307,Newark,NJ,35-44,True
B02792,Las Vegas,NV,35-44,False
B14758,Birmingham,AL,35-44,True
B14811,Miami,FL,25-34,True
B11705,Austin,TX,35-44,True
B00178,New York,NY,25-34,True
B10631,Philadelphia,PA,45-54,True
B13292,Austin,TX,45-54,True
B01503,New York,NY,35-44,True
B04771,Las Vegas,NV,25-34,True
B04279,Las Vegas,NV,18-24,False
B12969,San Antonio,TX,25-34,True
B14082,Miami,FL,25-34,True
B15321,Baltimore,MD,45-54,True
B12277,Austin,TX,55+,False
B00334,New York,NY,18-24,True
B04277,Las Vegas,NV,35-44,True
B10805,Wilmington,DE,18-24,True
B16875,New York,NY,25-34,False
B08956,Washington,DC,35-44,True
B14110,Newark,NJ,45-54,False
B02112,New York,NY,25-34,True
B06339,Atlanta,GA,18-24,True
B08929,Washington,DC,25-34,False
B00213,New York,NY,25-34,False
B03205,Las Vegas,NV,35-44,False
B07847,Washington,DC,25-34,True
B10499,Camden,NJ,25-34,True
B07886,Baltimore,MD,45-54,False
B17396,Phoenix,AZ,25-34,False
B04060,Las Vegas,NV,25-34,True
B13986,Houston,TX,35-44,False
B07475,Atlanta,GA,18-24,True
B11326,Camden,NJ,25-34,False
B16532,New York,NY,45-54,False
B07589,Atlanta,GA,18-24,True
B11773,Austin,TX,25-34,True
B17542,New York,NY,18-24,False
B02678,Las Vegas,NV,35-44,False
B02115,New York,NY,45-54,True
B13425,Houston,TX,45-54,True
B02690,Las Vegas,NV,55+,True
B15350,Detroit,MI,35-44,True
B11921,San Antonio,TX,25-34,True
B13363,Wilmington,DE,18-24,True
B17722,Philadelphia,PA,25-34,True
B17745,Miami,FL,18-24,False
B16824,Miami,FL,25-34,True
B12769,Austin,TX,18-24,True
B00651,New York,NY,18-24,False
B11938,Austin,TX,25-34,True
B13982,Philadelphia,PA,25-34,True
B13588,San Antonio,TX,18-24,False
B05115,Las Vegas,NV,35-44,False
B05078,Las Vegas,NV,35-44,False
B14141,Camden,NJ,18-24,True
B13580,Camden,NJ,35-44,True
B02276,New York,NY,25-34,True
B14055,Philadelphia,PA,25-34,False
B06367,Atlanta,GA,35-44,True
B03745,Las Vegas,NV,25-34,True
B02472,New York,NY,25-34,False
B12506,Austin,TX,35-44,True
B05425,Atlanta,GA,18-24,False
B11847,San Antonio,TX,45-54,False
B11883,Houston,TX,18-24,False
B02446,Unknown,NY,55+,False
B01658,New York,NY,18-24,True
B16224,Unknown,CA,45-54,False
B15820,Houston,TX,18-24,True
B04007,Las Vegas,NV,25-34,False
B13866,Richmond,VA,45-54,True
B10380,Camden,NJ,25-34,True
B05290,Atlanta,GA,45-54,True
B11611,San Antonio,TX,25-34,True
B01698,New York,NY,25-34,True
B05726,Atlanta,GA,18-24,True
B13418,Richmond,VA,35-44,True
B16464,Miami,FL,25-34,True
B06024,Atlanta,GA,35-44,True
B08442,Baltimore,MD,35-44,False
B00457,New York,NY,25-34,False
B12204,Austin,TX,55+,True
B15844,Birmingham,AL,35-44,True
B15856,Washington,DC,18-24,True
B02614,Las Vegas,NV,35-44,True
B04652,Las Vegas,NV,25-34,False
B05447,Atlanta,GA,35-44,True
B03599,Las Vegas,NV,35-44,True
B01858,New York,NY,18-24,False
B18091,New York,NY,55+,False
B15380,New York,NY,45-54,False
B09411,Baltimore,MD,18-24,False
B05853,Atlanta,GA,25-34,True
B04141,Las Vegas,NV,45-54,False
B00489,New York,NY,35-44,True
B15912,Phoenix,AZ,25-34,True
B13328,Phoenix,AZ,35-44,True
B01995,New York,NY,45-54,True
B12592,Houston,TX,35-44,False
B07225,Atlanta,GA,18-24,True
B11637,San Antonio,TX,25-34,False
B11211,Wilmington,DE,35-44,True
B17694,Houston,TX,35-44,True
B15214,San Antonio,TX,25-34,False
B03129,Las Vegas,NV,25-34,False
B13313,Atlanta,GA,18-24,True
B00113,New York,NY,55+,True
B11972,Houston,TX,18-24,False
B12625,Houston,TX,25-34,True
B14190,Miami,FL,35-44,True
B15087,Baltimore,MD,55+,True
B17044,Phoenix,AZ,25-34,True
B14804,Los Angeles,CA,55+,True
B01935,New York,NY,18-24,True
B01883,New York,NY,35-44,True
B17935,Birmingham,AL,18-24,True
B00828,New York,NY,25-34,True
B14563,Detroit,MI,35-44,True
B15339,Camden,NJ,25-34,False
B03574,Las Vegas,NV,25-34,True
B17619,Newark,NJ,55+,False
B04306,Las Vegas,NV,25-34,False
B13863,Phoenix,AZ,25-34,False
B15622,Washington,DC,35-44,False
B09862,Camden,NJ,25-34,False
B06010,Atlanta,GA,35-44,True
B08201,Washington,DC,25-34,False
B14633,Washington,DC,45-54,False
B00577,New York,NY,25-34,True
B10740,Philadelphia,PA,45-54,True
B15433,Birmingham,AL,25-34,True
B00683,New York,NY,35-44,True
B02157,New York,NY,35-44,True
B15526,Las Vegas,NV,35-44,True
B04836,Unknown,NV,35-44,True
B17184,Atlanta,GA,45-54,False
B14086,Las Vegas,NV,18-24,True
B07340,Atlanta,GA,25-34,False
B06366,Atlanta,GA,35-44,False
B13641,Detroit,MI,35-44,True
B10160,Philadelphia,PA,35-44,False
B10436,Wilmington,DE,25-34,True
B02807,Las Vegas,NV,25-34,True
B12444,San Antonio,TX,25-34,False
B12923,Austin,TX,25-34,False
B15546,Los Angeles,CA,25-34,True
B14707,Richmond,VA,25-34,False
B16552,Los Angeles,CA,25-34,True
B09178,Washington,DC,18-24,False
B07966,Washington,DC,35-44,True
B16511,Charlotte,NC,25-34,True
B08624,Baltimore,MD,25-34,True
B12494,Houston,TX,25-34,True
B16017,Birmingham,AL,18-24,False
B14088,Richmond,VA,18-24,False
B09615,Camden,NJ,25-34,False
B16512,Washington,DC,35-44,True
B00657,New York,NY,25-34,True
B03108,Las Vegas,NV,45-54,False
B10085,Wilmington,DE,25-34,True
B00019,New York,NY,35-44,False
B04239,Las Vegas,NV,25-34,True
B15383,New York,NY,18-24,False
B17711,Dallas,TX,25-34,False
B11507,Austin,TX,35-44,True
B13865,Washington,DC,25-34,False
B09689,Wilmington,DE,35-44,False
B04453,Las Vegas,NV,45-54,True
B01732,New York,NY,45-54,True
B01355,New York,NY,45-54,True
B02791,Las Vegas,NV,25-34,False
B04720,Las Vegas,NV,35-44,False
B08779,Washington,DC,35-44,False
B04561,Las Vegas,NV,18-24,False
B02682,Las Vegas,NV,25-34,True
B14245,Miami,FL,18-24,True
B01376,New York,NY,25-34,True
B00846,New York,NY,55+,False
B11608,Houston,TX,45-54,True
B04871,Las Vegas,NV,35-44,True
B16128,Newark,NJ,45-54,False
B01469,New York,NY,18-24,False
B10154,Philadelphia,PA,45-54,False
B00165,New York,NY,35-44,False
B14791,Wilmington,DE,25-34,False
B02671,Las Vegas,NV,35-44,True
B17456,Philadelphia,PA,25-34,True
B02672,Las Vegas,NV,18-24,True
B16440,Newark,NJ,18-24,True
B00454,New York,NY,55+,False
B03885,Las Vegas,NV,55+,False
B08117,Washington,DC,35-44,False
B01648,New York,NY,18-24,True
B00559,New York,NY,18-24,False
B17448,Atlanta,GA,45-54,True
B07496,Atlanta,GA,18-24,True
B13032,Austin,TX,35-44,True
B08154,Washington,DC,18-24,True
B16429,Birmingham,AL,35-44,True
B17728,Atlanta,GA,18-24,False
B08020,Baltimore,MD,35-44,False
B13185,Houston,TX,45-54,False
B02141,New York,NY,55+,False
B14337,Detroit,MI,35-44,True
B08488,Washington,DC,25-34,False
B08307,Baltimore,MD,18-24,True
B00727,New York,NY,55+,True
B10182,Wilmington,DE,45-54,True
B04362,Las Vegas,NV,18-24,False
B09453,Washington,DC,25-34,True
B14467,Los Angeles,CA,45-54,False
B18349,Philadelphia,PA,18-24,True
B08249,Washington,DC,35-44,False
B13555,San Antonio,TX,45-54,True
B12639,San Antonio,TX,25-34,False
B13278,Birmingham,AL,55+,True
B00932,New York,NY,25-34,True
B13689,Miami,FL,35-44,False
B08120,Baltimore,MD,35-44,True
B04331,Las Vegas,NV,35-44,True
B09184,Washington,DC,35-44,True
B14664,New York,NY,25-34,False
B04680,Las Vegas,NV,18-24,False
B08662,Baltimore,MD,35-44,True
B02816,Las Vegas,NV,18-24,True
B12846,San Antonio,TX,18-24,True
B01660,New York,NY,35-44,True
B04110,Las Vegas,NV,25-34,False
B00512,New York,NY,35-44,True
B00584,New York,NY,25-34,False
B02483,New York,NY,55+,True
B07154,Atlanta,GA,18-24,True
B05529,Atlanta,GA,45-54,True
B08794,Baltimore,MD,55+,False
B06328,Atlanta,GA,35-44,False
B15904,Richmond,VA,25-34,True
B09712,Unknown,NJ,18-24,False
B18078,Philadelphia,PA,35-44,False
B16047,Los Angeles,CA,25-34,True
B15738,Atlanta,GA,45-54,False
B05629,Atlanta,GA,25-34,True
B09201,Baltimore,MD,45-54,True
B00434,New York,NY,35-44,True
B07989,Washington,DC,45-54,False
B13653,Birmingham,AL,18-24,False
B00420,New York,NY,45-54,True
B05313,Atlanta,GA,25-34,False
B11936,Austin,TX,35-44,True
B12206,Austin,TX,25-34,False
B11996,Unknown,TX,25-34,False
B05237,Atlanta,GA,25-34,True
B01864,New York,NY,25-34,True
B05567,Atlanta,GA,45-54,True
B03386,Las Vegas,NV,55+,False
B11016,Wilmington,DE,35-44,True
B14015,Wilmington,DE,55+,False
B17079,Charlotte,NC,35-44,True
B01892,New York,NY,55+,True
B00514,New York,NY,25-34,True
B05672,Atlanta,GA,35-44,True
B14432,Las Vegas,NV,18-24,True
B15790,Philadelphia,PA,35-44,False
B02890,Las Vegas,NV,45-54,True
B16804,Phoenix,AZ,18-24,False
B07919,Unknown,DC,25-34,True
B11729,Austin,TX,18-24,False
B01140,New York,NY,55+,True
B10821,Camden,NJ,35-44,True
B07979,Washington,DC,18-24,False
B11518,San Antonio,TX,35-44,False
B00269,New York,NY,35-44,False
B16980,Los Angeles,CA,25-34,False
B13668,Wilmington,DE,35-44,True
B08032,Baltimore,MD,35-44,False
B14347,Miami,FL,35-44,True
B05174,Las Vegas,NV,35-44,False
B07781,Atlanta,GA,35-44,True
B09692,Camden,NJ,45-54,False
B06313,Atlanta,GA,25-34,False
B15651,Baltimore,MD,25-34,True
B12752,Austin,TX,35-44,False
B15036,Charlotte,NC,35-44,False
B16916,Austin,TX,55+,True
B04003,Las Vegas,NV,35-44,False
B11026,Wilmington,DE,18-24,True
B15737,Los Angeles,CA,25-34,False
B02611,Las Vegas,NV,25-34,True
B00921,New York,NY,25-34,True
B03079,Las Vegas,NV,25-34,False
B00377,New York,NY,45-54,True
B01287,New York,NY,35-44,True
B03477,Las Vegas,NV,35-44,False
B12008,Austin,TX,35-44,False
B05281,Atlanta,GA,35-44,True
B09213,Baltimore,MD,25-34,True
B09506,Baltimore,MD,35-44,False
B03177,Las Vegas,NV,25-34,True
B16562,Washington,DC,25-34,True
B01759,New York,NY,35-44,False
B15693,Washington,DC,25-34,True
B09781,Wilmington,DE,25-34,True
B07271,Atlanta,GA,25-34,True
B13264,Wilmington,DE,25-34,False
B04770,Las Vegas,NV,45-54,True
B13488,Washington,DC,18-24,False
B08284,Washington,DC,45-54,True
B02423,New York,NY,25-34,True
B04584,Las Vegas,NV,45-54,True
B09045,Baltimore,MD,18-24,True
B11823,Houston,TX,25-34,True
B05795,Atlanta,GA,45-54,True
B00678,New York,NY,35-44,True
B06546,Atlanta,GA,25-34,True
B08556,Baltimore,MD,35-44,False
B16405,Los Angeles,CA,25-34,False
B03252,Las Vegas,NV,18-24,True
B13224,Washington,DC,35-44,True
B02408,New York,NY,25-34,True
B15065,Richmond,VA,35-44,True
B14847,Wilmington,DE,25-34,False
B09931,Wilmington,DE,18-24,False
B00930,New York,NY,35-44,False
B14254,Charlotte,NC,25-34,False
B03165,Las Vegas,NV,25-34,True
B06073,Atlanta,GA,18-24,True
B14646,Los Angeles,CA,25-34,True
B11070,Philadelphia,PA,25-34,False
B06735,Atlanta,GA,35-44,True
B12045,San Antonio,TX,55+,True
B10192,Philadelphia,PA,55+,False
B00902,Unknown,NY,25-34,False
B03932,Las Vegas,NV,25-34,True
B16791,Atlanta,GA,25-34,False
B05980,Atlanta,GA,18-24,True
B15401,Newark,NJ,18-24,False
B05050,Las Vegas,NV,35-44,True
B01289,New York,NY,35-44,True
B04938,Las Vegas,NV,25-34,True
B08647,Washington,DC,25-34,True
B00935,New York,NY,35-44,False
B17074,Newark,NJ,18-24,False
B07390,Atlanta,GA,45-54,False
B10419,Philadelphia,PA,45-54,False
B14052,Wilmington,DE,35-44,True
B14892,Unknown,AL,35-44,True
B00297,New York,NY,35-44,True
B05039,Las Vegas,NV,25-34,True
B09361,Baltimore,MD,45-54,False
B06655,Atlanta,GA,25-34,True
B18093,Richmond,VA,18-24,True
B16840,New York,NY,35-44,False
B13886,Charlotte,NC,35-44,True
B05406,Atlanta,GA,45-54,True
B16823,Richmond,VA,45-54,False
B06609,Atlanta,GA,35-44,False
B05193,Las Vegas,NV,18-24,True
B15190,Dallas,TX,55+,False
B03291,Las Vegas,NV,25-34,True
B01749,New York,NY,25-34,True
B09641,Camden,NJ,18-24,False
B17112,Houston,TX,18-24,False
B16581,Atlanta,GA,18-24,True
B12351,San Antonio,TX,35-44,True
B15412,Wilmington,DE,45-54,True
B18131,Philadelphia,PA,45-54,False
B05453,Atlanta,GA,35-44,True
B10101,Philadelphia,PA,25-34,True
B02586,New York,NY,25-34,False
B13381,Birmingham,AL,18-24,True
B18209,Wilmington,DE,25-34,False
B02679,Las Vegas,NV,25-34,True
B12841,Houston,TX,45-54,True
B16113,Dallas,TX,35-44,True
B02608,Las Vegas,NV,18-24,True
B05502,Atlanta,GA,35-44,False
B10616,Camden,NJ,35-44,True
B18056,Newark,NJ,18-24,False
B17799,Houston,TX,35-44,False
B06796,Atlanta,GA,45-54,True
B14143,San Antonio,TX,25-34,False
B02447,New York,NY,45-54,False
B00812,New York,NY,25-34,False
B12773,San Antonio,TX,45-54,True
B05616,Atlanta,GA,55+,False
B12478,San Antonio,TX,35-44,False
B09040,Washington,DC,25-34,True
B16307,Miami,FL,45-54,True
B16538,Philadelphia,PA,18-24,False
B00132,New York,NY,45-54,True
B11490,Austin,TX,35-44,False
B08820,Washington,DC,18-24,False
B01193,New York,NY,25-34,True
B14281,Miami,FL,25-34,True
B13258,Washington,DC,45-54,True
B00007,New York,NY,35-44,False
B12087,Austin,TX,45-54,False
B16889,San Antonio,TX,55+,False
B15666,Richmond,VA,55+,True
B00627,New York,NY,25-34,True
B14101,Baltimore,MD,18-24,True
B17718,Chicago,IL,25-34,True
B14514,San Antonio,TX,35-44,False
B18073,Los Angeles,CA,55+,True
B13331,Unknown,TX,18-24,False
B16331,Detroit,MI,45-54,True
B14071,New York,NY,18-24,True
B16878,Richmond,VA,18-24,False
B12409,San Antonio,TX,25-34,False
B01725,New York,NY,25-34,False
B14180,Austin,TX,25-34,False
B10520,Camden,NJ,18-24,False
B16868,Richmond,VA,25-34,False
B15252,Newark,NJ,35-44,True
B00484,New York,NY,35-44,True
B05489,Atlanta,GA,18-24,False
B15104,Richmond,VA,35-44,True
B11508,Austin,TX,25-34,True
B03670,Las Vegas,NV,25-34,True
B03198,Las Vegas,NV,25-34,True
B16463,Newark,NJ,25-34,True
B08612,Washington,DC,45-54,False
B12815,San Antonio,TX,25-34,False
B07852,Baltimore,MD,25-34,True
B00194,New York,NY,45-54,True
B16968,Los Angeles,CA,55+,True
B14204,Baltimore,MD,35-44,True
B07814,Washington,DC,25-34,True
B13506,Las Vegas,NV,35-44,False
B13268,Detroit,MI,45-54,True
B00730,New York,NY,35-44,False
B14302,San Antonio,TX,25-34,False
B16724,Charlotte,NC,35-44,True
B03393,Las Vegas,NV,35-44,False
B02393,New York,NY,18-24,True
B16156,Wilmington,DE,25-34,False
B15409,Atlanta,GA,25-34,True
B13711,Detroit,MI,35-44,True
B09606,Camden,NJ,18-24,True
B11452,San Antonio,TX,45-54,False
B18295,Detroit,MI,35-44,False
B06224,Atlanta,GA,25-34,True
B16250,Miami,FL,25-34,True
B14746,Philadelphia,PA,25-34,True
B10565,Camden,NJ,25-34,True
B15680,Washington,DC,25-34,False
B10543,Wilmington,DE,55+,True
B15116,Los Angeles,CA,25-34,False
B00719,New York,NY,18-24,False
B02879,Las Vegas,NV,35-44,False
B15772,Miami,FL,35-44,True
B12334,Houston,TX,18-24,True
B15653,Los Angeles,CA,25-34,True
B14510,San Antonio,TX,55+,False
B17416,Houston,TX,45-54,False
B17750,Chicago,IL,25-34,True
B02497,New York,NY,45-54,False
B17001,Austin,TX,35-44,True
B16059,Miami,FL,35-44,False
B17489,Unknown,VA,35-44,False
B15285,San Antonio,TX,25-34,True
B12871,Austin,TX,55+,True
B01855,New York,NY,25-34,False
B14712,Chicago,IL,35-44,False
B00529,New York,NY,45-54,True
B14558,Wilmington,DE,25-34,True
B01466,New York,NY,35-44,False
B00086,New York,NY,25-34,False
B16348,Chicago,IL,25-34,True
B15956,Birmingham,AL,25-34,True
B12301,Austin,TX,35-44,True
B04646,Las Vegas,NV,18-24,False
B05568,Atlanta,GA,25-34,False
B06621,Atlanta,GA,35-44,True
B00238,New York,NY,18-24,True
B09861,Unknown,PA,25-34,False
B01594,New York,NY,55+,True
B10726,Philadelphia,PA,45-54,True
B14896,Dallas,TX,18-24,True
B09507,Washington,DC,25-34,True
B01104,New York,NY,35-44,False
B07447,Atlanta,GA,25-34,True
B13113,Houston,TX,18-24,True
B00010,New York,NY,45-54,False
B10323,Unknown,NJ,18-24,True
B15336,Baltimore,MD,35-44,True
B15163,Dallas,TX,35-44,True
B08564,Baltimore,MD,35-44,True
B18319,Phoenix,AZ,18-24,True
B01380,New York,NY,45-54,False
B03728,Las Vegas,NV,35-44,True
B13769,Camden,NJ,18-24,True
B18376,Chicago,IL,25-34,False
B02704,Las Vegas,NV,25-34,True
B00870,New York,NY,35-44,True
B05531,Atlanta,GA,35-44,False
B14018,Chicago,IL,18-24,True
B02916,Las Vegas,NV,35-44,False
B09687,Philadelphia,PA,25-34,False
B10882,Camden,NJ,45-54,True
B13314,Chicago,IL,18-24,False
B03501,Las Vegas,NV,25-34,True
B06057,Atlanta,GA,25-34,False
B02718,Las Vegas,NV,25-34,False
B11685,Houston,TX,18-24,True
B03061,Las Vegas,NV,35-44,True
B10313,Wilmington,DE,35-44,False
B14354,Dallas,TX,35-44,False
B11798,Austin,TX,35-44,False
B05736,Atlanta,GA,45-54,True
B01709,New York,NY,25-34,False
B12817,Austin,TX,45-54,False
B14335,Charlotte,NC,35-44,False
B07270,Atlanta,GA,25-34,True
B16819,Charlotte,NC,35-44,True
B14938,Birmingham,AL,18-24,True
B01232,New York,NY,35-44,True
B11662,San Antonio,TX,45-54,True
B00027,New York,NY,35-44,False
B17893,Charlotte,NC,25-34,True
B02345,New York,NY,18-24,True
B09187,Washington,DC,35-44,False
B12940,San Antonio,TX,25-34,True
B04189,Las Vegas,NV,55+,False
B05727,Atlanta,GA,35-44,False
B18268,San Antonio,TX,35-44,True
B15238,Birmingham,AL,25-34,True
B09477,Washington,DC,25-34,True
B15073,Philadelphia,PA,25-34,True
B16015,Chicago,IL,25-34,True
B09260,Baltimore,MD,35-44,True
B03916,Las Vegas,NV,25-34,False
B04142,Las Vegas,NV,35-44,False
B02585,New York,NY,35-44,True
B01463,New York,NY,25-34,True
B16628,Birmingham,AL,35-44,True
B06452,Atlanta,GA,45-54,True
B13319,Houston,TX,18-24,True
B00446,New York,NY,35-44,False
B08320,Washington,DC,35-44,False
B12865,Austin,TX,18-24,False
B05746,Atlanta,GA,25-34,True
B04514,Las Vegas,NV,25-34,True
B18300,Newark,NJ,18-24,True
B02342,New York,NY,18-24,True
B03092,Las Vegas,NV,55+,True
B07495,Atlanta,GA,35-44,True
B11263,Wilmington,DE,25-34,True
B02089,New York,NY,35-44,True
B07836,Washington,DC,45-54,True
B02661,Las Vegas,NV,18-24,True
B00710,New York,NY,18-24,False
B08904,Baltimore,MD,55+,False
B15309,Wilmington,DE,35-44,True
B16794,Detroit,MI,25-34,False
B00539,New York,NY,35-44,True
B07272,Atlanta,GA,18-24,False
B13333,Unknown,NJ,35-44,True
B11639,Austin,TX,25-34,True
B14838,San Antonio,TX,35-44,False
B04970,Las Vegas,NV,25-34,True
B12874,Houston,TX,25-34,False
B11682,Houston,TX,18-24,True
B12605,San Antonio,TX,55+,False
B11582,Austin,TX,35-44,False
B03895,Las Vegas,NV,35-44,False
B06386,Atlanta,GA,25-34,True
B10985,Philadelphia,PA,18-24,False
B14683,Dallas,TX,25-34,True
B02733,Las Vegas,NV,25-34,False
B18240,Newark,NJ,25-34,True
B13687,Houston,TX,25-34,True
B14266,Chicago,IL,18-24,False
B13967,Wilmington,DE,18-24,False
B12328,San Antonio,TX,25-34,False
B00226,New York,NY,25-34,False
B13412,San Antonio,TX,25-34,True
B02814,Las Vegas,NV,25-34,False
B16312,Philadelphia,PA,55+,True
B16210,Washington,DC,35-44,False
B17519,Las Vegas,NV,45-54,False
B13890,Charlotte,NC,18-24,True
B04079,Las Vegas,NV,18-24,True
B13985,Unknown,NY,35-44,True
B00561,New York,NY,25-34,False
B11819,Austin,TX,18-24,True
B17556,Richmond,VA,18-24,True
B12664,Houston,TX,35-44,True
B09519,Baltimore,MD,18-24,True
B05745,Atlanta,GA,35-44,False
B10273,Wilmington,DE,45-54,True
B02762,Las Vegas,NV,18-24,False
B08378,Baltimore,MD,55+,True
B01712,New York,NY,55+,False
B02262,New York,NY,25-34,False
B05064,Las Vegas,NV,35-44,False
B15745,Austin,TX,45-54,True
B15166,Philadelphia,PA,25-34,False
B00985,New York,NY,35-44,True
B17774,Miami,FL,35-44,False
B17713,Miami,FL,35-44,True
B13903,Phoenix,AZ,35-44,False
B03027,Las Vegas,NV,25-34,True
B15234,Richmond,VA,35-44,False
B12786,Austin,TX,25-34,True
B03404,Las Vegas,NV,25-34,False
B03358,Las Vegas,NV,55+,False
B15246,Houston,TX,35-44,False
B09636,Wilmington,DE,18-24,False
B02636,Las Vegas,NV,55+,True
B01214,New York,NY,25-34,True
B17554,Detroit,MI,25-34,True
B08655,Baltimore,MD,25-34,True
B17610,Wilmington,DE,25-34,False
B12450,San Antonio,TX,18-24,True
B13643,Baltimore,MD,18-24,True
B02599,New York,NY,55+,True
B09285,Washington,DC,35-44,True
B11462,Austin,TX,18-24,True
B15540,Los Angeles,CA,35-44,True
B03816,Las Vegas,NV,35-44,False
B02350,New York,NY,45-54,False
B07858,Washington,DC,55+,False
B11467,Houston,TX,45-54,True
B02163,New York,NY,25-34,False
B16754,Richmond,VA,25-34,True
B10752,Camden,NJ,18-24,True
B13484,Austin,TX,35-44,True
B07946,Baltimore,MD,35-44,False
B06658,Atlanta,GA,25-34,True
B01652,New York,NY,55+,True
B10046,Camden,NJ,45-54,False
B01751,New York,NY,25-34,True
B01592,New York,NY,25-34,False
B17328,Chicago,IL,35-44,True
B09171,Baltimore,MD,35-44,True
B11784,Houston,TX,35-44,True
B03161,Las Vegas,NV,35-44,False
B01664,New York,NY,18-24,False
B05860,Atlanta,GA,45-54,False
B13422,San Antonio,TX,45-54,False
B08000,Washington,DC,45-54,True
B14451,San Antonio,TX,25-34,True
B17339,Unknown,PA,35-44,False
B16435,Charlotte,NC,18-24,False
B18248,Dallas,TX,55+,False
B00301,New York,NY,18-24,False
B06079,Atlanta,GA,25-34,True
B13250,Wilmington,DE,55+,True
B02177,New York,NY,35-44,False
B16408,Miami,FL,25-34,True
B11240,Camden,NJ,35-44,False
B16154,Birmingham,AL,18-24,True
B16274,New York,NY,25-34,False
B16678,Dallas,TX,25-34,True
B15464,Los Angeles,CA,18-24,False
B15331,New York,NY,25-34,False
B05121,Las Vegas,NV,35-44,False
B14629,Los Angeles,CA,25-34,False
B16738,Camden,NJ,25-34,False
B05621,Atlanta,GA,35-44,True
B15597,Phoenix,AZ,18-24,True
B06680,Atlanta,GA,35-44,True
B00620,New York,NY,45-54,False
B17838,New York,NY,25-34,True
B06329,Atlanta,GA,18-24,True
B10693,Philadelphia,PA,25-34,False
B11455,Austin,TX,25-34,False
B14261,San Antonio,TX,25-34,False
B03210,Las Vegas,NV,25-34,False
B01511,New York,NY,25-34,True
B00587,New York,NY,35-44,True
B03335,Las Vegas,NV,55+,False
B09095,Baltimore,MD,55+,True
B18347,Richmond,VA,25-34,True
B15373,Dallas,TX,18-24,True
B00851,New York,NY,45-54,True
B05348,Atlanta,GA,35-44,False
B02323,New York,NY,25-34,False
B00975,New York,NY,18-24,True
B02910,Unknown,NV,25-34,False
B17494,Newark,NJ,55+,False
B01907,New York,NY,45-54,True
B03626,Las Vegas,NV,18-24,True
B18077,Chicago,IL,35-44,True
B05231,Atlanta,GA,45-54,False
B14280,Los Angeles,CA,25-34,True
B15417,Houston,TX,25-34,True
B08206,Washington,DC,25-34,True
B08161,Baltimore,MD,35-44,False
B06566,Atlanta,GA,55+,True
B17611,Dallas,TX,25-34,True
B15306,Austin,TX,25-34,True
B16341,Detroit,MI,45-54,True
B00290,New York,NY,55+,False
B13324,Charlotte,NC,18-24,False
B03293,Unknown,NV,25-34,True
B01636,New York,NY,35-44,True
B08036,Baltimore,MD,45-54,True
B12292,Houston,TX,35-44,False
B09072,Washington,DC,45-54,False
B15557,Camden,NJ,18-24,True
B15263,Charlotte,NC,18-24,True
B16001,Birmingham,AL,35-44,False
B08200,Baltimore,MD,25-34,False
B02110,New York,NY,25-34,True
B16273,Wilmington,DE,25-34,True
B14541,Austin,TX,55+,True
B13562,Wilmington,DE,18-24,True
B10703,Wilmington,DE,35-44,False
B10867,Wilmington,DE,45-54,True
B16858,Atlanta,GA,25-34,False
B00283,New York,NY,25-34,False
B10246,Camden,NJ,18-24,False
B05214,Atlanta,GA,35-44,False
B11476,Houston,TX,45-54,True
B02280,New York,NY,35-44,False
B09611,Wilmington,DE,18-24,False
B03622,Las Vegas,NV,18-24,False
B02738,Las Vegas,NV,25-34,True
B00950,New York,NY,25-34,False
B00313,New York,NY,35-44,True
B15543,Philadelphia,PA,35-44,False
B11788,Houston,TX,35-44,False
B11418,San Antonio,TX,35-44,False
B13590,Baltimore,MD,55+,True
B02118,New York,NY,35-44,True
B02736,Las Vegas,NV,18-24,False
B02277,New York,NY,35-44,True
B09629,Philadelphia,PA,25-34,False
B16377,Los Angeles,CA,45-54,True
B10962,Wilmington,DE,45-54,True
B06058,Unknown,GA,25-34,True
B11244,Camden,NJ,25-34,True
B02213,New York,NY,18-24,True
B15202,Philadelphia,PA,25-34,False
B03606,Las Vegas,NV,18-24,True
B13659,Birmingham,AL,45-54,True
B03077,Las Vegas,NV,35-44,True
B05226,Atlanta,GA,25-34,True
B15220,Camden,NJ,45-54,True
B15811,Las Vegas,NV,35-44,False
B07731,Atlanta,GA,35-44,True
B11433,Houston,TX,25-34,False
B10464,Camden,NJ,25-34,False
B01921,New York,NY,45-54,True
B13417,Austin,TX,25-34,False
B01568,New York,NY,18-24,False
B04187,Las Vegas,NV,25-34,True
B00129,New York,NY,18-24,False
B11723,Houston,TX,25-34,False
B13372,Detroit,MI,45-54,False
B03800,Las Vegas,NV,18-24,False
B08064,Baltimore,MD,35-44,False
B16834,Chicago,IL,35-44,False
B16663,Newark,NJ,25-34,True
B05201,Atlanta,GA,35-44,False
B06998,Atlanta,GA,18-24,False
B00649,New York,NY,45-54,True
B09525,Baltimore,MD,45-54,False
B16519,Birmingham,AL,45-54,True
B03922,Las Vegas,NV,55+,True
B13570,Unknown,AZ,35-44,False
B17025,Richmond,VA,35-44,True
B17643,Birmingham,AL,35-44,True
B02948,Las Vegas,NV,35-44,False
B02521,New York,NY,25-34,False
B15923,Las Vegas,NV,18-24,False
B13785,Phoenix,AZ,35-44,True
B00625,New York,NY,55+,True
B09872,Philadelphia,PA,18-24,True
B15804,Los Angeles,CA,35-44,True
B03898,Las Vegas,NV,25-34,False
B00288,New York,NY,55+,True
B00525,New York,NY,25-34,True
B08314,Washington,DC,35-44,True
B15205,Camden,NJ,18-24,True
B18286,Detroit,MI,55+,True
B11466,Austin,TX,18-24,False
B14207,Charlotte,NC,25-34,True
B16755,Newark,NJ,25-34,True
B05075,Las Vegas,NV,25-34,True
B00343,New York,NY,55+,False
B04899,Las Vegas,NV,18-24,True
B03173,Las Vegas,NV,45-54,False
B15162,Dallas,TX,35-44,False
B06113,Atlanta,GA,55+,True
B08140,Baltimore,MD,25-34,True
B02930,Las Vegas,NV,25-34,False
B01052,New York,NY,25-34,True
B00075,New York,NY,35-44,False
B17740,Camden,NJ,55+,True
B04817,Las Vegas,NV,55+,False
B03251,Las Vegas,NV,18-24,True
B15562,Baltimore,MD,18-24,True
B15741,San Antonio,TX,45-54,False
B09610,Wilmington,DE,18-24,False
B09625,Wilmington,DE,35-44,True
B08765,Baltimore,MD,25-34,True
B18307,Philadelphia,PA,45-54,True
B01821,New York,NY,35-44,False
B13213,New York,NY,35-44,False
B02264,New York,NY,45-54,True
B11768,Austin,TX,18-24,True
B17840,Dallas,TX,35-44,True
B15361,Charlotte,NC,25-34,True
B13889,Birmingham,AL,25-34,True
B02226,New York,NY,25-34,True
B14196,Washington,DC,35-44,True
B13840,Charlotte,NC,18-24,True
B05972,Atlanta,GA,35-44,True
B07879,Baltimore,MD,18-24,True
B11570,Austin,TX,35-44,False
B08268,Washington,DC,35-44,False
B01536,New York,NY,25-34,True
B13873,Austin,TX,25-34,True
B14020,Miami,FL,35-44,True
B05564,Atlanta,GA,45-54,True
B08654,Washington,DC,18-24,False
B01966,New York,NY,45-54,True
B04760,Las Vegas,NV,35-44,True
B08551,Baltimore,MD,35-44,False
B11791,Houston,TX,35-44,False
B04264,Las Vegas,NV,25-34,False
B17742,Austin,TX,55+,True
B05465,Atlanta,GA,35-44,False
B16785,Newark,NJ,18-24,False
B12676,San Antonio,TX,25-34,False
B16352,New York,NY,18-24,True
B14252,Dallas,TX,18-24,True
B05260,Atlanta,GA,45-54,False
B12491,Austin,TX,55+,True
B02562,New York,NY,25-34,True
B02800,Las Vegas,NV,45-54,True
B08085,Washington,DC,18-24,False
B12776,San Antonio,TX,18-24,True
B08033,Washington,DC,55+,True
B03186,Las Vegas,NV,35-44,False
B15063,Newark,NJ,18-24,True
B11720,Houston,TX,25-34,True
B10012,Wilmington,DE,35-44,True
B13195,Austin,TX,25-34,True
B01319,New York,NY,35-44,True
B04238,Las Vegas,NV,45-54,False
B17958,Philadelphia,PA,25-34,False
B03402,Las Vegas,NV,35-44,False
B18149,Phoenix,AZ,35-44,False
B18387,Phoenix,AZ,25-34,True
B10730,Camden,NJ,45-54,False
B05084,Las Vegas,NV,45-54,False
B00054,New York,NY,35-44,True
B11542,Austin,TX,18-24,True
B02324,New York,NY,18-24,False
B13279,Miami,FL,45-54,True
B12430,Austin,TX,35-44,False
B05841,Atlanta,GA,25-34,False
B01297,New York,NY,25-34,False
B03239,Las Vegas,NV,25-34,True
B04577,Las Vegas,NV,35-44,True
B17140,New York,NY,55+,False
B10830,Wilmington,DE,45-54,False
B15216,Austin,TX,18-24,True
B06537,Atlanta,GA,18-24,True
B01412,New York,NY,45-54,False
B03832,Las Vegas,NV,18-24,True
B02669,Las Vegas,NV,45-54,True
B04406,Las Vegas,NV,35-44,True
B06558,Atlanta,GA,45-54,False
B00829,New York,NY,45-54,True
B17017,Birmingham,AL,35-44,True
B00006,New York,NY,45-54,True
B01367,New York,NY,18-24,True
B10627,Wilmington,DE,18-24,False
B00725,New York,NY,25-34,True
B02222,New York,NY,35-44,True
B08025,Washington,DC,55+,True
B03330,Las Vegas,NV,35-44,True
B15628,Miami,FL,25-34,False
B02434,New York,NY,25-34,False
B05086,Las Vegas,NV,18-24,True
B00650,New York,NY,18-24,True
B07042,Atlanta,GA,25-34,True
B11509,San Antonio,TX,25-34,True
B02468,New York,NY,25-34,False
B15084,Philadelphia,PA,25-34,True
B08863,Washington,DC,35-44,True
B02616,Las Vegas,NV,25-34,True
B16289,Newark,NJ,55+,False
B18191,Las Vegas,NV,35-44,True
B00199,New York,NY,35-44,False
B08086,Washington,DC,18-24,False
B10641,Wilmington,DE,55+,False
B17193,Miami,FL,35-44,True
B13350,Houston,TX,55+,False
B13077,San Antonio,TX,35-44,False
B11835,San Antonio,TX,25-34,False
B04659,Las Vegas,NV,45-54,True
B15155,Phoenix,AZ,35-44,True
B01441,New York,NY,45-54,False
B15171,Miami,FL,45-54,True
B10716,Wilmington,DE,35-44,False
B15785,Miami,FL,35-44,True
B14588,Dallas,TX,25-34,True
B08191,Baltimore,MD,45-54,False
B04525,Las Vegas,NV,25-34,True
B09705,Philadelphia,PA,35-44,True
B12434,Houston,TX,45-54,False
B14365,Los Angeles,CA,45-54,False
B11785,Houston,TX,35-44,True
B06462,Atlanta,GA,25-34,True
B18340,Philadelphia,PA,25-34,True
B11537,San Antonio,TX,35-44,True
B02875,Las Vegas,NV,25-34,False
B13907,Chicago,IL,35-44,True
B01390,Unknown,NY,25-34,True
B16162,Miami,FL,35-44,True
B12629,San Antonio,TX,25-34,True
B16175,Washington,DC,25-34,False
B12177,Austin,TX,45-54,False
B16983,Newark,NJ,18-24,True
B02210,New York,NY,35-44,True
B16361,Washington,DC,25-34,True
B17410,Charlotte,NC,45-54,True
B05944,Atlanta,GA,25-34,True
B14640,Phoenix,AZ,25-34,False
B12387,San Antonio,TX,55+,False
B01015,New York,NY,35-44,False
B06853,Atlanta,GA,25-34,False
B01735,New York,NY,35-44,True
B08947,Baltimore,MD,25-34,True
B14507,Detroit,MI,45-54,False
B11307,Wilmington,DE,18-24,True
B09511,Baltimore,MD,25-34,False
B04191,Las Vegas,NV,18-24,False
B13474,Philadelphia,PA,25-34,False
B06159,Atlanta,GA,25-34,True
B17221,Dallas,TX,55+,True
B05140,Las Vegas,NV,25-34,True
B15474,Phoenix,AZ,35-44,False
B05269,Atlanta,GA,25-34,False
B11161,Philadelphia,PA,18-24,False
B00611,New York,NY,35-44,False
B11423,San Antonio,TX,35-44,True
B07499,Atlanta,GA,35-44,True
B08718,Baltimore,MD,45-54,True
B04777,Las Vegas,NV,25-34,True
B12805,Austin,TX,45-54,False
B14002,Philadelphia,PA,25-34,False
B14518,Austin,TX,45-54,True
B08828,Washington,DC,25-34,False
B12183,San Antonio,TX,25-34,False
B00017,New York,NY,35-44,True
B17826,Los Angeles,CA,55+,False
B14643,Birmingham,AL,25-34,False
B18007,Newark,NJ,55+,False
B02644,Las Vegas,NV,18-24,False
B00951,New York,NY,25-34,False
B17991,San Antonio,TX,35-44,True
B13283,Dallas,TX,18-24,True
B01631,New York,NY,25-34,True
B10363,Camden,NJ,18-24,True
B14448,Philadelphia,PA,45-54,False
B04163,Las Vegas,NV,55+,True
B05970,Atlanta,GA,45-54,True
B13823,Wilmington,DE,25-34,False
B16443,Los Angeles,CA,18-24,True
B11431,San Antonio,TX,55+,True
B08931,Baltimore,MD,25-34,True
B08784,Baltimore,MD,25-34,False
B08993,Washington,DC,18-24,True
B11737,Houston,TX,35-44,True
B02773,Las Vegas,NV,55+,True
B03063,Las Vegas,NV,55+,True
B17129,Chicago,IL,25-34,True
B04038,Las Vegas,NV,55+,True
B01529,New York,NY,25-34,False
B10829,Wilmington,DE,25-34,True
B17907,Baltimore,MD,18-24,True
B00654,New York,NY,45-54,True
B01934,New York,NY,25-34,True
B13751,Philadelphia,PA,25-34,False
B09248,Washington,DC,18-24,True
B10194,Camden,NJ,25-34,False
B14392,Richmond,VA,45-54,False
B15468,Camden,NJ,45-54,True
B11571,Austin,TX,35-44,False
B08733,Washington,DC,18-24,True
B05398,Atlanta,GA,35-44,True
B15498,San Antonio,TX,25-34,False
B05998,Atlanta,GA,25-34,True
B14728,Newark,NJ,35-44,True
B15710,New York,NY,25-34,True
B01837,New York,NY,18-24,True
B08965,Baltimore,MD,18-24,True
B07995,Baltimore,MD,35-44,True
B13730,Detroit,MI,45-54,False
B17247,Los Angeles,CA,18-24,False
B05931,Atlanta,GA,25-34,False
B02103,New York,NY,25-34,False
B07394,Atlanta,GA,35-44,True
B13531,Unknown,IL,35-44,False
B17034,Los Angeles,CA,18-24,True
B14416,Austin,TX,25-34,True
B14450,Newark,NJ,35-44,True
B17161,Detroit,MI,25-34,False
B01644,New York,NY,25-34,True
B02625,Las Vegas,NV,25-34,True
B00304,New York,NY,25-34,True
B04262,Las Vegas,NV,35-44,True
B00316,New York,NY,25-34,True
B18320,Houston,TX,45-54,False
B16433,Baltimore,MD,45-54,True
B17724,Houston,TX,25-34,True
B14573,Los Angeles,CA,35-44,False
B09657,Wilmington,DE,35-44,True
B16277,Miami,FL,18-24,True
B14564,Atlanta,GA,25-34,True
B16011,Dallas,TX,35-44,True
B02909,Las Vegas,NV,18-24,True
B16041,Newark,NJ,35-44,True
B02208,New York,NY,35-44,False
B14808,Phoenix,AZ,18-24,True
B14697,Austin,TX,25-34,True
B11412,Austin,TX,35-44,True
B05758,Atlanta,GA,25-34,True
B06318,Atlanta,GA,45-54,True
B13671,Newark,NJ,25-34,False
B15394,Philadelphia,PA,18-24,True
B01540,Unknown,NY,35-44,True
B03619,Las Vegas,NV,25-34,True
B01345,New York,NY,25-34,True
B14395,Miami,FL,25-34,True
B00550,New York,NY,45-54,False
B05525,Atlanta,GA,25-34,True
B12697,Houston,TX,35-44,True
B11539,Houston,TX,25-34,False
B11629,San Antonio,TX,55+,True
B01229,New York,NY,45-54,True
B13848,Phoenix,AZ,35-44,False
B04164,Las Vegas,NV,35-44,True
B10925,Wilmington,DE,45-54,True
B01455,New York,NY,25-34,False
B17302,Dallas,TX,25-34,True
B16384,Charlotte,NC,18-24,False
B11469,Houston,TX,35-44,True
B02243,New York,NY,35-44,True
B15282,Newark,NJ,25-34,True
B13755,New York,NY,18-24,False
B01337,New York,NY,55+,False
B10108,Philadelphia,PA,45-54,False
B01155,New York,NY,55+,True
B03045,Las Vegas,NV,25-34,False
B06436,Atlanta,GA,18-24,True
B11533,San Antonio,TX,45-54,True
B13644,Baltimore,MD,35-44,False
B14526,Newark,NJ,18-24,False
B04410,Las Vegas,NV,35-44,True
B10977,Philadelphia,PA,45-54,True
B13569,Miami,FL,55+,False
B03363,Las Vegas,NV,25-34,True
B12575,Houston,TX,18-24,True
B17521,Los Angeles,CA,55+,False
B13308,Wilmington,DE,25-34,True
B10787,Wilmington,DE,25-34,True
B02348,New York,NY,35-44,True
B15062,Los Angeles,CA,55+,True
B11711,Houston,TX,55+,False
B05562,Atlanta,GA,35-44,False
B13605,Newark,NJ,35-44,True
B09793,Wilmington,DE,25-34,True
B05649,Atlanta,GA,35-44,True
B11962,Austin,TX,35-44,True
B06869,Atlanta,GA,45-54,False
B14297,Dallas,TX,35-44,False
B13931,Houston,TX,25-34,False
B09491,Baltimore,MD,25-34,False
B16595,Phoenix,AZ,55+,True
B03547,Las Vegas,NV,25-34,True
B15026,Richmond,VA,55+,False
B17716,Chicago,IL,35-44,True
B02828,Las Vegas,NV,25-34,True
B01741,New York,NY,45-54,True
B00716,New York,NY,35-44,True
B10080,Philadelphia,PA,45-54,False
B12894,Austin,TX,25-34,False
B08360,Baltimore,MD,18-24,False
B16520,Richmond,VA,18-24,True
B09009,Washington,DC,35-44,True
B02802,Las Vegas,NV,35-44,False
B07806,Washington,DC,45-54,True
B17710,Austin,TX,25-34,False
B18210,Charlotte,NC,25-34,True
B13672,Las Vegas,NV,25-34,False
B06483,Atlanta,GA,25-34,True
B03721,Las Vegas,NV,18-24,True
B16356,Newark,NJ,45-54,False
B11635,San Antonio,TX,45-54,False
B11146,Camden,NJ,35-44,True
B11047,Philadelphia,PA,18-24,True
B05062,Las Vegas,NV,35-44,True
B05893,Atlanta,GA,45-54,True
B13105,Austin,TX,35-44,True
B12548,Austin,TX,55+,False
B07947,Baltimore,MD,35-44,True
B02655,Las Vegas,NV,35-44,True
B01798,New York,NY,18-24,False
B13512,Richmond,VA,55+,True
B15577,Camden,NJ,35-44,True
B12850,Austin,TX,25-34,True
B04861,Las Vegas,NV,45-54,True
B04606,Las Vegas,NV,18-24,True
B09935,Camden,NJ,25-34,True
B11301,Camden,NJ,55+,True
B09126,Baltimore,MD,45-54,True
B10956,Philadelphia,PA,35-44,False
B14864,Philadelphia,PA,25-34,True
B14341,Austin,TX,55+,False
B08599,Baltimore,MD,18-24,False
B01987,New York,NY,45-54,True
B07313,Atlanta,GA,55+,True
B13937,Las Vegas,NV,35-44,True
B14168,Richmond,VA,25-34,True
B01451,New York,NY,25-34,False
B15174,Phoenix,AZ,35-44,False
B10552,Wilmington,DE,25-34,True
B01595,New York,NY,25-34,True
B02306,New York,NY,35-44,False
B05506,Atlanta,GA,25-34,True
B03429,Las Vegas,NV,18-24,False
B05866,Atlanta,GA,25-34,False
B06818,Atlanta,GA,55+,True
B17638,Los Angeles,CA,25-34,False
B14181,New York,NY,35-44,False
B14457,Miami,FL,45-54,False
B14992,Miami,FL,55+,False
B03890,Las Vegas,NV,55+,False
B14858,San Antonio,TX,35-44,False
B09465,Washington,DC,18-24,False
B02731,Las Vegas,NV,55+,False
B07522,Atlanta,GA,45-54,True
B01035,New York,NY,18-24,False
B05330,Unknown,GA,25-34,True
B08396,Washington,DC,35-44,True
B14953,Dallas,TX,35-44,True
B06377,Atlanta,GA,18-24,True
B00092,New York,NY,35-44,True
B03778,Las Vegas,NV,25-34,True
B16915,Los Angeles,CA,45-54,True
B13303,Dallas,TX,45-54,True
B13202,Camden,NJ,25-34,True
B16209,Miami,FL,18-24,False
B14123,Atlanta,GA,35-44,True
B14575,Detroit,MI,35-44,False
B06684,Atlanta,GA,35-44,True
B09989,Wilmington,DE,18-24,False
B10525,Philadelphia,PA,35-44,True
B14314,Newark,NJ,35-44,False
B08230,Washington,DC,55+,False
B03268,Las Vegas,NV,25-34,False
B06652,Atlanta,GA,18-24,True
B11873,Austin,TX,25-34,False
B02681,Las Vegas,NV,35-44,False
B15296,Camden,NJ,25-34,True
B06703,Atlanta,GA,18-24,False
B02707,Las Vegas,NV,35-44,True
B14413,Philadelphia,PA,18-24,True
B01516,New York,NY,35-44,True
B05696,Atlanta,GA,25-34,True
B15960,Richmond,VA,35-44,True
B02201,New York,NY,25-34,True
B06936,Atlanta,GA,25-34,True
B17572,Newark,NJ,45-54,False
B11201,Philadelphia,PA,45-54,True
B14441,Washington,DC,35-44,True
B14301,Wilmington,DE,18-24,False
B05378,Atlanta,GA,25-34,True
B03249,Las Vegas,NV,55+,False
B01196,New York,NY,18-24,True
B00624,New York,NY,25-34,True
B07285,Atlanta,GA,35-44,True
B02086,New York,NY,35-44,True
B14326,Atlanta,GA,25-34,False
B00082,New York,NY,35-44,True
B12136,Austin,TX,35-44,False
B14622,Philadelphia,PA,25-34,False
B00404,New York,NY,25-34,True
B00744,New York,NY,55+,True
B02583,New York,NY,25-34,False
B00333,New York,NY,55+,True
B03399,Las Vegas,NV,45-54,False
B14706,Newark,NJ,18-24,False
B08362,Washington,DC,35-44,False
B13677,Dallas,TX,35-44,False
B09635,Wilmington,DE,25-34,True
B08358,Baltimore,MD,45-54,False
B11934,Austin,TX,35-44,False
B00172,New York,NY,25-34,True
B15061,Houston,TX,25-34,True
B11636,San Antonio,TX,25-34,True
B04367,Las Vegas,NV,35-44,False
B12216,Austin,TX,35-44,False
B02659,Las Vegas,NV,25-34,True
B09404,Washington,DC,35-44,True
B11666,San Antonio,TX,25-34,False
B13235,Richmond,VA,18-24,True
B01986,New York,NY,35-44,False
B17975,Richmond,VA,18-24,False
B14727,Dallas,TX,18-24,True
B03050,Las Vegas,NV,35-44,False
B02130,New York,NY,25-34,True
B00653,New York,NY,35-44,True
B16392,Detroit,MI,45-54,False
B14274,Baltimore,MD,35-44,True
B01493,New York,NY,18-24,True
B11548,Unknown,TX,18-24,False
B17383,Washington,DC,25-34,False
B02039,New York,NY,25-34,False
B11577,Austin,TX,35-44,True
B06519,Atlanta,GA,35-44,True
B14480,Austin,TX,18-24,True
B06012,Atlanta,GA,25-34,True
B13989,Baltimore,MD,25-34,True
B14993,Houston,TX,18-24,False
B11656,Houston,TX,18-24,True
B03324,Las Vegas,NV,18-24,False
B00429,New York,NY,35-44,True
B03296,Las Vegas,NV,55+,True
B07766,Atlanta,GA,25-34,True
B12811,San Antonio,TX,35-44,True
B18109,Baltimore,MD,35-44,True
B16508,Newark,NJ,18-24,True
B16971,Las Vegas,NV,25-34,False
B01449,New York,NY,18-24,True
B11926,Houston,TX,25-34,False
B10253,Wilmington,DE,25-34,True
B14534,Newark,NJ,25-34,True
B05468,Atlanta,GA,18-24,False
B11308,Wilmington,DE,25-34,True
B04334,Las Vegas,NV,25-34,False
B11776,Houston,TX,35-44,True
B12109,Austin,TX,25-34,False
B14931,Houston,TX,25-34,False
B08913,Washington,DC,35-44,True
B04484,Las Vegas,NV,35-44,True
B09824,Philadelphia,PA,25-34,True
B00839,New York,NY,45-54,False
B01975,New York,NY,25-34,False
B09814,Wilmington,DE,55+,True
B17483,Miami,FL,25-34,True
B16728,Charlotte,NC,25-34,False
B13724,Miami,FL,18-24,True
B05189,Las Vegas,NV,35-44,True
B17229,Dallas,TX,25-34,False
B15051,Wilmington,DE,55+,True
B08210,Washington,DC,25-34,True
B02311,New York,NY,35-44,True
B02020,New York,NY,35-44,False
B14595,Washington,DC,35-44,False
B12648,Austin,TX,35-44,False
B16892,Las Vegas,NV,25-34,True
B01945,New York,NY,35-44,False
B09431,Baltimore,MD,35-44,True
B14891,Baltimore,MD,25-34,True
B13223,Dallas,TX,25-34,False
B00739,New York,NY,18-24,False
B14983,Dallas,TX,25-34,True
B16906,Charlotte,NC,35-44,True
B03776,Las Vegas,NV,35-44,True
B03582,Las Vegas,NV,25-34,False
B16383,San Antonio,TX,45-54,False
B06347,Atlanta,GA,35-44,False
B01682,New York,NY,25-34,True
B15692,Unknown,FL,25-34,True
B00282,New York,NY,25-34,False
B15123,Birmingham,AL,25-34,False
B00699,New York,NY,35-44,False
B10039,Philadelphia,PA,18-24,True
B16200,Newark,NJ,25-34,False
B16705,Phoenix,AZ,35-44,False
B05397,Atlanta,GA,25-34,False
B09204,Washington,DC,25-34,True
B11894,Austin,TX,25-34,True
B08240,Baltimore,MD,45-54,True
B04853,Las Vegas,NV,35-44,True
B17595,Houston,TX,55+,False
B00094,New York,NY,25-34,True
B14537,Baltimore,MD,25-34,True
B14373,Birmingham,AL,25-34,True
B15825,Newark,NJ,35-44,True
B15478,Baltimore,MD,18-24,False
B18013,Charlotte,NC,45-54,True
B02941,Las Vegas,NV,45-54,True
B14699,Los Angeles,CA,45-54,False
B17615,Los Angeles,CA,35-44,True
B11092,Unknown,DE,25-34,False
B12606,Houston,TX,18-24,True
B16291,Charlotte,NC,25-34,True
B01625,New York,NY,55+,False
B09658,Philadelphia,PA,25-34,True
B01203,New York,NY,18-24,True
B00788,New York,NY,25-34,False
B02000,New York,NY,35-44,True
B15149,Las Vegas,NV,18-24,True
B03562,Las Vegas,NV,18-24,True
B06875,Atlanta,GA,25-34,False
B14059,Phoenix,AZ,35-44,True
B16716,Miami,FL,25-34,True
B07127,Atlanta,GA,25-34,False
B00318,New York,NY,35-44,True
B06076,Atlanta,GA,25-34,True
B15978,Phoenix,AZ,25-34,False
B09830,Wilmington,DE,35-44,False
B14778,Camden,NJ,18-24,False
B16157,Las Vegas,NV,25-34,True
B13487,Unknown,MD,18-24,True
B03353,Las Vegas,NV,18-24,True
B02778,Las Vegas,NV,35-44,True
B17446,Phoenix,AZ,18-24,False
B01501,New York,NY,25-34,True
B12157,Austin,TX,18-24,False
B15598,Richmond,VA,18-24,True
B15998,Phoenix,AZ,35-44,False
B08267,Baltimore,MD,35-44,False
B15427,San Antonio,TX,45-54,False
B14223,Dallas,TX,35-44,True
B02651,Las Vegas,NV,25-34,True
B10238,Wilmington,DE,18-24,True
B10526,Philadelphia,PA,25-34,True
B14386,Washington,DC,35-44,False
B01411,New York,NY,35-44,False
B14921,Richmond,VA,35-44,True
B09539,Washington,DC,35-44,False
B09640,Philadelphia,PA,45-54,True
B02619,Las Vegas,NV,25-34,False
B00893,New York,NY,25-34,False
B13546,New York,NY,35-44,True
B03901,Las Vegas,NV,18-24,True
B03412,Las Vegas,NV,35-44,True
B00315,New York,NY,35-44,True
B08888,Washington,DC,25-34,False
B12051,San Antonio,TX,25-34,False
B15491,Charlotte,NC,18-24,True
B14962,Newark,NJ,18-24,True
B11105,Philadelphia,PA,25-34,False
B15936,Dallas,TX,35-44,False
B00623,New York,NY,35-44,False
B05300,Atlanta,GA,35-44,False
B07987,Baltimore,MD,45-54,True
B12693,Houston,TX,25-34,False
B03032,Las Vegas,NV,25-34,False
B00841,New York,NY,18-24,False
B05693,Atlanta,GA,35-44,True
B03365,Las Vegas,NV,35-44,False
B14219,Newark,NJ,35-44,True
B00321,New York,NY,18-24,False
B14234,Miami,FL,45-54,False
B05251,Atlanta,GA,45-54,True
B11444,Houston,TX,35-44,True
B14625,Baltimore,MD,45-54,True
B14401,San Antonio,TX,25-34,True
B15411,Philadelphia,PA,35-44,False
B08809,Unknown,MD,35-44,True
B13074,Austin,TX,18-24,False
B02609,Las Vegas,NV,35-44,True
B15696,Miami,FL,35-44,False
B16363,Camden,NJ,25-34,True
B16960,Birmingham,AL,45-54,True
B10236,Camden,NJ,35-44,False
B04100,Las Vegas,NV,25-34,True
B05047,Las Vegas,NV,18-24,True
B02977,Las Vegas,NV,35-44,True
B16549,Washington,DC,35-44,True
B04447,Las Vegas,NV,35-44,False
B11547,Unknown,TX,35-44,True
B03272,Las Vegas,NV,35-44,True
B09255,Baltimore,MD,25-34,True
B00914,New York,NY,35-44,False
B11450,San Antonio,TX,35-44,True
B06043,Atlanta,GA,45-54,False
B15639,Baltimore,MD,25-34,True
B14177,Detroit,MI,18-24,True
B11750,San Antonio,TX,45-54,False
B05553,Atlanta,GA,55+,True
B03989,Las Vegas,NV,18-24,False
B16744,Atlanta,GA,18-24,True
B18288,Washington,DC,35-44,False
B00296,New York,NY,25-34,True
B00355,New York,NY,25-34,True
B14091,Camden,NJ,18-24,False
B16371,Phoenix,AZ,35-44,False
B10511,Camden,NJ,35-44,True
B16539,New York,NY,25-34,True
B06225,Unknown,GA,45-54,False
B13583,Miami,FL,35-44,False
B09655,Philadelphia,PA,35-44,True
B06496,Atlanta,GA,18-24,False
B11480,Houston,TX,18-24,False
B11906,Houston,TX,25-34,True
B11186,Wilmington,DE,45-54,True
B13382,New York,NY,18-24,True
B00586,New York,NY,25-34,True
B11781,San Antonio,TX,18-24,True
B03703,Las Vegas,NV,55+,False
B17757,San Antonio,TX,55+,False
B16114,Dallas,TX,55+,False
B05225,Atlanta,GA,35-44,True
B10295,Wilmington,DE,25-34,False
B16863,Washington,DC,55+,True
B08892,Washington,DC,35-44,False
B09146,Baltimore,MD,25-34,True
B13276,Charlotte,NC,18-24,True
B17048,Richmond,VA,25-34,True
B15312,Birmingham,AL,25-34,False
B01268,New York,NY,18-24,True
B13289,Wilmington,DE,18-24,True
B07878,Washington,DC,18-24,False
B02307,New York,NY,35-44,True
B14014,Austin,TX,25-34,True
B02622,Las Vegas,NV,35-44,True
B02021,New York,NY,25-34,True
B05429,Atlanta,GA,25-34,False
B02906,Las Vegas,NV,35-44,False
B13558,Atlanta,GA,18-24,True
B07545,Atlanta,GA,18-24,True
B10406,Philadelphia,PA,25-34,False
B18092,Camden,NJ,35-44,True
B05471,Atlanta,GA,25-34,True
B06041,Atlanta,GA,25-34,False
B14486,Miami,FL,18-24,True
B02544,New York,NY,25-34,True
B00939,New York,NY,18-24,True
B12460,San Antonio,TX,25-34,False
B04087,Las Vegas,NV,18-24,True
B17076,Miami,FL,18-24,False
B16399,Austin,TX,45-54,True
B04873,Las Vegas,NV,25-34,False
B05217,Atlanta,GA,25-34,True
B03704,Las Vegas,NV,55+,True
B08444,Washington,DC,25-34,False
B01340,New York,NY,35-44,True
B15262,Austin,TX,25-34,False
B12438,San Antonio,TX,35-44,True
B17351,Las Vegas,NV,18-24,True
B16833,Birmingham,AL,35-44,True
B17550,Charlotte,NC,55+,False
B04404,Las Vegas,NV,18-24,True
B14869,Richmond,VA,25-34,True
B13242,Baltimore,MD,45-54,True
B16035,Philadelphia,PA,55+,True
B13827,Birmingham,AL,45-54,False
B00808,New York,NY,45-54,False
B01116,New York,NY,25-34,False
B01149,New York,NY,35-44,False
B13347,Philadelphia,PA,45-54,False
B15729,Birmingham,AL,25-34,True
B00957,New York,NY,25-34,False
B10585,Camden,NJ,18-24,False
B03785,Las Vegas,NV,45-54,True
B17515,Los Angeles,CA,25-34,True
B15522,Los Angeles,CA,35-44,True
B02127,New York,NY,25-34,False
B05609,Atlanta,GA,18-24,False
B12893,Austin,TX,35-44,True
B01150,New York,NY,35-44,True
B07393,Atlanta,GA,25-34,True
B14928,Dallas,TX,25-34,False
B05781,Atlanta,GA,45-54,False
B03743,Las Vegas,NV,18-24,True
B11525,Austin,TX,25-34,False
B00348,New York,NY,25-34,True
B15664,Baltimore,MD,55+,True
B13923,Houston,TX,25-34,True
B02084,New York,NY,35-44,True
B11918,Houston,TX,18-24,True
B10245,Camden,NJ,45-54,True
B13925,Houston,TX,25-34,True
B12532,San Antonio,TX,55+,True
B01556,New York,NY,55+,True
B00705,New York,NY,25-34,False
B00685,New York,NY,25-34,True
B02572,New York,NY,18-24,False
B15617,Newark,NJ,18-24,True
B10496,Philadelphia,PA,45-54,False
B01820,New York,NY,25-34,False
B13540,Austin,TX,55+,True
B17626,Phoenix,AZ,18-24,True
B14049,New York,NY,35-44,True
B04485,Las Vegas,NV,25-34,True
B04662,Las Vegas,NV,35-44,False
B13912,Las Vegas,NV,25-34,False
B08495,Washington,DC,45-54,True
B04962,Las Vegas,NV,45-54,False
B09631,Wilmington,DE,45-54,False
B15080,New York,NY,35-44,True
B16424,Los Angeles,CA,55+,False
B09710,Camden,NJ,45-54,True
B10791,Camden,NJ,45-54,False
B18124,Houston,TX,25-34,False
B10670,Wilmington,DE,25-34,False
B11953,Austin,TX,45-54,True
B17791,New York,NY,45-54,True
B10143,Philadelphia,PA,25-34,True
B15731,Birmingham,AL,35-44,True
B08737,Baltimore,MD,45-54,True
B08542,Baltimore,MD,18-24,True
B11142,Camden,NJ,35-44,False
B15301,Richmond,VA,18-24,True
B11645,Houston,TX,25-34,False
B15284,Richmond,VA,25-34,True
B10265,Philadelphia,PA,25-34,True
B08790,Baltimore,MD,35-44,False
B03329,Las Vegas,NV,35-44,True
B11123,Wilmington,DE,35-44,False
B00323,New York,NY,35-44,True
B03524,Las Vegas,NV,45-54,False
B00917,New York,NY,35-44,True
B00779,New York,NY,25-34,True
B13426,Detroit,MI,18-24,True
B05475,Atlanta,GA,18-24,False
B10667,Wilmington,DE,25-34,True
B04129,Las Vegas,NV,55+,True
B13215,Wilmington,DE,55+,True
B14747,Charlotte,NC,18-24,True
B03295,Las Vegas,NV,35-44,False
B00614,New York,NY,45-54,True
B15325,Birmingham,AL,25-34,False
B14608,Dallas,TX,35-44,False
B07111,Atlanta,GA,35-44,True
B05790,Atlanta,GA,18-24,True
B06990,Atlanta,GA,25-34,True
B08959,Baltimore,MD,35-44,True
B05949,Atlanta,GA,25-34,True
B08516,Washington,DC,35-44,True
B14292,New York,NY,35-44,True
B17691,Atlanta,GA,25-34,True
B04211,Las Vegas,NV,25-34,True
B00832,New York,NY,25-34,True
B15894,Newark,NJ,18-24,False
B18371,Philadelphia,PA,35-44,True
B07564,Atlanta,GA,55+,False
B17313,New York,NY,18-24,True
B16995,Austin,TX,25-34,True
B16063,Baltimore,MD,45-54,False
B00772,New York,NY,45-54,True
B02057,New York,NY,25-34,True
B02495,Unknown,NY,45-54,True
B16265,Detroit,MI,45-54,True
B11544,Austin,TX,35-44,False
B04582,Las Vegas,NV,45-54,True
B17960,Austin,TX,18-24,False
B08901,Baltimore,MD,18-24,False
B15024,Detroit,MI,35-44,False
B01601,New York,NY,25-34,False
B03502,Las Vegas,NV,35-44,True
B04122,Las Vegas,NV,45-54,True
B17508,Houston,TX,35-44,True
B11449,San Antonio,TX,18-24,False
B02317,New York,NY,18-24,False
B13662,San Antonio,TX,45-54,False
B14478,Baltimore,MD,25-34,False
B00021,New York,NY,25-34,False
B09046,Washington,DC,35-44,False
B01039,New York,NY,45-54,True
B01567,New York,NY,18-24,False
B05276,Atlanta,GA,45-54,True
B02289,New York,NY,45-54,True
B06481,Atlanta,GA,18-24,False
B04454,Las Vegas,NV,25-34,True
B00847,New York,NY,25-34,True
B14125,Chicago,IL,35-44,False
B14515,Los Angeles,CA,25-34,False
B17323,Los Angeles,CA,35-44,True
B18294,Philadelphia,PA,18-24,True
B14958,Richmond,VA,35-44,True
B18395,Miami,FL,18-24,False
B02639,Las Vegas,NV,35-44,True
B16931,Los Angeles,CA,25-34,True
B11419,Houston,TX,45-54,True
B15602,Wilmington,DE,35-44,False
B04996,Las Vegas,NV,35-44,True
B14351,Newark,NJ,25-34,False
B06175,Atlanta,GA,35-44,False
B14769,Los Angeles,CA,18-24,True
B07960,Washington,DC,18-24,True
B16999,Detroit,MI,25-34,False
B16778,Newark,NJ,35-44,True
B16821,Dallas,TX,55+,True
B14112,Philadelphia,PA,25-34,False
B01587,New York,NY,25-34,False
B04910,Las Vegas,NV,25-34,True
B13843,Las Vegas,NV,18-24,True
B10075,Philadelphia,PA,35-44,True
B00335,New York,NY,35-44,False
B09835,Philadelphia,PA,25-34,False
B14717,Chicago,IL,55+,False
B03065,Las Vegas,NV,35-44,False
B03307,Las Vegas,NV,25-34,True
B05887,Atlanta,GA,45-54,True
B05399,Atlanta,GA,45-54,True
B16111,Philadelphia,PA,18-24,True
B08407,Baltimore,MD,18-24,True
B09921,Wilmington,DE,25-34,True
B05138,Las Vegas,NV,25-34,True
B13621,Philadelphia,PA,35-44,True
B17950,Birmingham,AL,45-54,False
B16491,Las Vegas,NV,25-34,False
B14396,Atlanta,GA,25-34,False
B12580,San Antonio,TX,35-44,False
B17725,Los Angeles,CA,18-24,False
B15650,New York,NY,35-44,False
B03154,Las Vegas,NV,55+,True
B15763,Philadelphia,PA,25-34,False
B10841,Camden,NJ,25-34,True
B03883,Las Vegas,NV,18-24,False
B15736,Houston,TX,18-24,True
B02147,New York,NY,45-54,True
B13259,Wilmington,DE,45-54,True
B16714,Dallas,TX,45-54,False
B00638,New York,NY,35-44,True
B05034,Las Vegas,NV,18-24,True
B12194,Houston,TX,25-34,False
B06707,Atlanta,GA,55+,True
B15232,New York,NY,35-44,False
B02942,Las Vegas,NV,18-24,False
B11390,Camden,NJ,18-24,True
B02353,New York,NY,25-34,False
B16222,New York,NY,18-24,True
B17314,Chicago,IL,18-24,True
B00888,New York,NY,25-34,False
B08498,Baltimore,MD,25-34,True
B14313,New York,NY,25-34,True
B14242,Detroit,MI,25-34,True
B18273,Newark,NJ,25-34,True
B00773,New York,NY,25-34,True
B13246,Wilmington,DE,35-44,False
B00229,New York,NY,45-54,False
B05235,Atlanta,GA,25-34,False
B07891,Baltimore,MD,25-34,True
B15375,Atlanta,GA,35-44,False
B14179,Birmingham,AL,35-44,False
B16403,Dallas,TX,35-44,True
B14186,Chicago,IL,55+,True
B00347,New York,NY,35-44,False
B16088,Charlotte,NC,35-44,True
B17992,Philadelphia,PA,25-34,True
B03125,Unknown,NV,25-34,True
B13636,Baltimore,MD,35-44,False
B02902,Las Vegas,NV,25-34,True
B04071,Las Vegas,NV,25-34,False
B05640,Atlanta,GA,18-24,True
B12618,Austin,TX,18-24,True
B00196,New York,NY,35-44,True
B00203,New York,NY,25-34,False
B03755,Las Vegas,NV,18-24,True
B12775,San Antonio,TX,25-34,True
B01659,New York,NY,25-34,True
B09949,Wilmington,DE,25-34,True
B08860,Baltimore,MD,45-54,False
B09015,Washington,DC,35-44,False
B17226,Chicago,IL,35-44,False
B14038,Los Angeles,CA,35-44,True
B02186,New York,NY,35-44,True
B14250,Richmond,VA,25-34,True
B12516,Houston,TX,25-34,True
B03374,Las Vegas,NV,25-34,True
B13337,Unknown,DC,35-44,False
B00901,New York,NY,45-54,True
B08960,Baltimore,MD,25-34,True
B13954,Detroit,MI,45-54,True
B14753,Baltimore,MD,35-44,True
B04207,Las Vegas,NV,35-44,False
B08187,Baltimore,MD,55+,True
B01638,New York,NY,25-34,True
B01280,New York,NY,18-24,False
B07620,Atlanta,GA,18-24,True
B13543,Austin,TX,45-54,False
B03078,Las Vegas,NV,55+,True
B17940,Baltimore,MD,45-54,True
B09478,Baltimore,MD,25-34,False
B11536,San Antonio,TX,25-34,True
B17109,Dallas,TX,25-34,True
B17170,Charlotte,NC,35-44,False
B11886,Austin,TX,55+,False
B16493,Wilmington,DE,35-44,True
B01570,New York,NY,25-34,True
B00140,New York,NY,55+,False
B06017,Atlanta,GA,25-34,True
B02399,New York,NY,55+,True
B00088,New York,NY,35-44,True
B02257,New York,NY,18-24,False
B07143,Atlanta,GA,25-34,True
B15607,Dallas,TX,25-34,False
B00352,New York,NY,35-44,True
B00292,New York,NY,25-34,True
B13253,New York,NY,45-54,True
B00342,New York,NY,18-24,True
B15303,Miami,FL,25-34,True
B09964,Wilmington,DE,25-34,False
B14076,Houston,TX,35-44,False
B12916,Houston,TX,35-44,True
B14868,Los Angeles,CA,35-44,True
B17485,Atlanta,GA,55+,True
B15571,Newark,NJ,35-44,False
B15271,Detroit,MI,55+,False
B16316,Atlanta,GA,45-54,True
B08522,Baltimore,MD,18-24,False
B16527,Newark,NJ,18-24,True
B05003,Las Vegas,NV,45-54,True
B14927,Philadelphia,PA,25-34,True
B08669,Baltimore,MD,25-34,True
B08012,Washington,DC,25-34,False
B15405,Birmingham,AL,35-44,False
B00242,New York,NY,45-54,False
B14443,San Antonio,TX,25-34,True
B17479,Atlanta,GA,25-34,True
B04235,Las Vegas,NV,45-54,True
B11887,San Antonio,TX,25-34,True
B16566,Miami,FL,25-34,False
B11792,Houston,TX,45-54,False
B00926,New York,NY,35-44,True
B09581,Washington,DC,25-34,True
B00042,New York,NY,18-24,True
B03271,Las Vegas,NV,35-44,False
B00138,New York,NY,25-34,False
B15694,Newark,NJ,35-44,True
B12218,Austin,TX,25-34,True
B09748,Philadelphia,PA,18-24,True
B14329,Dallas,TX,18-24,True
B05566,Atlanta,GA,25-34,True
B17091,Washington,DC,35-44,True
B17916,Miami,FL,35-44,True
B10120,Philadelphia,PA,35-44,True
B05092,Las Vegas,NV,25-34,True
B17721,Miami,FL,55+,True
B02653,Las Vegas,NV,45-54,True
B17306,Philadelphia,PA,25-34,False
B03380,Las Vegas,NV,18-24,False
B01425,New York,NY,25-34,False
B10132,Wilmington,DE,25-34,False
B00209,New York,NY,35-44,False
B16139,Philadelphia,PA,18-24,True
B10869,Wilmington,DE,18-24,True
B09961,Wilmington,DE,35-44,False
B11035,Philadelphia,PA,25-34,False
B01359,New York,NY,25-34,True
B04629,Las Vegas,NV,55+,False
B14596,Birmingham,AL,25-34,True
B14787,Charlotte,NC,45-54,True
B02484,New York,NY,25-34,False
B08371,Washington,DC,25-34,False
B00114,New York,NY,18-24,True
B03047,Las Vegas,NV,45-54,False
B15727,Detroit,MI,35-44,False
B17384,Baltimore,MD,25-34,False
B15453,Phoenix,AZ,55+,True
B03052,Las Vegas,NV,55+,False
B01474,New York,NY,18-24,True
B15646,Birmingham,AL,35-44,True
B00783,New York,NY,25-34,False
B07642,Atlanta,GA,35-44,True
B16753,Phoenix,AZ,45-54,False
B14404,Camden,NJ,35-44,False
B12736,Houston,TX,18-24,False
B15572,Newark,NJ,18-24,True
B06141,Atlanta,GA,35-44,True
B03959,Las Vegas,NV,18-24,True
B12350,Houston,TX,35-44,True
B11963,Houston,TX,18-24,False
B13816,Chicago,IL,35-44,False
B00372,New York,NY,45-54,False
B04601,Las Vegas,NV,25-34,True
B08190,Baltimore,MD,18-24,True
B11473,Houston,TX,35-44,True
B10650,Camden,NJ,35-44,True
B01812,New York,NY,45-54,False
B14360,Chicago,IL,45-54,True
B09084,Baltimore,MD,35-44,False
B02410,New York,NY,45-54,True
B09696,Philadelphia,PA,35-44,True
B11521,Unknown,TX,18-24,True
B17778,Detroit,MI,45-54,False
B07907,Baltimore,MD,25-34,False
B10550,Philadelphia,PA,45-54,False
B00327,New York,NY,18-24,True
B02613,Las Vegas,NV,25-34,True
B02688,Las Vegas,NV,25-34,True
B10566,Wilmington,DE,25-34,True
B17172,Los Angeles,CA,18-24,False
B13057,Houston,TX,25-34,True
B11753,Austin,TX,35-44,True
B16649,Chicago,IL,25-34,False
B00596,New York,NY,55+,True
B01507,New York,NY,18-24,True
B02951,Las Vegas,NV,25-34,True
B00211,New York,NY,45-54,True
B13556,New York,NY,18-24,False
B16805,Richmond,VA,25-34,True
B16293,New York,NY,25-34,True
B17639,Philadelphia,PA,25-34,False
B00501,New York,NY,25-34,False
B08905,Baltimore,MD,25-34,False
B08587,Baltimore,MD,35-44,True
B06066,Atlanta,GA,18-24,True
B09198,Baltimore,MD,18-24,True
B04402,Las Vegas,NV,45-54,True
B03029,Las Vegas,NV,25-34,True
B09760,Camden,NJ,25-34,True
B05706,Atlanta,GA,35-44,True
B03450,Las Vegas,NV,45-54,False
B05652,Atlanta,GA,25-34,False
B16913,Austin,TX,35-44,False
B13139,Houston,TX,25-34,True
B14058,Richmond,VA,35-44,True
B14257,San Antonio,TX,35-44,True
B14447,Baltimore,MD,25-34,True
B18025,Richmond,VA,25-34,False
B15088,Phoenix,AZ,35-44,False
B07089,Atlanta,GA,25-34,True
B14579,Los Angeles,CA,35-44,True
B07531,Atlanta,GA,45-54,True
B03151,Las Vegas,NV,35-44,True
B13567,Austin,TX,25-34,False
B14684,Newark,NJ,55+,True
B00270,New York,NY,25-34,True
B00843,New York,NY,18-24,False
B12445,Austin,TX,18-24,True
B02674,Las Vegas,NV,35-44,True
B12031,Austin,TX,18-24,True
B09828,Philadelphia,PA,25-34,True
B05486,Atlanta,GA,25-34,True
B12670,Houston,TX,25-34,False
B05386,Atlanta,GA,35-44,False
B16712,Philadelphia,PA,45-54,False
B16400,Charlotte,NC,45-54,True
B16167,Los Angeles,CA,35-44,True
B01034,New York,NY,35-44,False
B11739,Austin,TX,25-34,True
B08272,Baltimore,MD,55+,False
B11652,Austin,TX,55+,False
B01231,New York,NY,35-44,False
B15656,Los Angeles,CA,25-34,True
B05476,Atlanta,GA,25-34,False
B14070,Baltimore,MD,55+,True
B13218,Atlanta,GA,45-54,False
B08789,Baltimore,MD,25-34,False
B16961,Richmond,VA,25-34,True
B16163,New York,NY,35-44,True
B01275,New York,NY,35-44,True
B13712,Birmingham,AL,18-24,False
B13594,Austin,TX,25-34,True
B17075,New York,NY,45-54,False
B09786,Camden,NJ,18-24,False
B00090,New York,NY,25-34,True
B14022,Dallas,TX,18-24,True
B05247,Atlanta,GA,45-54,False
B10082,Wilmington,DE,25-34,False
B17389,Los Angeles,CA,45-54,True
B05258,Atlanta,GA,25-34,True
B03748,Las Vegas,NV,25-34,False
B12199,Houston,TX,18-24,True
B10098,Wilmington,DE,18-24,False
B09988,Camden,NJ,45-54,False
B00456,New York,NY,35-44,True
B05148,Las Vegas,NV,18-24,True
B11632,Houston,TX,45-54,False
B18255,Los Angeles,CA,35-44,False
B11844,San Antonio,TX,25-34,True
B12623,Houston,TX,55+,True
B17705,Wilmington,DE,25-34,True
B14831,Newark,NJ,25-34,True
B13050,Austin,TX,25-34,True
B17871,Los Angeles,CA,18-24,False
B11079,Wilmington,DE,25-34,True
B14620,Austin,TX,45-54,True
B02390,New York,NY,25-34,True
B14843,Dallas,TX,18-24,False
B09510,Washington,DC,35-44,True
B15715,Dallas,TX,35-44,True
B17646,New York,NY,35-44,True
B01076,New York,NY,25-34,True
B07999,Washington,DC,35-44,True
B09785,Wilmington,DE,25-34,False
B03459,Las Vegas,NV,25-34,False
B15549,Newark,NJ,35-44,True
B16692,Chicago,IL,35-44,True
B07428,Atlanta,GA,45-54,True
B13564,Camden,NJ,25-34,True
B09992,Camden,NJ,35-44,True
B00033,New York,NY,25-34,False
B14506,Miami,FL,35-44,False
B17477,Las Vegas,NV,25-34,False
B09027,Baltimore,MD,18-24,True
B12495,San Antonio,TX,35-44,True
B08804,Washington,DC,45-54,False
B16219,Baltimore,MD,25-34,True
B04023,Las Vegas,NV,25-34,False
B06916,Atlanta,GA,45-54,True
B05986,Atlanta,GA,25-34,True
B13681,San Antonio,TX,25-34,True
B01998,New York,NY,35-44,False
B02391,New York,NY,25-34,True
B13136,Houston,TX,18-24,True
B16932,Miami,FL,55+,True
B07245,Atlanta,GA,55+,True
B04202,Las Vegas,NV,55+,False
B16034,Chicago,IL,35-44,True
B08238,Baltimore,MD,25-34,False
B10078,Camden,NJ,35-44,True
B01417,New York,NY,25-34,True
B13814,Miami,FL,25-34,True
B02137,New York,NY,55+,False
B03756,Las Vegas,NV,55+,True
B08248,Washington,DC,18-24,False
B11516,San Antonio,TX,25-34,False
B00066,New York,NY,35-44,True
B06928,Atlanta,GA,35-44,True
B17891,Washington,DC,25-34,True
B07938,Washington,DC,55+,True
B17504,Miami,FL,25-34,True
B15749,Newark,NJ,25-34,False
B00818,New York,NY,25-34,True
B00453,New York,NY,25-34,True
B14045,Las Vegas,NV,35-44,True
B17621,Baltimore,MD,25-34,True
B12367,San Antonio,TX,45-54,True
B11076,Wilmington,DE,18-24,False
B12040,Houston,TX,25-34,True
B03158,Las Vegas,NV,25-34,True
B05299,Atlanta,GA,18-24,False
B13341,Atlanta,GA,25-34,False
B08361,Washington,DC,35-44,True
B14982,Richmond,VA,25-34,False
B10648,Philadelphia,PA,45-54,False
B11439,San Antonio,TX,45-54,True
B13261,San Antonio,TX,35-44,True
B02765,Las Vegas,NV,55+,True
B09983,Wilmington,DE,25-34,True
B16675,Phoenix,AZ,55+,False
B17579,Miami,FL,45-54,True
B05228,Atlanta,GA,18-24,False
B14276,Philadelphia,PA,25-34,False
B11619,Houston,TX,55+,True
B09352,Washington,DC,35-44,True
B06653,Atlanta,GA,25-34,False
B11322,Wilmington,DE,45-54,False
B16029,Las Vegas,NV,45-54,True
B05327,Atlanta,GA,55+,True
B04955,Las Vegas,NV,25-34,True
B07807,Washington,DC,35-44,True
B14615,Miami,FL,25-34,True
B03953,Las Vegas,NV,25-34,False
B14029,Chicago,IL,35-44,True
B08171,Washington,DC,35-44,True
B03520,Las Vegas,NV,45-54,False
B13608,Los Angeles,CA,18-24,True
B05253,Atlanta,GA,45-54,True
B10309,Wilmington,DE,55+,False
B06336,Atlanta,GA,18-24,False
B16178,Philadelphia,PA,18-24,False
B18159,Birmingham,AL,45-54,True
B10954,Wilmington,DE,55+,True
B11402,San Antonio,TX,25-34,True
B08659,Baltimore,MD,35-44,False
B01261,New York,NY,45-54,True
B05477,Unknown,GA,25-34,False
B06454,Atlanta,GA,55+,False
B13156,Houston,TX,25-34,True
B15769,Washington,DC,18-24,True
B10790,Wilmington,DE,35-44,True
B09385,Baltimore,MD,35-44,False
B17174,Unknown,TX,55+,False
B09064,Washington,DC,18-24,True
B15722,Philadelphia,PA,35-44,True
B17997,Miami,FL,35-44,True
B16962,Richmond,VA,18-24,True
B02437,New York,NY,35-44,False
B01296,New York,NY,25-34,True
B13628,Washington,DC,35-44,True
B07509,Atlanta,GA,35-44,False
B13533,San Antonio,TX,18-24,False
B07823,Baltimore,MD,55+,True
B09626,Philadelphia,PA,35-44,False
B07876,Washington,DC,55+,True
B06473,Atlanta,GA,35-44,True
B04075,Las Vegas,NV,25-34,True
B17329,Austin,TX,18-24,False
B15094,Wilmington,DE,18-24,True
B01729,New York,NY,25-34,True
B14320,Unknown,PA,45-54,True
B00095,New York,NY,35-44,True
B03618,Las Vegas,NV,35-44,True
B13997,Los Angeles,CA,25-34,False
B12072,Austin,TX,25-34,False
B04998,Las Vegas,NV,35-44,False
B02320,New York,NY,55+,True
B14626,Austin,TX,25-34,True
B01085,New York,NY,55+,True
B13472,Philadelphia,PA,35-44,False
B09393,Baltimore,MD,25-34,False
B00941,New York,NY,55+,True
B04985,Las Vegas,NV,18-24,False
B02087,New York,NY,35-44,False
B15245,Austin,TX,25-34,False
B13949,Detroit,MI,45-54,True
B15677,Austin,TX,25-34,True
B14093,Birmingham,AL,25-34,True
B08642,Baltimore,MD,45-54,True
B07988,Washington,DC,25-34,True
B00886,New York,NY,25-34,True
B03652,Las Vegas,NV,18-24,True
B08092,Washington,DC,25-34,False
B02524,New York,NY,25-34,False
B13304,Camden,NJ,18-24,True
B10121,Philadelphia,PA,25-34,True
B06515,Atlanta,GA,35-44,True
B16231,Detroit,MI,55+,False
B01514,New York,NY,35-44,False
B16136,Phoenix,AZ,35-44,True
B02632,Las Vegas,NV,18-24,True
B00439,New York,NY,35-44,False
B00233,New York,NY,18-24,True
B18165,Detroit,MI,18-24,True
B11088,Philadelphia,PA,35-44,True
B09356,Baltimore,MD,25-34,False
B08628,Baltimore,MD,45-54,False
B06128,Atlanta,GA,35-44,False
B01428,New York,NY,25-34,True
B06040,Atlanta,GA,35-44,True
B16769,Washington,DC,18-24,False
B13170,Austin,TX,25-34,True
B14729,Miami,FL,35-44,True
B03068,Las Vegas,NV,45-54,True
B07821,Washington,DC,25-34,True
B05934,Atlanta,GA,25-34,False
B05448,Atlanta,GA,25-34,True
B14551,Chicago,IL,25-34,False
B05410,Atlanta,GA,35-44,True
B16359,Miami,FL,25-34,False
B11725,San Antonio,TX,35-44,False
B10335,Camden,NJ,18-24,False
B15898,New York,NY,35-44,True
B15580,New York,NY,25-34,True
B17513,Los Angeles,CA,35-44,True
B13408,Philadelphia,PA,35-44,False
B11957,San Antonio,TX,35-44,True
B12493,San Antonio,TX,35-44,False
B14369,Detroit,MI,18-24,True
B00414,New York,NY,25-34,True
B11065,Philadelphia,PA,35-44,False
B06921,Atlanta,GA,18-24,False
B04375,Las Vegas,NV,35-44,False
B07140,Atlanta,GA,35-44,True
B01755,New York,NY,35-44,True
B08040,Baltimore,MD,25-34,True
B04788,Las Vegas,NV,25-34,False
B04212,Las Vegas,NV,25-34,True
B14840,Baltimore,MD,18-24,True
B17105,Unknown,CA,25-34,True
B08927,Baltimore,MD,25-34,True
B05329,Atlanta,GA,25-34,False
B11669,San Antonio,TX,25-34,True
B06601,Atlanta,GA,35-44,False
B04008,Las Vegas,NV,45-54,False
B01239,New York,NY,35-44,True
B11468,Houston,TX,25-34,False
B00349,New York,NY,35-44,True
B15068,Los Angeles,CA,45-54,True
B05878,Atlanta,GA,45-54,True
B03698,Las Vegas,NV,45-54,True
B13410,Los Angeles,CA,45-54,True
B10931,Camden,NJ,25-34,False
B03766,Las Vegas,NV,25-34,True
B12432,Houston,TX,25-34,True
B13810,Las Vegas,NV,35-44,False
B08923,Washington,DC,18-24,True
B06348,Atlanta,GA,35-44,False
B04673,Las Vegas,NV,25-34,False
B15674,Camden,NJ,18-24,True
B00189,New York,NY,45-54,True
B02633,Las Vegas,NV,18-24,True
B08844,Washington,DC,25-34,True
B02607,Las Vegas,NV,55+,False
B09279,Washington,DC,18-24,False
B13746,Philadelphia,PA,25-34,True
B02722,Las Vegas,NV,35-44,False
B11638,Houston,TX,18-24,False
B01845,New York,NY,35-44,True
B00937,New York,NY,35-44,False
B04838,Las Vegas,NV,35-44,False
B13822,Newark,NJ,25-34,True
B09622,Philadelphia,PA,25-34,True
B13964,Las Vegas,NV,35-44,False
B13351,Atlanta,GA,25-34,True
B13469,Camden,NJ,45-54,True
B15776,Philadelphia,PA,45-54,True
B07539,Atlanta,GA,18-24,False
B11813,San Antonio,TX,25-34,True
B02058,New York,NY,18-24,False
B06522,Atlanta,GA,25-34,False
B08390,Washington,DC,25-34,False
B00785,New York,NY,25-34,True
B08547,Washington,DC,18-24,False
B05337,Atlanta,GA,35-44,True
B17633,Camden,NJ,25-34,False
B18174,Richmond,VA,18-24,False
B11381,Philadelphia,PA,18-24,True
B15545,Austin,TX,35-44,True
B14115,Chicago,IL,45-54,True
B14647,Chicago,IL,35-44,True
B04748,Las Vegas,NV,35-44,True
B01565,New York,NY,25-34,False
B08673,Baltimore,MD,25-34,True
B02750,Las Vegas,NV,25-34,True
B06432,Atlanta,GA,35-44,False
B10489,Philadelphia,PA,45-54,False
B14026,Austin,TX,25-34,False
B02781,Las Vegas,NV,18-24,False
B14695,Detroit,MI,18-24,True
B10986,Camden,NJ,45-54,True
B16622,Dallas,TX,25-34,True
B13587,Atlanta,GA,25-34,True
B05254,Atlanta,GA,18-24,False
B11694,Austin,TX,25-34,False
B03343,Las Vegas,NV,35-44,False
B17359,Washington,DC,18-24,True
B13642,Phoenix,AZ,18-24,True
B13440,Chicago,IL,55+,False
B13952,Detroit,MI,35-44,True
B00802,Unknown,NY,35-44,True
B17222,Phoenix,AZ,25-34,False
B17142,Chicago,IL,25-34,True
B05430,Atlanta,GA,25-34,True
B02692,Unknown,NV,35-44,False
B08675,Washington,DC,25-34,True
B14682,Newark,NJ,25-34,True
B15767,Newark,NJ,35-44,True
B13436,Detroit,MI,45-54,False
B01634,New York,NY,35-44,True
B09667,Wilmington,DE,35-44,True
B03267,Las Vegas,NV,25-34,False
B08882,Baltimore,MD,35-44,True
B10084,Philadelphia,PA,25-34,False
B03357,Unknown,NV,25-34,False
B12364,Austin,TX,45-54,True
B11969,Houston,TX,55+,True
B13948,Atlanta,GA,25-34,False
B02748,Las Vegas,NV,25-34,False
B09336,Washington,DC,25-34,False
B02618,Las Vegas,NV,35-44,False
B01984,New York,NY,25-34,True
B13501,Detroit,MI,25-34,True
B03526,Las Vegas,NV,18-24,False
B02502,New York,NY,25-34,False
B14460,Los Angeles,CA,18-24,True
B12666,Houston,TX,45-54,True
B08194,Baltimore,MD,35-44,False
B09330,Washington,DC,55+,True
B13611,Los Angeles,CA,45-54,False
B07914,Washington,DC,35-44,True
B00449,New York,NY,25-34,False
B10354,Philadelphia,PA,35-44,True
B14642,Atlanta,GA,18-24,True
B15028,Chicago,IL,35-44,True
B13138,San Antonio,TX,18-24,True
B01925,New York,NY,25-34,False
B10775,Wilmington,DE,25-34,False
B13432,Philadelphia,PA,35-44,True
B08884,Washington,DC,35-44,True
B14529,Detroit,MI,25-34,True
B02971,Las Vegas,NV,35-44,False
B16021,Philadelphia,PA,35-44,True
B17663,Newark,NJ,35-44,True
B05199,Las Vegas,NV,45-54,True
B17787,Charlotte,NC,25-34,True
B01806,New York,NY,18-24,False
B15835,Philadelphia,PA,18-24,True
B16344,Newark,NJ,55+,True
B10470,Wilmington,DE,35-44,True
B17949,Austin,TX,35-44,False
B02693,Las Vegas,NV,18-24,True
B12132,Houston,TX,55+,True
B02432,New York,NY,25-34,False
B16565,Philadelphia,PA,18-24,False
B09554,Washington,DC,25-34,False
B13891,Baltimore,MD,25-34,True
B13080,Austin,TX,45-54,False
B09717,Philadelphia,PA,45-54,False
B16094,Richmond,VA,45-54,False
B18160,Baltimore,MD,18-24,True
B00098,New York,NY,18-24,True
B01599,New York,NY,25-34,False
B11579,Houston,TX,18-24,False
B08216,Baltimore,MD,25-34,False
B09811,Wilmington,DE,35-44,False
B03212,Las Vegas,NV,25-34,True
B00110,New York,NY,18-24,True
B01246,New York,NY,35-44,False
B14384,Charlotte,NC,45-54,True
B11519,San Antonio,TX,18-24,True
B00009,New York,NY,35-44,True
B13633,Austin,TX,18-24,True
B12563,Houston,TX,18-24,True
B13459,Charlotte,NC,25-34,False
B02029,New York,NY,35-44,False
B13085,San Antonio,TX,25-34,True
B13849,Wilmington,DE,25-34,True
B13233,Dallas,TX,25-34,True
B09662,Philadelphia,PA,18-24,False
B02950,Las Vegas,NV,25-34,True
B03460,Las Vegas,NV,55+,True
B05326,Atlanta,GA,35-44,False
B15897,Birmingham,AL,25-34,False
B14238,Charlotte,NC,18-24,True
B02202,New York,NY,25-34,True
B05286,Atlanta,GA,25-34,False
B02180,New York,NY,35-44,True
B13835,Las Vegas,NV,35-44,True
B07510,Atlanta,GA,35-44,True
B08353,Washington,DC,25-34,False
B05676,Atlanta,GA,25-34,False
B14080,Birmingham,AL,25-34,True
B14556,Newark,NJ,25-34,True
B05521,Atlanta,GA,18-24,False
B04004,Las Vegas,NV,25-34,False
B13006,San Antonio,TX,25-34,True
B01846,New York,NY,35-44,False
B18302,Los Angeles,CA,25-34,True
B13715,Washington,DC,25-34,True
B15332,Chicago,IL,18-24,False
B07243,Atlanta,GA,45-54,True
B11213,Philadelphia,PA,35-44,True
B00781,New York,NY,25-34,True
B16644,Las Vegas,NV,25-34,True
B00014,New York,NY,45-54,True
B17658,Phoenix,AZ,35-44,True
B06260,Atlanta,GA,55+,False
B01893,New York,NY,25-34,False
B10783,Camden,NJ,35-44,True
B14178,Los Angeles,CA,45-54,False
B15186,Phoenix,AZ,25-34,False
B15226,Richmond,VA,18-24,True
B00920,New York,NY,25-34,True
B13428,Richmond,VA,55+,True
B05780,Atlanta,GA,25-34,False
B10389,Wilmington,DE,18-24,False
B15603,New York,NY,35-44,False
B11081,Wilmington,DE,35-44,True
B08680,Washington,DC,18-24,True
B13916,Detroit,MI,25-34,False
B11408,San Antonio,TX,25-34,True
B12189,San Antonio,TX,35-44,True
B08192,Baltimore,MD,45-54,True
B00374,New York,NY,25-34,True
B14661,New York,NY,35-44,False
B02227,New York,NY,55+,False
B09994,Camden,NJ,35-44,False
B18318,Newark,NJ,35-44,False
B15378,Philadelphia,PA,55+,False
B05997,Atlanta,GA,18-24,False
B13688,Los Angeles,CA,45-54,True
B16856,Washington,DC,25-34,False
B09287,Washington,DC,35-44,False
B17252,Camden,NJ,35-44,True
B11355,Wilmington,DE,35-44,True
B13960,Detroit,MI,25-34,False
B10911,Philadelphia,PA,35-44,False
B14136,Detroit,MI,35-44,True
B14146,Houston,TX,55+,False
B04267,Las Vegas,NV,25-34,True
B12858,Austin,TX,25-34,True
B01612,New York,NY,35-44,True
B03483,Las Vegas,NV,45-54,True
B15082,Dallas,TX,25-34,True
B07347,Atlanta,GA,45-54,True
B13660,Houston,TX,35-44,False
B00568,New York,NY,18-24,True
B04550,Las Vegas,NV,45-54,True
B11520,Austin,TX,25-34,True
B13248,Miami,FL,35-44,False
B05289,Atlanta,GA,18-24,True
B00641,Unknown,NY,18-24,False
B08948,Baltimore,MD,25-34,True
B09677,Philadelphia,PA,25-34,False
B09344,Washington,DC,35-44,True
B09719,Camden,NJ,55+,False
B09175,Washington,DC,25-34,True
B05497,Atlanta,GA,35-44,False
B05561,Atlanta,GA,45-54,False
B12921,Houston,TX,25-34,True
B15989,Newark,NJ,18-24,True
B13415,Charlotte,NC,25-34,False
B13993,Chicago,IL,35-44,False
B16382,Charlotte,NC,25-34,False
B08209,Baltimore,MD,35-44,False
B10776,Wilmington,DE,35-44,True
B09608,Philadelphia,PA,35-44,False
B01822,New York,NY,25-34,False
B09937,Philadelphia,PA,35-44,False
B16334,Phoenix,AZ,35-44,True
B11653,San Antonio,TX,18-24,True
B09485,Baltimore,MD,25-34,False
B05604,Atlanta,GA,45-54,False
B05428,Atlanta,GA,55+,False
B09219,Washington,DC,35-44,False
B00574,New York,NY,45-54,True
B14371,Los Angeles,CA,25-34,True
B00249,New York,NY,25-34,True
B04926,Las Vegas,NV,18-24,True
B14216,San Antonio,TX,55+,False
B11066,Philadelphia,PA,35-44,False
B04446,Las Vegas,NV,45-54,False
B16989,Houston,TX,25-34,False
B09591,Unknown,MD,35-44,False
B08590,Baltimore,MD,18-24,True
B00202,New York,NY,35-44,True
B00040,New York,NY,25-34,True
B04908,Las Vegas,NV,45-54,True
B07864,Washington,DC,35-44,True
B04649,Las Vegas,NV,25-34,True
B11115,Camden,NJ,35-44,True
B06648,Atlanta,GA,18-24,True
B01790,New York,NY,55+,True
B05809,Atlanta,GA,25-34,True
B17144,Newark,NJ,18-24,True
B12547,San Antonio,TX,35-44,True
B12074,Austin,TX,35-44,True
B07595,Atlanta,GA,25-34,True
B14468,Richmond,VA,45-54,False
B17535,Houston,TX,25-34,True
B17596,Washington,DC,25-34,True
B04779,Las Vegas,NV,18-24,False
B18276,Baltimore,MD,35-44,True
B04166,Las Vegas,NV,45-54,False
B17372,Philadelphia,PA,45-54,True
B15076,Richmond,VA,35-44,True
B02079,New York,NY,18-24,False
B00070,New York,NY,25-34,True
B12055,Houston,TX,55+,False
B03820,Las Vegas,NV,35-44,False
B03002,Las Vegas,NV,35-44,False
B12643,Unknown,TX,18-24,False
B05565,Atlanta,GA,35-44,False
B01623,New York,NY,35-44,True
B17127,Charlotte,NC,25-34,False
B14512,Unknown,IL,18-24,False
B13475,Phoenix,AZ,35-44,False
B16470,Dallas,TX,55+,True
B06908,Atlanta,GA,35-44,True
B10001,Philadelphia,PA,35-44,True
B06003,Atlanta,GA,35-44,True
B04456,Las Vegas,NV,25-34,True
B10669,Camden,NJ,35-44,True
B13316,Phoenix,AZ,55+,False
B17920,Newark,NJ,35-44,False
B13256,Austin,TX,35-44,True
B00571,New York,NY,25-34,False
B02624,Las Vegas,NV,25-34,True
B09948,Wilmington,DE,35-44,False
B07098,Atlanta,GA,18-24,False
B14987,Atlanta,GA,25-34,True
B07658,Atlanta,GA,55+,False
B01277,New York,NY,45-54,True
B07971,Washington,DC,55+,False
B16686,New York,NY,25-34,False
B03442,Las Vegas,NV,35-44,True
B15053,Dallas,TX,55+,True
B11018,Wilmington,DE,45-54,False
B17331,Phoenix,AZ,18-24,True
B11585,San Antonio,TX,45-54,True
B07282,Atlanta,GA,25-34,True
B09806,Wilmington,DE,35-44,True
B03717,Las Vegas,NV,25-34,True
B04146,Las Vegas,NV,45-54,False
B14363,Philadelphia,PA,35-44,True
B16985,Washington,DC,18-24,True
B01994,New York,NY,25-34,True
B17608,Newark,NJ,45-54,True
B14154,Washington,DC,18-24,True
B13269,Birmingham,AL,55+,False
B17998,New York,NY,25-34,True
B12184,Austin,TX,25-34,False
B01292,New York,NY,35-44,True
B13559,Philadelphia,PA,18-24,True
B04413,Las Vegas,NV,35-44,True
B15275,Charlotte,NC,55+,False
B01541,New York,NY,18-24,True
B10226,Camden,NJ,45-54,False
B14494,Philadelphia,PA,35-44,False
B06295,Atlanta,GA,18-24,True
B14036,Philadelphia,PA,25-34,False
B09174,Washington,DC,35-44,True
B17715,Phoenix,AZ,35-44,True
B14118,Wilmington,DE,35-44,False
B12378,Houston,TX,25-34,False
B14191,Atlanta,GA,35-44,False
B13821,Miami,FL,35-44,False
B13454,Los Angeles,CA,35-44,True
B07967,Unknown,DC,25-34,False
B05666,Atlanta,GA,45-54,False
B17350,Birmingham,AL,18-24,True
B16146,Wilmington,DE,35-44,True
B08571,Baltimore,MD,25-34,True
B13896,Dallas,TX,35-44,False
B04460,Unknown,NV,55+,False
B14550,Birmingham,AL,55+,True
B14688,Houston,TX,35-44,True
B10595,Philadelphia,PA,35-44,True
B14305,Camden,NJ,55+,True
B11613,Austin,TX,35-44,False
B06965,Atlanta,GA,35-44,False
B14883,Las Vegas,NV,45-54,True
B00477,New York,NY,35-44,True
B07353,Atlanta,GA,45-54,False
B15264,Los Angeles,CA,45-54,False
B04329,Las Vegas,NV,45-54,True
B15486,Charlotte,NC,25-34,True
B08406,Baltimore,MD,18-24,True
B11463,San Antonio,TX,35-44,True
B01249,New York,NY,25-34,True
B05192,Las Vegas,NV,25-34,True
B12385,San Antonio,TX,45-54,True
B08859,Baltimore,MD,25-34,True
B14424,Philadelphia,PA,25-34,True
B16606,Austin,TX,25-34,True
B13812,Miami,FL,45-54,False
B07910,Baltimore,MD,18-24,True
B11229,Camden,NJ,45-54,True
B00608,New York,NY,18-24,True
B13585,New York,NY,55+,False
B06505,Atlanta,GA,35-44,False
B14784,Dallas,TX,55+,False
B00190,New York,NY,25-34,False
B03961,Las Vegas,NV,45-54,True
B13655,New York,NY,18-24,True
B17061,Birmingham,AL,35-44,True
B18012,Las Vegas,NV,35-44,True
B07206,Atlanta,GA,25-34,False
B17160,Miami,FL,25-34,True
B01927,New York,NY,45-54,True
B10924,Camden,NJ,25-34,True
B09740,Wilmington,DE,55+,False
B11532,Houston,TX,35-44,True
B13930,Birmingham,AL,18-24,False
B12004,Houston,TX,55+,True
B01818,New York,NY,35-44,False
B11623,San Antonio,TX,35-44,False
B09829,Wilmington,DE,25-34,False
B08346,Washington,DC,45-54,True
B16412,Miami,FL,25-34,False
B08182,Baltimore,MD,25-34,False
B16003,Miami,FL,45-54,False
B13349,Austin,TX,45-54,False
B10002,Wilmington,DE,25-34,True
B10637,Wilmington,DE,25-34,False
B13280,Atlanta,GA,25-34,True
B09632,Philadelphia,PA,25-34,True
B00530,Unknown,NY,35-44,True
B01991,New York,NY,25-34,True
B04535,Las Vegas,NV,25-34,True
B15609,Miami,FL,18-24,True
B12186,Austin,TX,18-24,True
B17896,Richmond,VA,35-44,True
B16251,Philadelphia,PA,25-34,False
B16648,Austin,TX,45-54,False
B02090,New York,NY,35-44,False
B08269,Baltimore,MD,45-54,False
B15683,Phoenix,AZ,35-44,True
B17894,Miami,FL,45-54,True
B02647,Las Vegas,NV,18-24,False
B03348,Las Vegas,NV,25-34,True
B14465,Dallas,TX,18-24,True
B15356,Dallas,TX,35-44,True
B17273,Miami,FL,25-34,False
B13817,Phoenix,AZ,25-34,False
B00615,New York,NY,35-44,True
B05271,Atlanta,GA,45-54,True
B06692,Atlanta,GA,25-34,True
B17701,Newark,NJ,18-24,True
B17491,Washington,DC,18-24,True
B00016,New York,NY,45-54,True
B15106,Phoenix,AZ,25-34,True
B18101,San Antonio,TX,25-34,True
B00626,New York,NY,18-24,True
B09388,Washington,DC,45-54,True
B12986,Austin,TX,18-24,False
B11499,Unknown,TX,35-44,False
B03018,Las Vegas,NV,35-44,False
B16056,Baltimore,MD,18-24,False
B08451,Baltimore,MD,18-24,False
B01378,New York,NY,25-34,True
B01889,New York,NY,18-24,True
B09915,Philadelphia,PA,35-44,True
B15507,Philadelphia,PA,35-44,True
B13630,Chicago,IL,45-54,True
B02965,Las Vegas,NV,55+,False
B08648,Washington,DC,55+,True
B05765,Atlanta,GA,55+,False
B14801,Dallas,TX,18-24,True
B01218,New York,NY,25-34,True
B04089,Las Vegas,NV,55+,False
B10749,Camden,NJ,25-34,False
B17378,Newark,NJ,25-34,True
B05244,Atlanta,GA,25-34,True
B15177,Philadelphia,PA,35-44,True
B13251,Los Angeles,CA,18-24,True
B12111,Austin,TX,35-44,False
B10685,Camden,NJ,35-44,True
B10399,Camden,NJ,55+,True
B14017,Chicago,IL,25-34,False
B15191,Baltimore,MD,35-44,True
B14632,New York,NY,35-44,True
B01169,New York,NY,35-44,True
B09836,Philadelphia,PA,18-24,False
B02903,Las Vegas,NV,18-24,False
B14195,Atlanta,GA,45-54,False
B06135,Atlanta,GA,55+,False
B04269,Las Vegas,NV,35-44,False
B13861,Unknown,IL,55+,True
B05769,Atlanta,GA,35-44,False
B16008,Charlotte,NC,18-24,False
B10092,Philadelphia,PA,35-44,False
B02717,Las Vegas,NV,45-54,True
B17283,Las Vegas,NV,18-24,False
B09354,Baltimore,MD,18-24,False
B15136,Las Vegas,NV,18-24,True
B16206,San Antonio,TX,25-34,True
B09637,Philadelphia,PA,55+,True
B16450,Unknown,CA,18-24,True
B17735,Washington,DC,35-44,True
B12654,San Antonio,TX,25-34,False
B10634,Camden,NJ,55+,True
B16799,Charlotte,NC,45-54,False
B01803,New York,NY,18-24,True
B13977,Philadelphia,PA,25-34,True
B00681,Unknown,NY,45-54,False
B08549,Washington,DC,25-34,False
B14164,Washington,DC,25-34,False
B15340,Philadelphia,PA,45-54,False
B15414,Las Vegas,NV,45-54,True
B02631,Las Vegas,NV,25-34,False
B07892,Baltimore,MD,25-34,True
B04121,Las Vegas,NV,55+,True
B10150,Philadelphia,PA,18-24,False
B06033,Atlanta,GA,35-44,True
B15397,Atlanta,GA,55+,False
B18153,New York,NY,18-24,True
B01255,New York,NY,25-34,False
B12546,Houston,TX,25-34,True
B11245,Wilmington,DE,18-24,True
B02328,New York,NY,35-44,False
B18233,Dallas,TX,25-34,False
B15129,Charlotte,NC,35-44,True
B11766,Houston,TX,18-24,False
B01773,New York,NY,25-34,False
B09746,Camden,NJ,25-34,True
B00621,New York,NY,18-24,True
B10073,Wilmington,DE,25-34,True
B00936,New York,NY,18-24,False
B03157,Las Vegas,NV,25-34,True
B03131,Las Vegas,NV,25-34,False
B01478,New York,NY,25-34,False
B15982,Las Vegas,NV,35-44,False
B18177,Phoenix,AZ,25-34,True
B05536,Atlanta,GA,35-44,True
B10736,Camden,NJ,25-34,False
B15780,Unknown,MI,55+,True
B02367,New York,NY,45-54,True
B12389,Houston,TX,18-24,False
B14915,San Antonio,TX,35-44,True
B13145,Austin,TX,35-44,True
B17632,Birmingham,AL,25-34,False
B04181,Unknown,NV,25-34,False
B03826,Las Vegas,NV,55+,False
B08290,Washington,DC,25-34,True
B14366,Miami,FL,25-34,False
B01842,New York,NY,18-24,False
B06011,Atlanta,GA,55+,False
B09945,Philadelphia,PA,35-44,True
B10282,Philadelphia,PA,18-24,True
B13694,New York,NY,35-44,True
B16164,Phoenix,AZ,25-34,True
B02330,New York,NY,25-34,False
B08472,Baltimore,MD,45-54,True
B12020,Austin,TX,35-44,True
B05850,Atlanta,GA,45-54,False
B13421,New York,NY,45-54,True
B07056,Atlanta,GA,35-44,False
B06069,Atlanta,GA,35-44,False
B14511,Washington,DC,18-24,True
B13365,Birmingham,AL,35-44,True
B17322,Phoenix,AZ,18-24,True
B16169,Camden,NJ,25-34,True
B12447,Austin,TX,25-34,True
B12919,San Antonio,TX,25-34,True
B05323,Atlanta,GA,45-54,False
B06075,Atlanta,GA,25-34,True
B16607,Philadelphia,PA,45-54,True
B03760,Las Vegas,NV,45-54,True
B06249,Atlanta,GA,35-44,False
B14409,Las Vegas,NV,18-24,False
B14813,Chicago,IL,35-44,False
B11930,San Antonio,TX,25-34,False
B01382,New York,NY,18-24,True
B16786,Washington,DC,55+,True
B03872,Las Vegas,NV,35-44,True
B14954,Birmingham,AL,18-24,False
B13376,Washington,DC,18-24,True
B16719,Philadelphia,PA,18-24,False
B17178,Chicago,IL,35-44,True
B01137,New York,NY,35-44,True
B03838,Las Vegas,NV,18-24,True
B09442,Washington,DC,25-34,True
B02440,Unknown,NY,25-34,True
B14153,Dallas,TX,18-24,True
B09131,Baltimore,MD,35-44,True
B17096,Charlotte,NC,18-24,False
B11524,Houston,TX,25-34,False
B11689,Houston,TX,45-54,False
B00956,New York,NY,25-34,True
B11805,San Antonio,TX,25-34,True
B17805,Unknown,TX,25-34,False
B14624,Detroit,MI,35-44,True
B10359,Wilmington,DE,35-44,True
B12792,Houston,TX,25-34,False
B13111,Austin,TX,55+,False
B03933,Las Vegas,NV,25-34,True
B13210,Phoenix,AZ,18-24,True
B13601,Baltimore,MD,35-44,True
B02889,Las Vegas,NV,35-44,True
B02234,New York,NY,45-54,False
B13549,Houston,TX,45-54,False
B08643,Baltimore,MD,18-24,True
B11435,San Antonio,TX,25-34,True
B11830,San Antonio,TX,25-34,False
B08070,Baltimore,MD,18-24,True
B09706,Philadelphia,PA,45-54,True
B13025,Austin,TX,45-54,False
B13669,Washington,DC,25-34,True
B00245,New York,NY,25-34,False
B11683,Austin,TX,35-44,True
B14566,Austin,TX,25-34,False
B06091,Atlanta,GA,25-34,True
B16241,Philadelphia,PA,35-44,True
B01753,New York,NY,35-44,True
B16480,Atlanta,GA,35-44,True
B17892,Atlanta,GA,55+,False
B11298,Camden,NJ,18-24,False
B15278,Los Angeles,CA,55+,False
B09601,Philadelphia,PA,25-34,True
B05402,Atlanta,GA,35-44,True
B11596,Houston,TX,25-34,False
B05194,Las Vegas,NV,18-24,False
B17524,Atlanta,GA,25-34,True
B09218,Baltimore,MD,35-44,True
B00474,New York,NY,25-34,True
B15290,Detroit,MI,35-44,False
B01049,New York,NY,25-34,True
B11187,Camden,NJ,45-54,True
B07713,Atlanta,GA,18-24,False
B00376,New York,NY,25-34,False
B02203,New York,NY,35-44,True
B07898,Washington,DC,55+,True
B09910,Camden,NJ,45-54,True
B02035,New York,NY,35-44,True
B00977,New York,NY,18-24,False
B01465,New York,NY,25-34,True
B14988,Camden,NJ,25-34,True
B08526,Baltimore,MD,18-24,True
B00239,New York,NY,25-34,False
B14648,Washington,DC,18-24,True
B17002,New York,NY,55+,True
B02709,Las Vegas,NV,25-34,False
B08961,Washington,DC,55+,False
B02455,New York,NY,18-24,True
B12181,Houston,TX,18-24,True
B14437,Richmond,VA,35-44,False
B16098,Chicago,IL,35-44,False
B18256,Los Angeles,CA,35-44,False
B00823,New York,NY,18-24,True
B08098,Baltimore,MD,18-24,False
B15146,San Antonio,TX,35-44,True
B12384,San Antonio,TX,18-24,False
B03332,Las Vegas,NV,35-44,False
B16721,Detroit,MI,18-24,True
B18282,Richmond,VA,18-24,False
B05580,Unknown,GA,45-54,True
B14870,Detroit,MI,25-34,False
B17376,Atlanta,GA,25-34,False
B12656,Houston,TX,25-34,False
B05514,Atlanta,GA,18-24,True
B09711,Camden,NJ,45-54,False
B18104,Charlotte,NC,25-34,True
B15288,Washington,DC,25-34,False
B02858,Las Vegas,NV,35-44,False
B13395,Wilmington,DE,25-34,True
B05185,Las Vegas,NV,35-44,True
B09906,Camden,NJ,25-34,False
B01827,New York,NY,45-54,False
B02841,Las Vegas,NV,25-34,False
B11424,Houston,TX,25-34,True
B16134,Charlotte,NC,25-34,False
B06821,Atlanta,GA,25-34,False
B09817,Wilmington,DE,25-34,False
B13867,Camden,NJ,18-24,True
B16492,Washington,DC,45-54,True
B14109,Phoenix,AZ,25-34,True
B08005,Washington,DC,18-24,True
B13330,Birmingham,AL,35-44,True
B00850,New York,NY,18-24,False
B00715,New York,NY,18-24,False
B00136,New York,NY,55+,True
B00662,New York,NY,18-24,True
B13332,Houston,TX,35-44,True
B03848,Las Vegas,NV,45-54,False
B09621,Philadelphia,PA,25-34,False
B05798,Atlanta,GA,35-44,False
B01151,New York,NY,35-44,True
B08027,Baltimore,MD,18-24,False
B17961,Austin,TX,25-34,False
B12096,San Antonio,TX,18-24,True
B13510,Los Angeles,CA,18-24,False
B17662,Detroit,MI,35-44,False
B00868,New York,NY,18-24,False
B05619,Atlanta,GA,18-24,True
B14378,New York,NY,45-54,False
B17167,Richmond,VA,18-24,True
B01002,New York,NY,35-44,True
B09348,Washington,DC,35-44,False
B10734,Philadelphia,PA,25-34,True
B17622,Dallas,TX,25-34,False
B11942,San Antonio,TX,55+,True
B11357,Camden,NJ,25-34,True
B00811,New York,NY,25-34,True
B06804,Atlanta,GA,25-34,True
B07816,Baltimore,MD,35-44,False
B12926,Houston,TX,25-34,True
B17292,Detroit,MI,18-24,False
B17875,Houston,TX,25-34,True
B00068,New York,NY,35-44,False
B16561,Detroit,MI,25-34,True
B01009,New York,NY,25-34,True
B17801,Los Angeles,CA,25-34,True
B13578,Phoenix,AZ,25-34,True
B06474,Atlanta,GA,25-34,False
B15342,Charlotte,NC,25-34,True
B08469,Washington,DC,55+,True
B15599,Chicago,IL,18-24,True
B17741,Miami,FL,55+,True
B10365,Wilmington,DE,25-34,True
B16023,Camden,NJ,25-34,True
B09690,Philadelphia,PA,18-24,True
B10019,Philadelphia,PA,25-34,False
B09812,Camden,NJ,25-34,True
B04436,Las Vegas,NV,55+,True
B05541,Atlanta,GA,25-34,False
B17898,Baltimore,MD,35-44,True
B14278,Unknown,TX,45-54,False
B13685,Phoenix,AZ,35-44,True
B15643,Newark,NJ,25-34,True
B15322,Camden,NJ,45-54,False
B02332,New York,NY,25-34,True
B08492,Baltimore,MD,35-44,True
B05440,Atlanta,GA,45-54,True
B00285,New York,NY,25-34,True
B12608,San Antonio,TX,25-34,True
B16596,Charlotte,NC,25-34,True
B14738,Newark,NJ,35-44,False
B11875,San Antonio,TX,45-54,True
B13323,Atlanta,GA,25-34,True
B13741,Phoenix,AZ,25-34,True
B00371,New York,NY,35-44,False
B17762,Birmingham,AL,45-54,True
B15724,New York,NY,25-34,False
B17382,New York,NY,25-34,True
B02519,New York,NY,25-34,True
B02660,Las Vegas,NV,35-44,True
B05816,Atlanta,GA,35-44,True
B16068,Dallas,TX,25-34,False
B01089,New York,NY,25-34,False
B00159,New York,NY,25-34,False
B00148,New York,NY,35-44,True
B14477,Birmingham,AL,25-34,True
B09303,Baltimore,MD,35-44,True
B03527,Las Vegas,NV,25-34,False
B05602,Atlanta,GA,45-54,True
B14406,Unknown,TX,25-34,True
B07996,Washington,DC,35-44,True
B00526,New York,NY,45-54,True
B08528,Baltimore,MD,55+,True
B02917,Las Vegas,NV,18-24,False
B04787,Las Vegas,NV,35-44,True
B00912,New York,NY,35-44,False
B12465,San Antonio,TX,35-44,True
B00363,New York,NY,35-44,False
B00041,New York,NY,25-34,True
B17651,Detroit,MI,18-24,True
B00003,New York,NY,35-44,True
B02007,New York,NY,25-34,True
B17480,Unknown,NJ,55+,False
B09763,Wilmington,DE,18-24,True
B13978,Newark,NJ,25-34,True
B13206,Dallas,TX,18-24,True
B01415,New York,NY,35-44,True
B15690,Baltimore,MD,18-24,False
B07555,Atlanta,GA,25-34,False
B08968,Baltimore,MD,25-34,True
B17316,Dallas,TX,25-34,False
B13400,San Antonio,TX,35-44,True
B05384,Atlanta,GA,18-24,True
B14818,Newark,NJ,35-44,True
B02719,Las Vegas,NV,25-34,True
B12613,Austin,TX,25-34,False
B01207,New York,NY,18-24,True
B18225,Houston,TX,45-54,True
B11327,Camden,NJ,25-34,False
B15525,Camden,NJ,18-24,False
B02949,Las Vegas,NV,55+,True
B01492,New York,NY,35-44,True
B17084,Newark,NJ,45-54,True
B16252,Los Angeles,CA,18-24,True
B03543,Las Vegas,NV,55+,True
B06322,Atlanta,GA,25-34,True
B00217,New York,NY,35-44,True
B00107,New York,NY,25-34,False
B01142,New York,NY,55+,True
B02546,New York,NY,35-44,True
B10965,Wilmington,DE,18-24,True
B16168,Camden,NJ,25-34,True
B15390,Newark,NJ,25-34,True
B18068,Philadelphia,PA,45-54,True
B01497,New York,NY,25-34,False
B12427,Houston,TX,35-44,False
B02327,New York,NY,25-34,False
B17032,Washington,DC,25-34,False
B18195,Wilmington,DE,35-44,False
B03936,Las Vegas,NV,35-44,True
B11839,San Antonio,TX,35-44,True
B01084,New York,NY,25-34,True
B12426,San Antonio,TX,25-34,False
B00353,New York,NY,25-34,False
B15235,Charlotte,NC,45-54,True
B01872,New York,NY,45-54,False
B18245,Dallas,TX,45-54,True
B08364,Baltimore,MD,45-54,False
B13378,Miami,FL,45-54,False
B14263,Camden,NJ,25-34,True
B09414,Washington,DC,35-44,True
B14387,Los Angeles,CA,25-34,True
B02192,New York,NY,35-44,True
B15564,New York,NY,25-34,True
B04521,Las Vegas,NV,45-54,True
B16530,Los Angeles,CA,35-44,True
B14657,Dallas,TX,25-34,True
B11915,Austin,TX,25-34,True
B16943,Las Vegas,NV,55+,True
B09307,Baltimore,MD,35-44,False
B11269,Philadelphia,PA,45-54,False
B16414,Camden,NJ,25-34,False
B06463,Atlanta,GA,35-44,False
B11149,Camden,NJ,35-44,True
B11437,Houston,TX,25-34,True
B04383,Las Vegas,NV,25-34,True
B13854,Las Vegas,NV,25-34,True
B00099,New York,NY,25-34,True
B11094,Wilmington,DE,18-24,True
B10822,Wilmington,DE,18-24,False
B15905,San Antonio,TX,18-24,True
B02365,New York,NY,45-54,False
B04117,Las Vegas,NV,18-24,False
B08971,Baltimore,MD,45-54,True
B14350,Washington,DC,25-34,True
B03035,Las Vegas,NV,35-44,False
B09772,Camden,NJ,25-34,False
B16918,Washington,DC,25-34,True
B14209,Las Vegas,NV,18-24,True
B00752,New York,NY,35-44,True
B00157,New York,NY,25-34,True
B05505,Unknown,GA,25-34,True
B08772,Baltimore,MD,35-44,True
B03300,Las Vegas,NV,18-24,False
B16390,Los Angeles,CA,45-54,False
B00379,New York,NY,25-34,False
B09311,Unknown,DC,25-34,False
B16634,Phoenix,AZ,35-44,True
B13733,Detroit,MI,25-34,True
B04029,Las Vegas,NV,35-44,True
B12035,Austin,TX,18-24,True
B13683,Detroit,MI,18-24,True
B12601,San Antonio,TX,55+,False
B15237,Washington,DC,18-24,False
B15879,Phoenix,AZ,35-44,True
B04486,Las Vegas,NV,25-34,True
B05093,Las Vegas,NV,35-44,True
B11124,Philadelphia,PA,35-44,True
B01697,New York,NY,18-24,False
B00729,New York,NY,25-34,True
B01929,New York,NY,25-34,True
B13496,Washington,DC,35-44,True
B17510,Miami,FL,35-44,True
B14229,Dallas,TX,25-34,True
B08055,Washington,DC,35-44,False
B09728,Wilmington,DE,55+,False
B17846,Miami,FL,25-34,True
B13604,Baltimore,MD,45-54,False
B13726,Wilmington,DE,35-44,True
B16922,Houston,TX,25-34,True
B18037,Richmond,VA,45-54,True
B11447,San Antonio,TX,35-44,False
B02183,New York,NY,25-34,False
B13208,Washington,DC,18-24,False
B02645,Las Vegas,NV,25-34,False
B17647,Birmingham,AL,18-24,False
B00927,New York,NY,35-44,True
B08166,Washington,DC,25-34,False
B09962,Wilmington,DE,35-44,True
B00478,New York,NY,35-44,True
B18090,Richmond,VA,25-34,False
B10874,Wilmington,DE,25-34,True
B14863,Phoenix,AZ,35-44,False
B07541,Atlanta,GA,55+,True
B02056,New York,NY,18-24,True
B10357,Wilmington,DE,35-44,True
B11155,Camden,NJ,45-54,False
B10059,Camden,NJ,55+,True
B06619,Atlanta,GA,35-44,False
B15060,Phoenix,AZ,55+,False
B06394,Atlanta,GA,18-24,False
B13403,Las Vegas,NV,55+,True
B01609,New York,NY,45-54,False
B05772,Atlanta,GA,55+,True
B17731,Birmingham,AL,35-44,True
B02943,Las Vegas,NV,25-34,False
B13768,Baltimore,MD,25-34,True
B04305,Las Vegas,NV,45-54,True
B04463,Las Vegas,NV,55+,False
B05395,Atlanta,GA,25-34,True
B16874,Unknown,NC,35-44,True
B00877,New York,NY,35-44,True
B07855,Baltimore,MD,45-54,True
B12931,Austin,TX,35-44,True
B08453,Baltimore,MD,35-44,False
B02864,Las Vegas,NV,18-24,False
B16796,Richmond,VA,25-34,True
B00250,New York,NY,45-54,True
B17400,Birmingham,AL,18-24,True
B01434,New York,NY,35-44,False
B02615,Las Vegas,NV,35-44,False
B17541,San Antonio,TX,45-54,False
B17697,Richmond,VA,18-24,False
B08818,Baltimore,MD,35-44,False
B07983,Washington,DC,45-54,False
B10665,Philadelphia,PA,35-44,False
B02051,New York,NY,18-24,True
B11885,Houston,TX,25-34,False
B14532,Unknown,AL,35-44,True
B03887,Las Vegas,NV,25-34,True
B12479,Austin,TX,18-24,True
B12884,Austin,TX,18-24,True
B10190,Philadelphia,PA,18-24,True
B09726,Wilmington,DE,18-24,True
B13207,Atlanta,GA,18-24,False
B13713,Miami,FL,55+,False
B13257,Phoenix,AZ,45-54,True
B17488,Philadelphia,PA,35-44,True
B09542,Baltimore,MD,18-24,False
B13738,Las Vegas,NV,18-24,True
B13180,San Antonio,TX,25-34,True
B12106,San Antonio,TX,45-54,True
B00038,New York,NY,18-24,True
B12388,Houston,TX,55+,True
B13544,Houston,TX,35-44,True
B02476,New York,NY,18-24,False
B16837,New York,NY,45-54,True
B10524,Wilmington,DE,45-54,False
B16182,Wilmington,DE,25-34,True
B11530,San Antonio,TX,45-54,True
B16704,Las Vegas,NV,35-44,True
B12486,San Antonio,TX,18-24,False
B03683,Las Vegas,NV,45-54,True
B08228,Unknown,MD,18-24,False
B16853,Atlanta,GA,45-54,True
B00863,New York,NY,35-44,True
B15213,Dallas,TX,25-34,True
B06539,Atlanta,GA,55+,False
B02796,Las Vegas,NV,18-24,False
B11765,Austin,TX,45-54,False
B03089,Las Vegas,NV,25-34,False
B17652,Austin,TX,18-24,False
B03861,Las Vegas,NV,18-24,True
B03486,Las Vegas,NV,18-24,True
B08914,Baltimore,MD,45-54,True
B00910,New York,NY,35-44,False
B14357,Los Angeles,CA,45-54,False
B05033,Las Vegas,NV,35-44,True
B16547,Washington,DC,18-24,True
B02689,Las Vegas,NV,18-24,True
B16313,Richmond,VA,25-34,True
B10186,Philadelphia,PA,55+,False
B09978,Camden,NJ,35-44,True
B00057,New York,NY,25-34,False
B01012,New York,NY,18-24,True
B07985,Unknown,MD,25-34,True
B07916,Washington,DC,35-44,False
B14867,Chicago,IL,18-24,False
B11644,Austin,TX,35-44,False
B04847,Las Vegas,NV,35-44,True
B13179,San Antonio,TX,45-54,True
B18004,Miami,FL,25-34,True
B14613,Las Vegas,NV,25-34,True
B08864,Washington,DC,18-24,False
B15596,Birmingham,AL,35-44,True
B04136,Las Vegas,NV,55+,True
B17208,Miami,FL,25-34,False
B17345,Charlotte,NC,45-54,False
B14942,Camden,NJ,45-54,True
B00736,New York,NY,25-34,False
B00305,New York,NY,25-34,False
B06393,Atlanta,GA,18-24,False
B16926,Los Angeles,CA,55+,False
B04812,Las Vegas,NV,25-34,False
B16558,Los Angeles,CA,45-54,True
B10614,Wilmington,DE,35-44,False
B01325,New York,NY,55+,True
B04711,Las Vegas,NV,55+,True
B13438,Charlotte,NC,35-44,True
B03135,Las Vegas,NV,35-44,True
B01885,New York,NY,35-44,True
B03288,Las Vegas,NV,45-54,True
B16044,Los Angeles,CA,18-24,True
B10676,Wilmington,DE,25-34,True
B04470,Las Vegas,NV,25-34,True
B03284,Las Vegas,NV,35-44,False
B09259,Washington,DC,35-44,True
B00909,New York,NY,18-24,True
B15138,Austin,TX,35-44,True
B08475,Baltimore,MD,35-44,True
B03990,Las Vegas,NV,45-54,True
B07856,Washington,DC,18-24,True
B16303,Miami,FL,45-54,True
B10468,Wilmington,DE,25-34,True
B14170,Houston,TX,25-34,False
B06784,Atlanta,GA,25-34,True
B14627,Newark,NJ,25-34,True
B02603,Las Vegas,NV,25-34,True
B11673,Austin,TX,35-44,True
B10782,Wilmington,DE,25-34,True
B11736,Austin,TX,45-54,False
B10158,Unknown,DE,35-44,True
B04793,Las Vegas,NV,25-34,False
B00792,New York,NY,25-34,False
B13609,Las Vegas,NV,25-34,False
B09372,Baltimore,MD,45-54,False
B15950,Charlotte,NC,25-34,True
B08709,Baltimore,MD,25-34,True
B18332,Detroit,MI,35-44,False
B01533,New York,NY,18-24,True
B00837,New York,NY,35-44,True
B11995,Houston,TX,55+,True
B16423,San Antonio,TX,25-34,True
B05379,Atlanta,GA,35-44,True
B00145,New York,NY,18-24,True
B03003,Las Vegas,NV,55+,False
B17788,Philadelphia,PA,25-34,False
B15333,Newark,NJ,45-54,True
B00076,New York,NY,18-24,False
B08376,Washington,DC,18-24,True
B08800,Washington,DC,25-34,True
B02018,New York,NY,55+,True
B07194,Atlanta,GA,25-34,False
B03184,Las Vegas,NV,25-34,True
B13859,Atlanta,GA,35-44,False
B08066,Washington,DC,25-34,True
B18274,Baltimore,MD,18-24,True
B05610,Atlanta,GA,45-54,False
B15805,Austin,TX,25-34,True
B13392,Charlotte,NC,25-34,False
B10903,Wilmington,DE,18-24,True
B09025,Baltimore,MD,25-34,False
B14012,Charlotte,NC,25-34,True
B01422,New York,NY,25-34,True
B10451,Wilmington,DE,35-44,False
B13182,Houston,TX,25-34,False
B08558,Washington,DC,25-34,True
B09867,Wilmington,DE,45-54,True
B10185,Camden,NJ,35-44,False
B14013,Birmingham,AL,55+,True
B16998,Los Angeles,CA,35-44,True
B03183,Las Vegas,NV,25-34,False
B14559,New York,NY,35-44,False
B09770,Camden,NJ,35-44,False
B13825,Baltimore,MD,25-34,True
B07429,Atlanta,GA,35-44,True
B04946,Las Vegas,NV,18-24,False
B03422,Las Vegas,NV,25-34,True
B03010,Las Vegas,NV,25-34,True
B15134,Miami,FL,45-54,True
B08146,Baltimore,MD,35-44,True
B14939,Detroit,MI,55+,True
B11749,Unknown,TX,35-44,False
B15500,Dallas,TX,25-34,False
B00121,New York,NY,55+,False
B03304,Las Vegas,NV,35-44,True
B02298,New York,NY,35-44,True
B04739,Las Vegas,NV,18-24,False
B08880,Washington,DC,35-44,True
B01615,New York,NY,45-54,True
B06149,Atlanta,GA,18-24,False
B11589,Houston,TX,45-54,True
B06951,Atlanta,GA,18-24,True
B10640,Unknown,NJ,25-34,True
B14391,Richmond,VA,35-44,False
B01865,New York,NY,25-34,True
B15475,San Antonio,TX,35-44,False
B16091,Las Vegas,NV,35-44,False
B13933,Birmingham,AL,25-34,True
B12172,San Antonio,TX,25-34,True
B05474,Atlanta,GA,45-54,False
B09338,Washington,DC,18-24,True
B05916,Atlanta,GA,18-24,False
B05478,Atlanta,GA,25-34,True
B12678,San Antonio,TX,25-34,True
B04263,Las Vegas,NV,35-44,True
B09530,Washington,DC,25-34,False
B07471,Atlanta,GA,35-44,True
B10328,Camden,NJ,25-34,True
B02480,New York,NY,18-24,True
B14540,Charlotte,NC,45-54,True
B02457,New York,NY,55+,True
B00769,New York,NY,55+,True
B16153,Los Angeles,CA,35-44,False
B05742,Atlanta,GA,25-34,True
B15721,Dallas,TX,18-24,False
B05490,Atlanta,GA,18-24,True
B05584,Atlanta,GA,25-34,True
B01450,New York,NY,25-34,True
B16674,Camden,NJ,35-44,False
B00144,New York,NY,35-44,True
B03103,Las Vegas,NV,18-24,False
B05252,Atlanta,GA,35-44,False
B05865,Atlanta,GA,25-34,True
B00510,New York,NY,25-34,True
B01875,New York,NY,18-24,False
B12533,Houston,TX,35-44,False
B00402,New York,NY,25-34,False
B14150,Detroit,MI,55+,True
B09425,Baltimore,MD,25-34,False
B13236,Los Angeles,CA,18-24,False
B00989,New York,NY,18-24,True
B17035,Dallas,TX,55+,True
B14524,Charlotte,NC,45-54,True
B00677,New York,NY,35-44,False
B00394,New York,NY,25-34,False
B14708,Las Vegas,NV,35-44,False
B05205,Atlanta,GA,45-54,True
B00946,New York,NY,18-24,True
B15369,Wilmington,DE,55+,False
B03070,Las Vegas,NV,45-54,False
B08481,Unknown,DC,18-24,True
B06882,Atlanta,GA,25-34,False
B17367,Houston,TX,25-34,True
B17648,Los Angeles,CA,18-24,False
B13520,Chicago,IL,25-34,False
B05207,Atlanta,GA,25-34,False
B16587,Phoenix,AZ,18-24,True
B16333,Baltimore,MD,35-44,True
B13249,San Antonio,TX,55+,False
B13445,Chicago,IL,18-24,True
B02581,New York,NY,25-34,True
B16221,Newark,NJ,18-24,False
B00687,New York,NY,25-34,True
B00448,New York,NY,25-34,False
B18398,Philadelphia,PA,35-44,False
B04233,Las Vegas,NV,55+,True
B12500,Austin,TX,25-34,True
B10171,Wilmington,DE,25-34,True
B05709,Atlanta,GA,45-54,True
B15813,Philadelphia,PA,18-24,False
B03806,Las Vegas,NV,18-24,True
B17984,Miami,FL,18-24,False
B05469,Atlanta,GA,45-54,True
B18228,Philadelphia,PA,35-44,False
B15387,Miami,FL,35-44,True
B06718,Atlanta,GA,45-54,False
B12653,Houston,TX,25-34,False
B01331,New York,NY,55+,True
B15328,Philadelphia,PA,25-34,False
B11978,Austin,TX,45-54,True
B18308,Houston,TX,25-34,True
B06116,Atlanta,GA,45-54,True
B14759,Las Vegas,NV,18-24,True
B08328,Washington,DC,35-44,False
B11529,Austin,TX,18-24,True
B14901,Phoenix,AZ,18-24,False
B14282,Newark,NJ,25-34,False
B04766,Las Vegas,NV,25-34,True
B15685,Washington,DC,18-24,False
B03542,Las Vegas,NV,55+,True
B15870,Chicago,IL,55+,True
B15242,Atlanta,GA,25-34,True
B15502,Dallas,TX,45-54,True
B17795,Washington,DC,45-54,True
B02120,New York,NY,25-34,False
B00840,New York,NY,45-54,False
B05060,Las Vegas,NV,18-24,True
B00547,New York,NY,25-34,True
B05888,Atlanta,GA,45-54,True
B07884,Washington,DC,55+,True
B00622,New York,NY,18-24,False
B14638,Charlotte,NC,45-54,True
B12222,San Antonio,TX,55+,True
B08780,Baltimore,MD,25-34,False
B00890,New York,NY,25-34,True
B17158,Baltimore,MD,55+,False
B08150,Washington,DC,35-44,True
B01800,New York,NY,35-44,True
B00442,New York,NY,18-24,False
B02319,New York,NY,35-44,True
B12642,San Antonio,TX,35-44,True
B04490,Las Vegas,NV,35-44,False
B00780,New York,NY,35-44,True
B15832,New York,NY,35-44,True
B18010,Newark,NJ,35-44,True
B02525,New York,NY,25-34,True
B02167,New York,NY,35-44,True
B08742,Baltimore,MD,25-34,False
B07832,Baltimore,MD,35-44,False
B13402,Baltimore,MD,25-34,True
B17196,Philadelphia,PA,35-44,True
B10210,Wilmington,DE,35-44,True
B11125,Philadelphia,PA,45-54,True
B18213,Birmingham,AL,18-24,True
B07081,Atlanta,GA,45-54,False
B14544,Washington,DC,45-54,True
B04095,Las Vegas,NV,18-24,False
B08711,Washington,DC,35-44,False
B00664,New York,NY,45-54,True
B09214,Baltimore,MD,35-44,True
B04361,Las Vegas,NV,25-34,False
B02135,New York,NY,25-34,False
B10115,Wilmington,DE,25-34,False
B04531,Las Vegas,NV,25-34,True
B18030,Wilmington,DE,45-54,True
B05504,Atlanta,GA,25-34,True
B12428,Houston,TX,25-34,True
B08702,Baltimore,MD,35-44,True
B17969,Chicago,IL,35-44,False
B00383,New York,NY,45-54,False
B16839,Miami,FL,35-44,False
B03310,Las Vegas,NV,25-34,False
B13089,Houston,TX,35-44,False
B18325,New York,NY,18-24,True
B09189,Washington,DC,25-34,True
B11385,Camden,NJ,25-34,True
B16179,Los Angeles,CA,35-44,True
B18370,Birmingham,AL,45-54,False
B15777,Los Angeles,CA,25-34,False
B08170,Baltimore,MD,25-34,True
B05359,Atlanta,GA,18-24,False
B14871,Detroit,MI,18-24,False
B01467,New York,NY,45-54,False
B06097,Atlanta,GA,18-24,True
B00018,New York,NY,25-34,True
B13815,Phoenix,AZ,18-24,True
B17441,Los Angeles,CA,35-44,True
B00536,New York,NY,18-24,False
B01983,New York,NY,18-24,True
B03771,Las Vegas,NV,25-34,False
B00124,New York,NY,25-34,True
B14772,Wilmington,DE,25-34,False
B06666,Atlanta,GA,35-44,False
B10366,Wilmington,DE,25-34,False
B15601,Los Angeles,CA,25-34,False
B14850,New York,NY,45-54,True
B02356,New York,NY,25-34,True
B00186,New York,NY,35-44,True
B14075,Los Angeles,CA,18-24,False
B16385,New York,NY,55+,True
B05607,Atlanta,GA,25-34,True
B11551,Austin,TX,25-34,True
B16295,Phoenix,AZ,25-34,False
B11881,Houston,TX,25-34,True
B13010,San Antonio,TX,18-24,True
B12281,San Antonio,TX,25-34,True
B04014,Las Vegas,NV,25-34,True
B09324,Washington,DC,55+,True
B01946,New York,NY,25-34,True
B13883,San Antonio,TX,35-44,True
B00713,New York,NY,18-24,False
B09391,Baltimore,MD,35-44,True
B13196,Houston,TX,25-34,True
B04952,Las Vegas,NV,25-34,True
B13764,Chicago,IL,45-54,False
B15559,Birmingham,AL,25-34,True
B16789,Detroit,MI,35-44,True
B09999,Philadelphia,PA,35-44,True
B15709,Birmingham,AL,18-24,True
B13237,Newark,NJ,45-54,False
B15917,Houston,TX,18-24,False
B11405,Austin,TX,25-34,True
B02601,Las Vegas,NV,35-44,True
B10598,Philadelphia,PA,18-24,False
B05403,Atlanta,GA,25-34,True
B05534,Atlanta,GA,25-34,True
B13779,Phoenix,AZ,35-44,False
B13234,New York,NY,25-34,True
B04080,Las Vegas,NV,45-54,False
B03452,Las Vegas,NV,18-24,True
B09671,Wilmington,DE,18-24,False
B11332,Camden,NJ,35-44,True
B03446,Las Vegas,NV,35-44,True
B13222,Los Angeles,CA,25-34,False
B12012,Houston,TX,55+,False
B18138,Philadelphia,PA,45-54,True
B14825,Dallas,TX,45-54,True
B15182,Miami,FL,35-44,True
B09137,Baltimore,MD,18-24,False
B17254,Dallas,TX,35-44,True
B12798,Austin,TX,25-34,False
B04256,Las Vegas,NV,25-34,True
B13676,Miami,FL,25-34,True
B17816,Houston,TX,55+,True
B08795,Unknown,MD,25-34,True
B14431,Camden,NJ,55+,False
B02370,New York,NY,25-34,False
B03413,Las Vegas,NV,35-44,True
B14198,Baltimore,MD,25-34,False
B17547,San Antonio,TX,35-44,True
B13405,Houston,TX,35-44,True
B15867,Las Vegas,NV,25-34,True
B15840,Miami,FL,25-34,True
B05061,Las Vegas,NV,45-54,False
B03969,Las Vegas,NV,35-44,False
B06074,Atlanta,GA,25-34,True
B02769,Las Vegas,NV,35-44,False
B14916,Detroit,MI,25-34,False
B15861,Phoenix,AZ,18-24,False
B00455,New York,NY,35-44,True
B02117,New York,NY,35-44,False
B11622,Austin,TX,35-44,True
B13809,Wilmington,DE,45-54,True
B09732,Wilmington,DE,35-44,True
B02125,New York,NY,55+,True
B17031,New York,NY,55+,False
B07278,Atlanta,GA,25-34,False
B03487,Las Vegas,NV,35-44,True
B00063,New York,NY,35-44,True
B08541,Washington,DC,25-34,True
B13548,Austin,TX,18-24,False
B13379,Houston,TX,35-44,True
B15081,Birmingham,AL,25-34,False
B12966,Unknown,TX,18-24,False
B03935,Las Vegas,NV,25-34,False
B15671,Philadelphia,PA,45-54,True
B11612,Houston,TX,45-54,True
B15684,Dallas,TX,35-44,True
B00805,New York,NY,25-34,True
B04560,Las Vegas,NV,18-24,False
B12630,San Antonio,TX,25-34,True
B11027,Camden,NJ,25-34,False
B10060,Camden,NJ,55+,False
B17856,Newark,NJ,35-44,False
B13955,Austin,TX,35-44,True
B01321,New York,NY,35-44,False
B04504,Las Vegas,NV,25-34,True
B03331,Las Vegas,NV,35-44,True
B05482,Atlanta,GA,25-34,False
B05731,Atlanta,GA,18-24,True
B00506,New York,NY,18-24,False
B02856,Las Vegas,NV,45-54,True
B04120,Las Vegas,NV,18-24,True
B01328,New York,NY,35-44,True
B01760,New York,NY,25-34,False
B03708,Las Vegas,NV,18-24,False
B08443,Baltimore,MD,35-44,False
B05632,Atlanta,GA,25-34,True
B15483,Dallas,TX,35-44,True
B12559,Austin,TX,18-24,False
B14189,Newark,NJ,25-34,True
B07512,Atlanta,GA,35-44,False
B15539,Miami,FL,35-44,True
B00317,New York,NY,18-24,True
B00695,New York,NY,55+,True
B00700,New York,NY,35-44,True
B09347,Baltimore,MD,25-34,True
B07423,Atlanta,GA,25-34,True
B02158,New York,NY,35-44,True
B17440,Charlotte,NC,35-44,True
B08764,Baltimore,MD,25-34,True
B09805,Camden,NJ,35-44,True
B17046,Phoenix,AZ,25-34,True
B00128,New York,NY,35-44,True
B14644,Charlotte,NC,55+,False
B02385,New York,NY,25-34,True
B09176,Washington,DC,25-34,False
B07202,Atlanta,GA,25-34,True
B11967,Houston,TX,35-44,True
B15004,Houston,TX,45-54,True
B06890,Atlanta,GA,35-44,True
B05338,Atlanta,GA,35-44,True
B15616,Charlotte,NC,55+,False
B15517,Baltimore,MD,35-44,True
B17915,Houston,TX,25-34,True
B10343,Wilmington,DE,25-34,True
B10203,Wilmington,DE,45-54,False
B10056,Unknown,PA,18-24,False
B13310,Wilmington,DE,35-44,True
B07802,Washington,DC,35-44,True
B13586,Dallas,TX,55+,False
B17013,Chicago,IL,25-34,True
B13826,Richmond,VA,55+,True
B00962,New York,NY,25-34,True
B16367,Philadelphia,PA,18-24,True
B13340,Richmond,VA,35-44,False
B05890,Atlanta,GA,45-54,True
B03371,Las Vegas,NV,25-34,False
B08935,Baltimore,MD,25-34,False
B13281,Chicago,IL,55+,True
B15807,Miami,FL,18-24,False
B15637,Newark,NJ,55+,True
B11860,Austin,TX,25-34,True
B06526,Atlanta,GA,35-44,False
B05819,Atlanta,GA,35-44,True
B13387,Dallas,TX,35-44,False
B00119,New York,NY,25-34,False
B18130,Birmingham,AL,35-44,True
B01396,New York,NY,25-34,False
B07413,Atlanta,GA,45-54,True
B01775,New York,NY,45-54,True
B08578,Baltimore,MD,18-24,True
B05128,Las Vegas,NV,18-24,True
B15922,Phoenix,AZ,18-24,False
B11763,Houston,TX,35-44,False
B11949,San Antonio,TX,18-24,False
B07922,Washington,DC,18-24,False
B04687,Las Vegas,NV,35-44,False
B05287,Atlanta,GA,25-34,False
B15697,Richmond,VA,55+,False
B12453,Austin,TX,25-34,False
B16517,Los Angeles,CA,25-34,True
B17436,Miami,FL,25-34,True
B18315,Dallas,TX,35-44,True
B03033,Las Vegas,NV,18-24,True
B11550,Houston,TX,55+,False
B16793,Dallas,TX,55+,True
B16576,Charlotte,NC,35-44,False
B11615,Houston,TX,25-34,True
B04288,Las Vegas,NV,25-34,False
B14380,Austin,TX,25-34,True
B01347,New York,NY,25-34,False
B17203,Philadelphia,PA,35-44,True
B16949,Los Angeles,CA,45-54,True
B07860,Baltimore,MD,55+,False
B13370,San Antonio,TX,35-44,True
B14237,Charlotte,NC,25-34,False
B15569,Charlotte,NC,25-34,True
B11989,Austin,TX,18-24,True
B00612,New York,NY,25-34,True
B18021,Phoenix,AZ,25-34,True
B12380,Houston,TX,35-44,True
B04280,Las Vegas,NV,35-44,True
B02551,New York,NY,35-44,False
B16130,Miami,FL,25-34,True
B15865,Camden,NJ,25-34,False
B05511,Atlanta,GA,25-34,False
B05628,Atlanta,GA,35-44,False
B16994,Dallas,TX,55+,True
B00749,New York,NY,45-54,True
B15395,Detroit,MI,25-34,True
B13803,Houston,TX,35-44,True
B12735,Houston,TX,35-44,False
B16165,Phoenix,AZ,18-24,False
B07835,Baltimore,MD,45-54,True
B14418,Chicago,IL,25-34,True
B07148,Atlanta,GA,25-34,True
B12529,San Antonio,TX,25-34,False
B03967,Las Vegas,NV,18-24,False
B11436,Houston,TX,25-34,False
B15168,Los Angeles,CA,25-34,False
B05729,Atlanta,GA,45-54,False
B00044,New York,NY,35-44,True
B12830,Houston,TX,25-34,True
B01373,New York,NY,25-34,False
B14907,Austin,TX,55+,True
B02564,New York,NY,25-34,False
B01704,New York,NY,35-44,False
B11485,San Antonio,TX,18-24,False
B14856,Los Angeles,CA,18-24,True
B06006,Atlanta,GA,25-34,False
B01598,New York,NY,35-44,True
B15587,Newark,NJ,55+,False
B17530,Birmingham,AL,25-34,True
B16600,Camden,NJ,25-34,True
B18170,Detroit,MI,25-34,True
B14239,Austin,TX,18-24,True
B05211,Atlanta,GA,45-54,False
B13615,Newark,NJ,18-24,True
B01748,New York,NY,25-34,True
B05135,Las Vegas,NV,25-34,False
B00093,New York,NY,18-24,False
B17051,Richmond,VA,25-34,True
B12197,Houston,TX,45-54,True
B15211,Charlotte,NC,35-44,False
B15243,Austin,TX,18-24,True
B08262,Washington,DC,18-24,False
B11681,Austin,TX,45-54,True
B10424,Philadelphia,PA,35-44,False
B08644,Baltimore,MD,25-34,False
B16097,Detroit,MI,35-44,False
B06568,Atlanta,GA,25-34,True
B16852,Los Angeles,CA,25-34,False
B02490,New York,NY,25-34,False
B13900,Houston,TX,35-44,True
B00074,New York,NY,25-34,True
B15859,Baltimore,MD,18-24,False
B04373,Las Vegas,NV,35-44,False
B13707,Newark,NJ,35-44,True
B12896,San Antonio,TX,25-34,False
B15864,Los Angeles,CA,55+,True
B08400,Baltimore,MD,18-24,True
B05577,Atlanta,GA,18-24,False
B09531,Baltimore,MD,25-34,False
B08265,Baltimore,MD,18-24,False
B13312,Washington,DC,45-54,True
B07854,Baltimore,MD,25-34,False
B08403,Washington,DC,35-44,True
B12231,San Antonio,TX,25-34,False
B01168,New York,NY,18-24,True
B11404,Unknown,TX,25-34,True
B06943,Atlanta,GA,45-54,True
B05507,Atlanta,GA,18-24,True
B09750,Wilmington,DE,18-24,False
B00470,New York,NY,35-44,False
B10758,Wilmington,DE,18-24,False
B00524,New York,NY,25-34,False
B02635,Las Vegas,NV,35-44,False
B01093,New York,NY,25-34,True
B09415,Baltimore,MD,25-34,True
B00309,New York,NY,35-44,False
B01011,New York,NY,55+,True
B02438,New York,NY,25-34,True
B03538,Las Vegas,NV,18-24,False
B16602,New York,NY,25-34,False
B02677,Las Vegas,NV,55+,False
B00743,New York,NY,45-54,True
B07321,Atlanta,GA,45-54,True
B06241,Atlanta,GA,55+,False
B15812,Wilmington,DE,25-34,False
B09200,Washington,DC,35-44,True
B14126,Dallas,TX,25-34,True
B08721,Washington,DC,18-24,True
B11924,Austin,TX,35-44,False
B17921,New York,NY,25-34,False
B03879,Las Vegas,NV,25-34,True
B10168,Camden,NJ,35-44,False
B05903,Atlanta,GA,35-44,False
B01641,New York,NY,18-24,False
B11779,Houston,TX,18-24,True
B04234,Las Vegas,NV,35-44,True
B03150,Las Vegas,NV,35-44,True
B00644,New York,NY,18-24,False
B02836,Las Vegas,NV,18-24,True
B12634,Houston,TX,45-54,True
B03558,Las Vegas,NV,55+,True
B15315,Richmond,VA,25-34,True
B12232,Houston,TX,35-44,True
B14438,Charlotte,NC,25-34,False
B01578,New York,NY,35-44,True
B01647,New York,NY,35-44,True
B05648,Atlanta,GA,25-34,True
B01315,New York,NY,45-54,True
B15386,Las Vegas,NV,25-34,False
B14147,Philadelphia,PA,25-34,True
B02281,New York,NY,45-54,True
B15048,Phoenix,AZ,35-44,False
B15647,Charlotte,NC,35-44,False
B08527,Baltimore,MD,18-24,True
B15541,Washington,DC,45-54,False
B00324,New York,NY,55+,True
B00191,New York,NY,25-34,True
B00919,New York,NY,25-34,True
B11874,San Antonio,TX,25-34,True
B11692,San Antonio,TX,45-54,True
B11897,San Antonio,TX,35-44,False
B13307,Chicago,IL,35-44,False
B03286,Las Vegas,NV,25-34,True
B14973,Wilmington,DE,35-44,True
B02175,New York,NY,25-34,False
B09877,Camden,NJ,55+,True
B02022,New York,NY,35-44,True
B14233,Charlotte,NC,35-44,True
B01531,New York,NY,25-34,False
B15508,Atlanta,GA,25-34,False
B13998,Richmond,VA,25-34,False
B06623,Atlanta,GA,18-24,False
B11454,Houston,TX,18-24,False
B14852,Detroit,MI,25-34,True
B13375,Houston,TX,25-34,False
B03549,Las Vegas,NV,25-34,True
B14701,Wilmington,DE,25-34,True
B13631,Wilmington,DE,25-34,False
B06119,Atlanta,GA,35-44,False
B02683,Las Vegas,NV,25-34,False
B12665,Houston,TX,25-34,True
B01680,New York,NY,45-54,True
B09841,Philadelphia,PA,25-34,True
B08002,Baltimore,MD,18-24,True
B15983,Los Angeles,CA,55+,False
B11421,San Antonio,TX,35-44,False
B04195,Las Vegas,NV,35-44,True
B04368,Las Vegas,NV,18-24,False
B05190,Unknown,NV,25-34,True
B11212,Camden,NJ,55+,True
B17496,Miami,FL,18-24,False
B07065,Atlanta,GA,18-24,False
B13638,Los Angeles,CA,25-34,False
B00162,New York,NY,45-54,True
B04063,Las Vegas,NV,55+,False
B15352,Los Angeles,CA,25-34,False
B06131,Atlanta,GA,25-34,True
B09673,Wilmington,DE,25-34,True
B13679,Los Angeles,CA,35-44,True
B09334,Unknown,DC,18-24,False
B13162,Houston,TX,35-44,True
B00234,New York,NY,55+,True
B04638,Las Vegas,NV,25-34,True
B01679,New York,NY,18-24,False
B16315,Dallas,TX,55+,True
B14528,Las Vegas,NV,45-54,True
B02815,Las Vegas,NV,35-44,False
B14041,Wilmington,DE,35-44,False
B00365,New York,NY,25-34,False
B00028,New York,NY,35-44,True
B07537,Atlanta,GA,18-24,False
B16339,Newark,NJ,18-24,False
B14582,New York,NY,18-24,True
B09832,Philadelphia,PA,25-34,False
B09471,Washington,DC,25-34,False
B00634,New York,NY,18-24,True
B10948,Philadelphia,PA,45-54,True
B09749,Philadelphia,PA,25-34,True
B02308,New York,NY,45-54,False
B16148,Detroit,MI,18-24,True
B07830,Baltimore,MD,45-54,True
B03742,Las Vegas,NV,25-34,True
B09668,Camden,NJ,25-34,False
B07769,Atlanta,GA,35-44,True
B11966,Austin,TX,18-24,False
B13845,Birmingham,AL,35-44,False
B10503,Wilmington,DE,45-54,True
B12440,Houston,TX,25-34,True
B17089,Washington,DC,35-44,False
B17481,Richmond,VA,25-34,True
B14941,Newark,NJ,35-44,True
B16378,Richmond,VA,35-44,True
B09784,Wilmington,DE,35-44,False
B01421,New York,NY,45-54,False
B18118,Wilmington,DE,25-34,False
B16654,Las Vegas,NV,55+,True
B16638,Philadelphia,PA,25-34,True
B00164,New York,NY,35-44,True
B15900,Detroit,MI,35-44,False
B08104,Baltimore,MD,35-44,True
B16043,Los Angeles,CA,35-44,False
B11062,Wilmington,DE,35-44,True
B16220,Newark,NJ,35-44,False
B13553,Washington,DC,25-34,False
B02746,Las Vegas,NV,25-34,True
B09659,Philadelphia,PA,45-54,True
B11991,Houston,TX,18-24,False
B00493,New York,NY,45-54,False
B07986,Washington,DC,25-34,False
B13029,San Antonio,TX,25-34,True
B00393,New York,NY,25-34,True
B13473,Phoenix,AZ,25-34,False
B15128,Philadelphia,PA,18-24,True
B16583,Dallas,TX,25-34,True
B05563,Atlanta,GA,35-44,True
B16240,Charlotte,NC,35-44,False
B00004,New York,NY,35-44,True
B03646,Las Vegas,NV,18-24,True
B14120,New York,NY,25-34,False
B12794,San Antonio,TX,45-54,True
B13243,Atlanta,GA,35-44,False
B05669,Atlanta,GA,18-24,False
B05213,Atlanta,GA,35-44,False
B09612,Wilmington,DE,18-24,True
B15901,Austin,TX,35-44,True
B12799,Houston,TX,35-44,False
B17094,Philadelphia,PA,25-34,True
B13888,San Antonio,TX,25-34,True
B18049,Baltimore,MD,25-34,False
B14730,Atlanta,GA,35-44,True
B02975,Las Vegas,NV,25-34,False
B14703,Washington,DC,25-34,True
B18297,Philadelphia,PA,45-54,True
B02771,Las Vegas,NV,35-44,True
B07687,Atlanta,GA,18-24,True
B06886,Atlanta,GA,18-24,True
B09803,Camden,NJ,25-34,False
B17405,Richmond,VA,35-44,False
B01444,New York,NY,45-54,True
B10840,Wilmington,DE,25-34,False
B17690,Miami,FL,35-44,True
B11754,Austin,TX,18-24,False
B00500,New York,NY,35-44,False
B17771,Atlanta,GA,35-44,True
B13404,Camden,NJ,35-44,True
B01259,New York,NY,35-44,True
B09616,Camden,NJ,25-34,False
B05600,Atlanta,GA,45-54,False
B17650,Atlanta,GA,35-44,True
B01651,New York,NY,25-34,True
B11283,Wilmington,DE,25-34,True
B06125,Atlanta,GA,18-24,True
B00918,New York,NY,55+,False
B15702,Birmingham,AL,25-34,False
B02531,New York,NY,25-34,True
B08245,Washington,DC,25-34,True
B04161,Las Vegas,NV,18-24,True
B17707,Miami,FL,25-34,True
B18393,Phoenix,AZ,45-54,True
B17544,Birmingham,AL,25-34,False
B02509,New York,NY,35-44,True
B00753,New York,NY,35-44,True
B11591,Austin,TX,25-34,True
B10100,Philadelphia,PA,35-44,True
B04183,Las Vegas,NV,35-44,True
B14779,Philadelphia,PA,25-34,True
B16110,Camden,NJ,55+,False
B14761,San Antonio,TX,25-34,True
B00895,New York,NY,35-44,False
B01145,New York,NY,45-54,False
B14677,Las Vegas,NV,55+,True
B13563,Dallas,TX,35-44,True
B15359,San Antonio,TX,35-44,True
B02670,Las Vegas,NV,25-34,True
B02808,Las Vegas,NV,25-34,False
B16529,Wilmington,DE,25-34,True
B14878,Los Angeles,CA,35-44,False
B14225,Birmingham,AL,35-44,False
B15581,Las Vegas,NV,55+,True
B14641,Chicago,IL,25-34,True
B15406,Newark,NJ,35-44,False
B07906,Washington,DC,35-44,False
B16191,Philadelphia,PA,25-34,True
B17232,Richmond,VA,45-54,True
B03388,Las Vegas,NV,25-34,False
B18114,Washington,DC,45-54,True
B12705,Houston,TX,55+,False
B10492,Philadelphia,PA,18-24,False
B14576,Unknown,AZ,18-24,True
B08584,Baltimore,MD,25-34,True
B08277,Washington,DC,45-54,True
B00541,New York,NY,35-44,True
B03827,Las Vegas,NV,35-44,False
B14679,Phoenix,AZ,45-54,True
B13884,Washington,DC,25-34,True
B04185,Las Vegas,NV,35-44,True
B05435,Atlanta,GA,25-34,False
B16389,Dallas,TX,35-44,False
B09602,Wilmington,DE,55+,False
B15280,Wilmington,DE,25-34,False
B00878,New York,NY,25-34,False
B08514,Washington,DC,55+,True
B11794,San Antonio,TX,35-44,True
B08438,Baltimore,MD,35-44,False
B05947,Atlanta,GA,18-24,False
B11633,Austin,TX,25-34,True
B01942,New York,NY,45-54,False
B10271,Camden,NJ,25-34,True
B00295,New York,NY,25-34,True
B10679,Philadelphia,PA,35-44,False
B06521,Atlanta,GA,25-34,False
B16781,Austin,TX,45-54,True
B10045,Camden,NJ,35-44,False
B06975,Atlanta,GA,25-34,True
B00734,New York,NY,35-44,True
B13367,Chicago,IL,18-24,True
B14716,Miami,FL,35-44,False
B00766,New York,NY,18-24,False
B09421,Washington,DC,25-34,True
B13577,Camden,NJ,35-44,False
B00373,New York,NY,35-44,False
B11932,Austin,TX,25-34,True
B17381,Los Angeles,CA,25-34,True
B18182,New York,NY,25-34,False
B13420,Miami,FL,18-24,True
B07409,Atlanta,GA,25-34,False
B06145,Atlanta,GA,35-44,True
B18212,Austin,TX,18-24,False
B06776,Atlanta,GA,25-34,False
B18006,Dallas,TX,35-44,True
B06528,Atlanta,GA,25-34,True
B11071,Wilmington,DE,25-34,True
B09792,Wilmington,DE,25-34,True
B06723,Atlanta,GA,18-24,True
B13231,Richmond,VA,45-54,False
B04405,Las Vegas,NV,25-34,True
B08123,Washington,DC,35-44,False
B12946,Austin,TX,25-34,False
B08806,Washington,DC,25-34,True
B11498,Houston,TX,45-54,True
B18235,Phoenix,AZ,35-44,False
B17923,Charlotte,NC,25-34,False
B00466,New York,NY,35-44,True
B13807,Detroit,MI,35-44,True
B16161,Chicago,IL,35-44,True
B16413,Charlotte,NC,25-34,True
B11152,Philadelphia,PA,25-34,True
B10135,Camden,NJ,18-24,False
B04743,Las Vegas,NV,35-44,True
B12024,San Antonio,TX,25-34,True
B00764,New York,NY,55+,False
B11618,San Antonio,TX,25-34,False
B01908,New York,NY,25-34,True
B01840,Unknown,NY,35-44,True
B13917,Houston,TX,35-44,True
B00370,New York,NY,18-24,True
B05227,Atlanta,GA,25-34,False
B17887,Charlotte,NC,45-54,True
B00676,New York,NY,55+,True
B09211,Baltimore,MD,35-44,True
B09646,Camden,NJ,35-44,False
B11422,Unknown,TX,18-24,True
B15629,Dallas,TX,25-34,True
B12205,Houston,TX,25-34,True
B17067,Chicago,IL,35-44,True
B02872,Las Vegas,NV,25-34,True
B17558,Baltimore,MD,55+,True
B05350,Atlanta,GA,45-54,True
B05456,Atlanta,GA,35-44,True
B05165,Las Vegas,NV,25-34,False
B05172,Las Vegas,NV,35-44,False
B17143,Miami,FL,18-24,True
B13774,Richmond,VA,35-44,True
B07931,Washington,DC,18-24,False
B00257,New York,NY,25-34,True
B17543,Richmond,VA,45-54,False
B11299,Camden,NJ,25-34,True
B18257,Washington,DC,18-24,False
B13524,Washington,DC,45-54,False
B06426,Atlanta,GA,25-34,False
B14019,Newark,NJ,35-44,True
B03709,Las Vegas,NV,18-24,False
B08563,Baltimore,MD,25-34,True
B10102,Camden,NJ,35-44,True
B00866,New York,NY,45-54,False
B16577,Los Angeles,CA,45-54,True
B11780,Austin,TX,25-34,False
B09056,Baltimore,MD,18-24,True
B02389,New York,NY,55+,False
B17256,Chicago,IL,25-34,False
B18383,Phoenix,AZ,45-54,False
B02849,Las Vegas,NV,35-44,False
B16425,Phoenix,AZ,45-54,False
B16870,Los Angeles,CA,35-44,False
B02777,Las Vegas,NV,35-44,False
B14770,Las Vegas,NV,45-54,True
B02883,Las Vegas,NV,25-34,True
B16695,Los Angeles,CA,35-44,True
B05806,Atlanta,GA,18-24,False
B08915,Washington,DC,25-34,True
B08651,Baltimore,MD,45-54,True
B08891,Baltimore,MD,18-24,False
B14835,Camden,NJ,18-24,False
B03991,Las Vegas,NV,25-34,True
B14362,Wilmington,DE,25-34,True
B00722,New York,NY,18-24,False
B00418,New York,NY,35-44,True
B13537,Charlotte,NC,25-34,True
B00542,New York,NY,25-34,False
B18064,Charlotte,NC,25-34,False
B14393,Newark,NJ,25-34,True
B05202,Atlanta,GA,25-34,False
B02082,New York,NY,25-34,True
B06490,Atlanta,GA,35-44,False
B17599,Camden,NJ,45-54,False
B06106,Atlanta,GA,25-34,True
B16919,Richmond,VA,25-34,True
B04670,Las Vegas,NV,25-34,True
B18157,Camden,NJ,35-44,True
B13748,Newark,NJ,25-34,True
B06371,Atlanta,GA,18-24,False
B14192,Las Vegas,NV,35-44,False
B13460,Detroit,MI,45-54,True
B16647,Houston,TX,25-34,True
B02976,Las Vegas,NV,25-34,True
B16404,Phoenix,AZ,35-44,True
B08588,Washington,DC,45-54,True
B18046,Las Vegas,NV,35-44,False
B15349,Dallas,TX,35-44,True
B11774,Houston,TX,25-34,False
B05303,Atlanta,GA,25-34,False
B04706,Las Vegas,NV,35-44,False
B12054,Austin,TX,45-54,False
B15201,Detroit,MI,35-44,True
B12827,Houston,TX,25-34,False
B16765,Philadelphia,PA,35-44,False
B15834,Los Angeles,CA,35-44,False
B13536,Birmingham,AL,55+,True
B11371,Camden,NJ,25-34,False
B18279,Birmingham,AL,35-44,False
B14764,Philadelphia,PA,35-44,True
B13317,Houston,TX,35-44,True
B13229,Newark,NJ,55+,True
B14865,Philadelphia,PA,25-34,True
B01476,New York,NY,35-44,False
B00643,New York,NY,25-34,True
B18040,Atlanta,GA,55+,True
B13431,San Antonio,TX,18-24,True
B02757,Las Vegas,NV,45-54,True
B12772,Houston,TX,45-54,True
B13485,Los Angeles,CA,35-44,True
B02610,Las Vegas,NV,18-24,False
B14879,Unknown,CA,25-34,False
B12417,Austin,TX,18-24,True
B00684,New York,NY,25-34,False
B15045,Birmingham,AL,45-54,False
B14074,Unknown,AZ,35-44,False
B03229,Las Vegas,NV,18-24,False
B16857,Wilmington,DE,25-34,False
B17236,Atlanta,GA,35-44,True
B15612,Wilmington,DE,25-34,True
B15778,New York,NY,25-34,False
B15228,Austin,TX,45-54,True
B12883,Austin,TX,25-34,False
B14315,Newark,NJ,35-44,True
B16813,Philadelphia,PA,35-44,False
B01963,New York,NY,35-44,False
B12754,Austin,TX,35-44,False
B05976,Atlanta,GA,25-34,False
B15976,Wilmington,DE,35-44,False
B16864,New York,NY,45-54,False
B09042,Unknown,DC,35-44,False
B12352,Houston,TX,25-34,False
B02989,Las Vegas,NV,25-34,True
B17538,Dallas,TX,45-54,True
B00813,New York,NY,25-34,False
B11684,Austin,TX,35-44,True
B01655,New York,NY,35-44,True
B12480,San Antonio,TX,25-34,False
B13277,Chicago,IL,18-24,True
B01608,New York,NY,35-44,False
B15862,Phoenix,AZ,35-44,True
B01900,New York,NY,25-34,False
B09593,Washington,DC,18-24,False
B00884,New York,NY,25-34,False
B14909,Philadelphia,PA,35-44,True
B17526,Las Vegas,NV,18-24,False
B01038,New York,NY,25-34,False
B10437,Philadelphia,PA,25-34,True
B02600,New York,NY,25-34,True
B02667,Las Vegas,NV,25-34,True
B15567,New York,NY,35-44,False
B13335,Detroit,MI,18-24,True
B08073,Baltimore,MD,18-24,True
B00218,New York,NY,35-44,True
B02152,New York,NY,55+,True
B15734,Birmingham,AL,25-34,False
B07084,Atlanta,GA,18-24,True
B07909,Baltimore,MD,35-44,True
B09661,Unknown,NJ,25-34,False
B12864,Houston,TX,55+,False
B12158,Houston,TX,25-34,True
B07899,Washington,DC,45-54,True
B02299,New York,NY,18-24,False
B16541,New York,NY,45-54,True
B03634,Las Vegas,NV,25-34,False
B01098,New York,NY,18-24,True
B00120,New York,NY,45-54,False
B15069,Washington,DC,25-34,True
B06895,Atlanta,GA,35-44,False
B12311,Houston,TX,25-34,True
B16670,Detroit,MI,25-34,False
B07820,Washington,DC,45-54,False
B16903,Austin,TX,25-34,True
B01989,New York,NY,18-24,False
B09172,Washington,DC,25-34,True
B09923,Camden,NJ,18-24,True
B14001,Miami,FL,35-44,True
B02114,New York,NY,55+,False
B00097,New York,NY,45-54,False
B00381,New York,NY,55+,True
B02131,New York,NY,18-24,False
B14776,Charlotte,NC,18-24,True
B13442,Richmond,VA,18-24,True
B14752,Newark,NJ,25-34,False
B00594,New York,NY,45-54,False
B00391,New York,NY,35-44,True
B09451,Unknown,MD,45-54,False
B11719,Austin,TX,55+,True
B15454,Camden,NJ,18-24,True
B07841,Baltimore,MD,45-54,True
B15918,Philadelphia,PA,25-34,False
B11407,Austin,TX,35-44,False
B00711,New York,NY,35-44,True
B15330,Philadelphia,PA,35-44,True
B01029,New York,NY,25-34,False
B02968,Las Vegas,NV,25-34,True
B15794,Las Vegas,NV,25-34,False
B06428,Atlanta,GA,55+,False
B12358,San Antonio,TX,18-24,True
B04026,Las Vegas,NV,18-24,True
B09779,Wilmington,DE,25-34,False
B03595,Las Vegas,NV,35-44,True
B17767,Charlotte,NC,35-44,False
B13356,Houston,TX,18-24,True
B11291,Philadelphia,PA,18-24,True
B02047,New York,NY,25-34,True
B17986,Philadelphia,PA,35-44,False
B10131,Philadelphia,PA,25-34,False
B13781,Birmingham,AL,35-44,True
B12354,San Antonio,TX,25-34,True
B17812,Birmingham,AL,25-34,True
B00742,New York,NY,25-34,False
B16835,Austin,TX,35-44,True
B17145,Baltimore,MD,25-34,True
B11515,San Antonio,TX,25-34,True
B09144,Baltimore,MD,55+,True
B03566,Las Vegas,NV,25-34,True
B03870,Las Vegas,NV,55+,True
B00820,New York,NY,45-54,True
B18264,Atlanta,GA,45-54,True
B11812,Houston,TX,55+,False
B17460,Chicago,IL,45-54,True
B11587,Houston,TX,25-34,True
B00469,New York,NY,25-34,True
B15367,Baltimore,MD,25-34,True
B01487,New York,NY,35-44,False
B04034,Las Vegas,NV,35-44,True
B14802,Baltimore,MD,45-54,True
B00043,New York,NY,55+,False
B11526,Austin,TX,18-24,True
B03087,Las Vegas,NV,18-24,False
B02913,Las Vegas,NV,18-24,True
B14066,New York,NY,55+,True
B12251,San Antonio,TX,35-44,False
B08436,Baltimore,MD,55+,True
B08215,Washington,DC,25-34,True
B15799,Atlanta,GA,35-44,False
B01849,New York,NY,25-34,False
B09896,Wilmington,DE,55+,False
B10169,Philadelphia,PA,45-54,True
B14205,Las Vegas,NV,45-54,False
B16580,New York,NY,25-34,True
B00618,New York,NY,35-44,True
B14030,Dallas,TX,45-54,True
B07006,Atlanta,GA,18-24,True
B00167,New York,NY,45-54,True
B13698,Richmond,VA,35-44,True
B03244,Las Vegas,NV,25-34,True
B07166,Atlanta,GA,18-24,True
B17181,Philadelphia,PA,45-54,True
B12816,Houston,TX,25-34,True
B08175,Washington,DC,35-44,True
B08478,Unknown,DC,25-34,True
B13714,New York,NY,35-44,True
B11554,San Antonio,TX,18-24,True
B16633,Washington,DC,45-54,True
B00367,New York,NY,45-54,False
B13870,San Antonio,TX,25-34,False
B10173,Wilmington,DE,25-34,False
B13759,Atlanta,GA,18-24,True
B18378,Atlanta,GA,18-24,True
B10189,Philadelphia,PA,45-54,False
B14861,New York,NY,25-34,True
B11811,Austin,TX,35-44,False
B01343,New York,NY,35-44,False
B10738,Wilmington,DE,25-34,True
B18099,Philadelphia,PA,35-44,False
B00968,New York,NY,55+,True
B15158,Philadelphia,PA,35-44,False
B15853,Birmingham,AL,18-24,False
B01061,New York,NY,18-24,True
B02083,New York,NY,25-34,True
B00210,New York,NY,35-44,True
B11007,Wilmington,DE,25-34,False
B10127,Camden,NJ,45-54,True
B00247,New York,NY,18-24,True
B10454,Camden,NJ,25-34,False
B16528,Baltimore,MD,25-34,True
B09479,Baltimore,MD,25-34,True
B15457,Baltimore,MD,55+,True
B06390,Atlanta,GA,18-24,False
B00451,New York,NY,25-34,True
B08424,Washington,DC,55+,True
B08430,Baltimore,MD,35-44,True
B02407,New York,NY,25-34,True
B11716,San Antonio,TX,35-44,True
B02867,Las Vegas,NV,25-34,False
B13820,Detroit,MI,35-44,True
B17332,Miami,FL,25-34,True
B18082,Dallas,TX,35-44,False
B07488,Atlanta,GA,18-24,False
B03842,Las Vegas,NV,45-54,True
B02840,Las Vegas,NV,25-34,True
B01360,New York,NY,25-34,True
B04165,Unknown,NV,55+,False
B17776,Wilmington,DE,25-34,True
B13648,Las Vegas,NV,18-24,False
B09913,Camden,NJ,45-54,False
B14665,Dallas,TX,45-54,True
B06319,Atlanta,GA,45-54,True
B01087,New York,NY,18-24,False
B02088,New York,NY,25-34,False
B00401,New York,NY,25-34,True
B09790,Philadelphia,PA,25-34,True
B16698,Miami,FL,35-44,False
B10849,Wilmington,DE,35-44,False
B06971,Atlanta,GA,25-34,True
B16731,Dallas,TX,25-34,True
B12114,Houston,TX,18-24,True
B01332,New York,NY,35-44,True
B08416,Washington,DC,25-34,False
B15851,New York,NY,35-44,True
B01678,New York,NY,25-34,False
B02963,Las Vegas,NV,18-24,True
B02766,Las Vegas,NV,25-34,False
B01622,New York,NY,25-34,False
B02193,New York,NY,25-34,True
B14140,New York,NY,45-54,False
B17706,Philadelphia,PA,25-34,True
B02863,Las Vegas,NV,18-24,False
B17878,Newark,NJ,35-44,True
B12250,Houston,TX,25-34,True
B13091,Austin,TX,55+,True
B13240,Las Vegas,NV,18-24,False
B18224,Birmingham,AL,45-54,False
B06121,Atlanta,GA,18-24,False
B17490,Los Angeles,CA,25-34,True
B17399,Dallas,TX,18-24,True
B15770,Dallas,TX,35-44,True
B06207,Atlanta,GA,25-34,True
B07902,Washington,DC,18-24,True
B00032,New York,NY,25-34,True
B03447,Las Vegas,NV,18-24,False
B12129,Houston,TX,18-24,False
B02854,Las Vegas,NV,25-34,True
B13491,Chicago,IL,25-34,True
B10415,Philadelphia,PA,25-34,True
B12010,San Antonio,TX,25-34,True
B16621,Unknown,DE,18-24,True
B18008,Philadelphia,PA,25-34,False
B08426,Washington,DC,18-24,False
B06302,Atlanta,GA,25-34,False
B15925,Atlanta,GA,55+,True
B00187,New York,NY,35-44,False
B04559,Las Vegas,NV,18-24,True
B16456,Camden,NJ,35-44,True
B18134,Los Angeles,CA,35-44,True
B01144,New York,NY,35-44,False
B15194,Los Angeles,CA,35-44,False
B10481,Camden,NJ,25-34,False
B14361,Charlotte,NC,18-24,False
B09873,Camden,NJ,25-34,True
B05203,Atlanta,GA,25-34,True
B07207,Atlanta,GA,25-34,True
B07569,Atlanta,GA,45-54,True
B00087,New York,NY,45-54,False
B02077,New York,NY,45-54,False
B08097,Baltimore,MD,18-24,False
B03667,Las Vegas,NV,25-34,False
B11260,Philadelphia,PA,18-24,True
B11391,Philadelphia,PA,25-34,True
B01857,New York,NY,35-44,True
B02043,New York,NY,25-34,True
B16317,Newark,NJ,35-44,False
B01997,New York,NY,45-54,True
B00216,New York,NY,55+,True
B14612,Atlanta,GA,25-34,False
B08970,Washington,DC,25-34,True
B13406,Newark,NJ,55+,True
B03769,Las Vegas,NV,35-44,False
B02884,Las Vegas,NV,55+,False
B01996,New York,NY,25-34,False
B07302,Atlanta,GA,35-44,False
B02927,Las Vegas,NV,25-34,False
B03214,Las Vegas,NV,25-34,True
B03037,Las Vegas,NV,55+,False
B14926,Camden,NJ,35-44,True
B05847,Atlanta,GA,18-24,True
B11982,Houston,TX,35-44,False
B11166,Camden,NJ,45-54,True
B07887,Washington,DC,25-34,True
B06120,Atlanta,GA,18-24,False
B01303,New York,NY,25-34,True
B06061,Atlanta,GA,25-34,True
B11909,Austin,TX,18-24,True
B05341,Atlanta,GA,18-24,False
B14475,Chicago,IL,35-44,True
B09319,Washington,DC,35-44,False
B16269,San Antonio,TX,45-54,False
B11658,Austin,TX,25-34,True
B04219,Las Vegas,NV,18-24,False
B12140,Houston,TX,25-34,False
B03931,Las Vegas,NV,35-44,False
B11451,Houston,TX,55+,False
B00691,New York,NY,25-34,True
B18275,Philadelphia,PA,25-34,True
B14381,Atlanta,GA,45-54,True
B00215,New York,NY,35-44,True
B13275,San Antonio,TX,25-34,True
B15448,Las Vegas,NV,18-24,True
B05362,Atlanta,GA,18-24,False
B02664,Las Vegas,NV,25-34,False
B00630,New York,NY,25-34,True
B01326,New York,NY,35-44,False
B11856,Austin,TX,45-54,True
B09863,Philadelphia,PA,35-44,True
B02239,New York,NY,45-54,True
B01813,New York,NY,25-34,False
B03794,Las Vegas,NV,45-54,True
B07561,Atlanta,GA,45-54,True
B14104,Richmond,VA,35-44,False
B13133,San Antonio,TX,25-34,False
B15143,San Antonio,TX,18-24,False
B03023,Las Vegas,NV,35-44,True
B13157,Austin,TX,35-44,True
B04964,Las Vegas,NV,55+,False
B00592,New York,NY,25-34,True
B09663,Philadelphia,PA,18-24,True
B02747,Las Vegas,NV,35-44,True
B11710,Austin,TX,25-34,True
B16369,Phoenix,AZ,45-54,True
B15634,Dallas,TX,35-44,False
B01294,New York,NY,45-54,True
B07646,Atlanta,GA,25-34,False
B09275,Baltimore,MD,45-54,False
B17520,Miami,FL,35-44,True
B05009,Las Vegas,NV,25-34,False
B11558,Austin,TX,18-24,True
B16656,Charlotte,NC,35-44,True
B17255,Charlotte,NC,45-54,True
B11234,Philadelphia,PA,25-34,False
B12234,Houston,TX,18-24,False
B13325,Los Angeles,CA,18-24,False
B04789,Las Vegas,NV,25-34,False
B17294,Dallas,TX,25-34,True
B07608,Atlanta,GA,18-24,True
B15160,Houston,TX,18-24,False
B01807,New York,NY,18-24,True
B14828,Dallas,TX,45-54,True
B05013,Las Vegas,NV,25-34,True
B15471,Houston,TX,35-44,True
B16978,Miami,FL,35-44,False
B07912,Washington,DC,25-34,False
B18222,New York,NY,35-44,False
B07874,Baltimore,MD,35-44,True
B06242,Atlanta,GA,25-34,True
B15477,Dallas,TX,35-44,False
B16655,Philadelphia,PA,35-44,True
B12327,Austin,TX,18-24,False
B14003,Newark,NJ,25-34,True
B01121,New York,NY,55+,True
B17518,Newark,NJ,25-34,True
B15560,Washington,DC,18-24,False
B14718,Los Angeles,CA,18-24,True
B05229,Atlanta,GA,25-34,True
B13225,Wilmington,DE,25-34,True
B05306,Atlanta,GA,18-24,True
B03174,Las Vegas,NV,25-34,True
B15949,Birmingham,AL,25-34,False
B13576,Wilmington,DE,35-44,True
B05862,Atlanta,GA,25-34,True
B00972,New York,NY,25-34,False
B16752,Dallas,TX,45-54,True
B08851,Baltimore,MD,25-34,True
B13806,Camden,NJ,55+,True
B16986,Dallas,TX,55+,True
B09013,Baltimore,MD,35-44,False
B09551,Baltimore,MD,25-34,False
B16101,Birmingham,AL,25-34,True
B15338,Los Angeles,CA,35-44,False
B10407,Philadelphia,PA,18-24,True
B01057,New York,NY,18-24,True
B09304,Baltimore,MD,25-34,True
B09085,Washington,DC,55+,True
B09653,Wilmington,DE,35-44,False
B02245,New York,NY,35-44,True
B01788,New York,NY,25-34,True
B17224,San Antonio,TX,55+,True
B03342,Las Vegas,NV,55+,False
B10161,Wilmington,DE,25-34,True
B12145,Houston,TX,35-44,False
B00465,New York,NY,18-24,True
B12174,Austin,TX,25-34,False
B16066,New York,NY,18-24,True
B10338,Unknown,PA,25-34,True
B15270,Newark,NJ,25-34,True
B01357,New York,NY,18-24,False
B16516,New York,NY,25-34,True
B08712,Baltimore,MD,18-24,True
B01643,New York,NY,35-44,True
B12619,San Antonio,TX,45-54,False
B11074,Camden,NJ,25-34,True
B11420,Houston,TX,55+,False
B14799,Miami,FL,45-54,False
B01752,New York,NY,35-44,False
B11264,Wilmington,DE,35-44,True
B00865,New York,NY,25-34,True
B05574,Atlanta,GA,18-24,False
B16489,Richmond,VA,25-34,False
B10321,Camden,NJ,25-34,True
B12396,San Antonio,TX,25-34,True
B05238,Atlanta,GA,35-44,False
B10801,Wilmington,DE,25-34,True
B13800,Philadelphia,PA,45-54,True
B11531,San Antonio,TX,18-24,True
B00867,New York,NY,45-54,True
B13734,Baltimore,MD,45-54,True
B06530,Atlanta,GA,35-44,True
B16085,Birmingham,AL,25-34,False
B06729,Atlanta,GA,25-34,False
B07915,Washington,DC,25-34,False
B17083,Phoenix,AZ,18-24,True
B05145,Las Vegas,NV,18-24,True
B15667,Charlotte,NC,25-34,True
B01460,New York,NY,25-34,True
B02617,Las Vegas,NV,45-54,True
B00115,New York,NY,55+,False
B15993,Camden,NJ,25-34,True
B13635,Dallas,TX,18-24,False
B14899,Detroit,MI,55+,False
B13598,Richmond,VA,45-54,True
B15673,Charlotte,NC,25-34,True
B10152,Camden,NJ,25-34,False
B10510,Philadelphia,PA,35-44,False
B01352,New York,NY,35-44,False
B16258,Birmingham,AL,18-24,True
B12243,Houston,TX,25-34,True
B11604,Houston,TX,45-54,False
B13699,Baltimore,MD,18-24,True
B09402,Washington,DC,18-24,False
B08114,Washington,DC,18-24,True
B14339,Wilmington,DE,25-34,False
B18041,Austin,TX,18-24,True
B04558,Las Vegas,NV,18-24,True
B05322,Atlanta,GA,25-34,False
B15431,Newark,NJ,25-34,True
B14783,Philadelphia,PA,55+,True
B10379,Wilmington,DE,25-34,True
B13142,San Antonio,TX,25-34,False
B13623,Houston,TX,18-24,False
B11908,Austin,TX,45-54,False
B02508,New York,NY,45-54,True
B15833,Newark,NJ,18-24,False
B07851,Baltimore,MD,25-34,True
B18055,Newark,NJ,35-44,False
B05620,Atlanta,GA,25-34,False
B08038,Baltimore,MD,25-34,False
B00544,New York,NY,25-34,True
B06054,Atlanta,GA,25-34,False
B09203,Washington,DC,35-44,True
B10430,Philadelphia,PA,25-34,True
B10403,Camden,NJ,35-44,False
B00300,New York,NY,25-34,True
B17058,Phoenix,AZ,35-44,True
B07867,Washington,DC,18-24,True
B02794,Las Vegas,NV,25-34,False
B12649,Austin,TX,18-24,False
B17733,Newark,NJ,45-54,True
B00029,New York,NY,55+,False
B01681,New York,NY,45-54,False
B13499,Wilmington,DE,18-24,True
B16223,Philadelphia,PA,35-44,False
B17641,Austin,TX,25-34,True
B16012,Washington,DC,35-44,True
B03519,Las Vegas,NV,35-44,True
B18069,Miami,FL,18-24,True
B03398,Las Vegas,NV,18-24,True
B00176,New York,NY,45-54,False
B00423,New York,NY,25-34,False
B01147,New York,NY,35-44,False
B13161,Houston,TX,45-54,True
B15659,Atlanta,GA,25-34,True
B10978,Philadelphia,PA,25-34,True
B10384,Philadelphia,PA,25-34,False
B13722,Birmingham,AL,35-44,False
B13384,Dallas,TX,25-34,True
B07212,Atlanta,GA,25-34,True
B10966,Camden,NJ,45-54,True
B00871,New York,NY,55+,True
B11946,Austin,TX,35-44,True
B05494,Atlanta,GA,25-34,False
B00673,New York,NY,35-44,False
B17442,Austin,TX,35-44,True
B14372,Charlotte,NC,45-54,True
B05014,Las Vegas,NV,35-44,True
B09722,Camden,NJ,25-34,True
B06631,Atlanta,GA,25-34,True
B14221,Charlotte,NC,35-44,True
B05690,Atlanta,GA,35-44,True
B08452,Washington,DC,45-54,True
B07801,Baltimore,MD,25-34,True
B10249,Camden,NJ,25-34,True
B00830,New York,NY,45-54,True
B13881,Los Angeles,CA,55+,True
B01687,New York,NY,18-24,False
B16482,Charlotte,NC,18-24,False
B09634,Wilmington,DE,45-54,False
B00803,New York,NY,25-34,False
B11033,Camden,NJ,55+,True
B08728,Baltimore,MD,35-44,True
B04494,Las Vegas,NV,55+,True
B10642,Camden,NJ,55+,True
B16442,Los Angeles,CA,18-24,True
B10285,Wilmington,DE,45-54,True
B16455,New York,NY,45-54,False
B16829,Phoenix,AZ,35-44,True
B09752,Philadelphia,PA,25-34,True
B00422,New York,NY,35-44,True
B01903,New York,NY,25-34,True
B14692,Los Angeles,CA,18-24,True
B09649,Philadelphia,PA,18-24,True
B08432,Baltimore,MD,45-54,True
B15488,Newark,NJ,25-34,True
B10751,Camden,NJ,18-24,False
B14344,Baltimore,MD,25-34,True
B08408,Washington,DC,25-34,True
B03627,Las Vegas,NV,18-24,True
B15458,Richmond,VA,35-44,False
B11747,San Antonio,TX,45-54,False
B01850,New York,NY,55+,True
B00889,New York,NY,18-24,True
B09051,Baltimore,MD,45-54,False
B02316,Unknown,NY,18-24,True
B03064,Las Vegas,NV,55+,True
B08513,Baltimore,MD,25-34,True
B09244,Washington,DC,18-24,False
B04924,Las Vegas,NV,35-44,True
B15293,Washington,DC,35-44,True
B00105,New York,NY,35-44,True
B14285,Newark,NJ,55+,True
B16873,Baltimore,MD,35-44,True
B00232,New York,NY,25-34,False
B05416,Atlanta,GA,18-24,False
B02499,New York,NY,35-44,True
B11160,Philadelphia,PA,18-24,True
B04671,Las Vegas,NV,18-24,True
B08994,Washington,DC,25-34,True
B08575,Baltimore,MD,25-34,True
B12003,San Antonio,TX,35-44,False
B04254,Las Vegas,NV,35-44,False
B14318,Phoenix,AZ,18-24,True
B12268,Austin,TX,35-44,False
B01423,New York,NY,25-34,True
B02414,New York,NY,18-24,True
B10386,Philadelphia,PA,18-24,False
B06174,Atlanta,GA,35-44,True
B06730,Atlanta,GA,55+,False
B06816,Atlanta,GA,35-44,True
B15435,Atlanta,GA,25-34,True
B12882,San Antonio,TX,45-54,False
B03172,Las Vegas,NV,45-54,True
B15030,Detroit,MI,18-24,True
B00675,New York,NY,45-54,False
B04098,Las Vegas,NV,25-34,False
B15756,Charlotte,NC,18-24,True
B10159,Camden,NJ,35-44,False
B00797,New York,NY,25-34,False
B02821,Las Vegas,NV,25-34,True
B00666,New York,NY,45-54,False
B01090,New York,NY,25-34,True
B05895,Atlanta,GA,25-34,False
B02169,New York,NY,35-44,False
B03867,Las Vegas,NV,25-34,False
B03418,Las Vegas,NV,25-34,True
B10107,Wilmington,DE,25-34,False
B16186,Chicago,IL,18-24,True
B01836,New York,NY,18-24,True
B01008,New York,NY,35-44,False
B11324,Wilmington,DE,35-44,False
B07981,Washington,DC,35-44,True
B13910,Camden,NJ,25-34,False
B12519,San Antonio,TX,25-34,True
B15511,Las Vegas,NV,35-44,False
B17162,Phoenix,AZ,35-44,True
B01086,New York,NY,25-34,False
B15698,Newark,NJ,25-34,True
B10771,Camden,NJ,45-54,False
B12596,San Antonio,TX,25-34,True
B13104,San Antonio,TX,35-44,True
B17397,Charlotte,NC,55+,True
B08099,Washington,DC,25-34,True
B14290,Birmingham,AL,25-34,True
B05527,Atlanta,GA,25-34,True
B06736,Atlanta,GA,25-34,False
B08710,Washington,DC,18-24,False
B08665,Baltimore,MD,25-34,True
B17425,Houston,TX,25-34,False
B16535,San Antonio,TX,18-24,True
B02582,New York,NY,18-24,True
B16593,Austin,TX,45-54,True
B00750,New York,NY,45-54,True
B03651,Las Vegas,NV,45-54,True
B15566,Phoenix,AZ,35-44,True
B00507,New York,NY,55+,True
B03554,Las Vegas,NV,25-34,True
B15291,Washington,DC,55+,False
B13204,Newark,NJ,25-34,True
B17369,New York,NY,45-54,True
B05814,Atlanta,GA,25-34,True
B09115,Baltimore,MD,35-44,True
B11803,Austin,TX,35-44,True
B01342,New York,NY,55+,False
B11441,Houston,TX,45-54,False
B12556,San Antonio,TX,25-34,True
B00175,New York,NY,35-44,False
B04907,Las Vegas,NV,18-24,True
B04017,Las Vegas,NV,35-44,True
B15181,Las Vegas,NV,25-34,True
B08538,Baltimore,MD,18-24,True
B09607,Camden,NJ,35-44,False
B10240,Camden,NJ,35-44,False
B12771,Houston,TX,25-34,False
B14788,Newark,NJ,18-24,False
B08185,Unknown,DC,45-54,True
B05387,Atlanta,GA,25-34,True
B13290,Unknown,MI,45-54,True
B17373,Washington,DC,25-34,True
B14220,Las Vegas,NV,25-34,False
B03787,Las Vegas,NV,18-24,False
B02755,Las Vegas,NV,35-44,True
B10535,Wilmington,DE,35-44,True
B13776,Austin,TX,25-34,False
B07665,Atlanta,GA,45-54,False
B01046,New York,NY,35-44,False
B18247,Los Angeles,CA,25-34,True
B04831,Las Vegas,NV,35-44,True
B15954,Birmingham,AL,45-54,False
B03395,Las Vegas,NV,35-44,True
B03391,Las Vegas,NV,18-24,False
B09682,Camden,NJ,18-24,False
B02605,Las Vegas,NV,18-24,True
B02725,Las Vegas,NV,25-34,True
B17886,Newark,NJ,35-44,True
B09613,Camden,NJ,25-34,True
B18100,Camden,NJ,18-24,False
B14829,Atlanta,GA,25-34,True
B14522,Newark,NJ,25-34,True
B13201,Baltimore,MD,25-34,False
B05793,Atlanta,GA,18-24,False
B13097,San Antonio,TX,35-44,True
B14859,Los Angeles,CA,35-44,True
B00375,New York,NY,55+,True
B08102,Baltimore,MD,25-34,True
B02721,Las Vegas,NV,25-34,True
B05221,Atlanta,GA,55+,True
B02376,New York,NY,35-44,False
B15485,Charlotte,NC,25-34,False
B08082,Washington,DC,25-34,True
B10311,Camden,NJ,18-24,False
B04469,Las Vegas,NV,35-44,True
B09374,Baltimore,MD,35-44,True
B03109,Las Vegas,NV,55+,True
B17623,Chicago,IL,25-34,True
B02900,Las Vegas,NV,18-24,True
B18135,Dallas,TX,35-44,True
B02153,New York,NY,35-44,True
B10222,Camden,NJ,25-34,True
B05815,Atlanta,GA,25-34,False
B09081,Baltimore,MD,25-34,False
B05644,Atlanta,GA,25-34,True
B03120,Las Vegas,NV,35-44,True
B02845,Las Vegas,NV,25-34,False
B10279,Philadelphia,PA,25-34,False
B10804,Wilmington,DE,55+,True
B07126,Atlanta,GA,25-34,True
B12844,Austin,TX,45-54,True
B15121,Richmond,VA,25-34,False
B15801,Dallas,TX,25-34,True
B05654,Atlanta,GA,45-54,False
B07770,Atlanta,GA,18-24,True
B13983,Miami,FL,45-54,True
B03274,Las Vegas,NV,25-34,True
B16062,Chicago,IL,25-34,True
B15374,Charlotte,NC,45-54,False
B05324,Atlanta,GA,25-34,True
B01204,New York,NY,55+,True
B01439,New York,NY,25-34,True
B13132,Houston,TX,25-34,False
B16570,Wilmington,DE,45-54,True
B08896,Baltimore,MD,45-54,False
B17708,Las Vegas,NV,45-54,False
B08343,Washington,DC,25-34,False
B10463,Wilmington,DE,45-54,False
B13345,Austin,TX,25-34,True
B14577,Washington,DC,35-44,False
B02590,New York,NY,45-54,True
B15074,Phoenix,AZ,18-24,True
B11708,San Antonio,TX,35-44,True
B03306,Las Vegas,NV,45-54,False
B05368,Atlanta,GA,25-34,False
B09721,Wilmington,DE,25-34,True
B05845,Atlanta,GA,35-44,False
B01330,New York,NY,45-54,False
B11448,Austin,TX,25-34,False
B00604,New York,NY,35-44,True
B05461,Atlanta,GA,25-34,True
B13212,San Antonio,TX,25-34,False
B16623,Philadelphia,PA,18-24,False
B01318,New York,NY,18-24,True
B01250,New York,NY,25-34,True
B04536,Las Vegas,NV,35-44,True
B05700,Atlanta,GA,45-54,False
B01027,Unknown,NY,35-44,False
B00416,New York,NY,18-24,True
B16977,Miami,FL,25-34,True
B18023,Washington,DC,45-54,True
B08356,Baltimore,MD,18-24,False
B13364,Charlotte,NC,25-34,True
B02411,New York,NY,25-34,False
B13657,San Antonio,TX,45-54,True
B06864,Atlanta,GA,45-54,True
B03192,Las Vegas,NV,35-44,False
B11184,Camden,NJ,35-44,True
B01561,New York,NY,25-34,False
B02275,New York,NY,45-54,False
B13518,Wilmington,DE,25-34,False
B09513,Washington,DC,25-34,True
B13020,San Antonio,TX,35-44,False
B05905,Unknown,GA,45-54,True
B13602,Phoenix,AZ,45-54,False
B15428,New York,NY,18-24,False
B02069,New York,NY,35-44,True
B17108,Atlanta,GA,45-54,False
B02036,New York,NY,18-24,True
B16201,Baltimore,MD,35-44,False
B12360,San Antonio,TX,45-54,True
B10096,Wilmington,DE,25-34,False
B01078,New York,NY,18-24,True
B04866,Las Vegas,NV,18-24,True
B01606,New York,NY,25-34,True
B13360,Miami,FL,55+,False
B00013,New York,NY,25-34,True
B14836,Richmond,VA,25-34,False
B08014,Washington,DC,25-34,True
B16982,Houston,TX,35-44,True
B08234,Washington,DC,35-44,True
B16735,Newark,NJ,35-44,False
B16427,Atlanta,GA,25-34,False
B07086,Atlanta,GA,35-44,False
B13399,Atlanta,GA,45-54,True
B01131,New York,NY,55+,True
B15588,Richmond,VA,25-34,True
B12638,San Antonio,TX,25-34,False
B04927,Las Vegas,NV,35-44,True
B04950,Las Vegas,NV,25-34,True
B01410,New York,NY,45-54,True
B16127,Houston,TX,55+,True
B13388,Austin,TX,25-34,True
B00062,New York,NY,25-34,True
B14947,New York,NY,35-44,False
B13282,Richmond,VA,35-44,True
B12159,San Antonio,TX,25-34,True
B02724,Las Vegas,NV,35-44,True
B13452,San Antonio,TX,25-34,True
B02627,Las Vegas,NV,18-24,True
B00925,New York,NY,55+,True
B04657,Las Vegas,NV,35-44,True
B07425,Atlanta,GA,25-34,True
B17883,Dallas,TX,45-54,True
B05999,Atlanta,GA,18-24,False
B17115,Philadelphia,PA,35-44,False
B00168,New York,NY,18-24,False
B10332,Philadelphia,PA,35-44,True
B10024,Philadelphia,PA,25-34,True
B14230,Philadelphia,PA,35-44,True
B08143,Washington,DC,45-54,False
B13467,Charlotte,NC,45-54,False
B05849,Atlanta,GA,55+,True
B13927,Detroit,MI,45-54,True
B18271,Miami,FL,25-34,True
B13945,Camden,NJ,25-34,False
B17899,Dallas,TX,25-34,True
B03506,Las Vegas,NV,45-54,False
B08101,Baltimore,MD,18-24,True
B12823,Houston,TX,35-44,False
B00452,New York,NY,35-44,True
B18162,Phoenix,AZ,18-24,False
B06840,Atlanta,GA,35-44,True
B05125,Las Vegas,NV,35-44,True
B07935,Baltimore,MD,35-44,True
B08035,Baltimore,MD,55+,False
B18278,Newark,NJ,18-24,False
B07233,Atlanta,GA,45-54,True
B13996,Richmond,VA,25-34,False
B13666,Houston,TX,35-44,False
B00425,New York,NY,45-54,False
B12047,Houston,TX,25-34,False
B04109,Las Vegas,NV,25-34,True
B13186,San Antonio,TX,18-24,False
B08785,Baltimore,MD,35-44,True
B12462,Houston,TX,25-34,True
B02851,Las Vegas,NV,18-24,True
B05256,Atlanta,GA,25-34,True
B18211,Birmingham,AL,25-34,False
B15836,Los Angeles,CA,45-54,True
B04411,Unknown,NV,45-54,True
B14609,Los Angeles,CA,25-34,False
B11578,Houston,TX,35-44,True
B17433,Baltimore,MD,35-44,False
B15351,Phoenix,AZ,35-44,True
B13951,Birmingham,AL,35-44,True
B14155,Birmingham,AL,45-54,True
B01354,New York,NY,35-44,False
B06007,Atlanta,GA,25-34,True
B03488,Las Vegas,NV,35-44,True
B06259,Atlanta,GA,55+,True
B08105,Baltimore,MD,35-44,True
B18292,Phoenix,AZ,18-24,False
B01873,New York,NY,18-24,True
B14725,Houston,TX,25-34,False
B17482,Richmond,VA,25-34,True
B00185,New York,NY,35-44,True
B12514,Houston,TX,35-44,True
B14047,Atlanta,GA,45-54,False
B04572,Las Vegas,NV,18-24,False
B03994,Las Vegas,NV,45-54,True
B05208,Atlanta,GA,35-44,True
B12590,Houston,TX,35-44,True
B17676,Phoenix,AZ,25-34,True
B12929,San Antonio,TX,35-44,False
B13905,Wilmington,DE,25-34,False
B13334,Dallas,TX,25-34,True
B16358,Phoenix,AZ,35-44,True
B00424,New York,NY,45-54,False
B17355,Richmond,VA,35-44,False
B16246,Chicago,IL,35-44,False
B07457,Atlanta,GA,18-24,False
B09852,Wilmington,DE,25-34,True
B02124,New York,NY,25-34,False
B15499,Washington,DC,18-24,True
B13519,Charlotte,NC,25-34,True
B15913,Miami,FL,45-54,False
B02561,New York,NY,35-44,True
B15461,Wilmington,DE,45-54,False
B10227,Philadelphia,PA,25-34,True
B01719,New York,NY,45-54,False
B15642,Los Angeles,CA,45-54,False
B14340,Richmond,VA,18-24,False
B13678,New York,NY,25-34,True
B12930,Houston,TX,25-34,True
B14388,Miami,FL,45-54,True
B07948,Baltimore,MD,25-34,True
B16736,Atlanta,GA,18-24,True
B07668,Atlanta,GA,45-54,True
B11940,San Antonio,TX,35-44,False
B05317,Atlanta,GA,18-24,True
B14211,Houston,TX,45-54,False
B17978,Phoenix,AZ,35-44,False
B09972,Wilmington,DE,18-24,True
B16207,Phoenix,AZ,35-44,True
B15808,New York,NY,45-54,True
B17021,Charlotte,NC,55+,True
B18338,Los Angeles,CA,18-24,True
B09145,Washington,DC,35-44,False
B13801,New York,NY,25-34,True
B05528,Atlanta,GA,45-54,True
B17620,Phoenix,AZ,35-44,False
B04660,Las Vegas,NV,25-34,False
B03207,Las Vegas,NV,35-44,True
B17659,Charlotte,NC,18-24,True
B02165,New York,NY,35-44,True
B07633,Atlanta,GA,35-44,True
B08537,Washington,DC,45-54,True
B14102,Unknown,MD,25-34,False
B07064,Atlanta,GA,45-54,False
B12933,Houston,TX,18-24,True
B03978,Las Vegas,NV,18-24,False
B04199,Las Vegas,NV,25-34,False
B13374,Phoenix,AZ,25-34,True
B13143,Austin,TX,18-24,True
B15037,Miami,FL,45-54,True
B10235,Philadelphia,PA,25-34,False
B12285,Austin,TX,45-54,False
B13794,Houston,TX,18-24,True
B00480,New York,NY,25-34,True
B06835,Atlanta,GA,35-44,False
B08223,Washington,DC,45-54,False
B14324,Camden,NJ,35-44,True
B01430,New York,NY,25-34,True
B17349,Richmond,VA,45-54,False
B12721,Houston,TX,35-44,True
B08008,Washington,DC,45-54,True
B00777,New York,NY,25-34,True
B00862,New York,NY,18-24,False
B09874,Wilmington,DE,35-44,True
B06501,Atlanta,GA,25-34,True
B06825,Atlanta,GA,35-44,True
B08195,Baltimore,MD,25-34,True
B15760,Los Angeles,CA,18-24,True
B03963,Las Vegas,NV,18-24,False
B04072,Las Vegas,NV,25-34,False
B17571,Dallas,TX,25-34,True
B13780,New York,NY,25-34,True
B00667,New York,NY,55+,True
B02980,Las Vegas,NV,18-24,True
B18132,Phoenix,AZ,18-24,True
B08512,Baltimore,MD,45-54,False
B14851,Austin,TX,18-24,True
B11429,Houston,TX,55+,False
B03504,Las Vegas,NV,18-24,True
B05701,Atlanta,GA,25-34,True
B13194,San Antonio,TX,45-54,True
B06580,Atlanta,GA,45-54,True
B17285,Los Angeles,CA,55+,True
B08121,Baltimore,MD,45-54,True
B18120,Richmond,VA,25-34,True
B14606,New York,NY,25-34,True
B16970,Newark,NJ,45-54,False
B17451,Los Angeles,CA,25-34,False
B16682,Washington,DC,55+,False
B05315,Atlanta,GA,45-54,True
B07952,Baltimore,MD,25-34,False
B17824,Camden,NJ,18-24,False
B11599,Houston,TX,45-54,True
B10276,Camden,NJ,35-44,True
B10057,Philadelphia,PA,35-44,False
B03377,Las Vegas,NV,25-34,False
B14681,Newark,NJ,25-34,True
B10959,Camden,NJ,35-44,True
B07341,Atlanta,GA,18-24,True
B08156,Washington,DC,35-44,True
B00838,New York,NY,35-44,False
B14212,Charlotte,NC,45-54,False
B10125,Camden,NJ,25-34,True
B15534,Washington,DC,35-44,False
B06409,Atlanta,GA,35-44,True
B00078,New York,NY,18-24,False
B04714,Las Vegas,NV,18-24,False
B05689,Atlanta,GA,18-24,True
B03055,Las Vegas,NV,18-24,False
B12082,Austin,TX,25-34,False
B09155,Washington,DC,18-24,False
B01547,New York,NY,25-34,True
B15230,Wilmington,DE,18-24,False
B13508,Los Angeles,CA,18-24,False
B17131,Charlotte,NC,55+,False
B13992,Baltimore,MD,45-54,True
B08119,Baltimore,MD,25-34,True
B12405,Houston,TX,18-24,False
B17522,San Antonio,TX,18-24,False
B14635,Miami,FL,25-34,True
B10744,Philadelphia,PA,18-24,False
B08149,Washington,DC,18-24,True
B16330,Houston,TX,35-44,False
B00562,New York,NY,35-44,True
B16046,Dallas,TX,35-44,True
B00011,New York,NY,25-34,True
B17539,Newark,NJ,25-34,False
B06805,Atlanta,GA,35-44,True
B18362,Unknown,CA,35-44,True
B11214,Wilmington,DE,35-44,True
B16498,Dallas,TX,35-44,True
B12190,Houston,TX,35-44,True
B00597,New York,NY,45-54,True
B11190,Wilmington,DE,55+,True
B15783,Phoenix,AZ,18-24,False
B04815,Las Vegas,NV,35-44,True
B08196,Washington,DC,55+,False
B14810,Houston,TX,45-54,True
B09228,Washington,DC,35-44,False
B04892,Las Vegas,NV,25-34,True
B15241,Austin,TX,18-24,True
B01512,New York,NY,45-54,False
B09112,Baltimore,MD,18-24,True
B05367,Atlanta,GA,25-34,True
B01462,New York,NY,25-34,False
B15494,Miami,FL,25-34,True
B16825,Philadelphia,PA,45-54,True
B02305,New York,NY,25-34,False
B05280,Atlanta,GA,45-54,True
B12185,Austin,TX,18-24,True
B03644,Las Vegas,NV,35-44,True
B13148,Houston,TX,45-54,False
B16396,Miami,FL,25-34,False
B00924,New York,NY,25-34,True
B00636,New York,NY,25-34,True
B02874,Las Vegas,NV,25-34,True
B01779,New York,NY,45-54,True
B06476,Atlanta,GA,45-54,True
B10018,Philadelphia,PA,18-24,True
B06551,Atlanta,GA,45-54,False
B10176,Camden,NJ,18-24,True
B14240,Los Angeles,CA,25-34,True
B14322,Baltimore,MD,18-24,True
B05499,Atlanta,GA,45-54,False
B15725,Detroit,MI,18-24,False
B03559,Las Vegas,NV,45-54,True
B11426,San Antonio,TX,45-54,True
B15965,Phoenix,AZ,18-24,True
B09061,Washington,DC,25-34,False
B02604,Las Vegas,NV,25-34,True
B13696,Los Angeles,CA,25-34,False
B15827,Newark,NJ,55+,True
B16694,Austin,TX,18-24,True
B00284,New York,NY,25-34,False
B15636,Birmingham,AL,25-34,True
B13754,Miami,FL,35-44,True
B06698,Atlanta,GA,25-34,True
B08602,Washington,DC,45-54,False
B10490,Philadelphia,PA,35-44,False
B12911,Houston,TX,35-44,True
B12474,San Antonio,TX,35-44,True
B11089,Camden,NJ,25-34,False
B00390,New York,NY,25-34,True
B01938,New York,NY,25-34,True
B01952,New York,NY,35-44,False
B14456,Charlotte,NC,25-34,True
B03083,Las Vegas,NV,35-44,True
B01774,New York,NY,25-34,False
B02931,Las Vegas,NV,45-54,False
B17394,Wilmington,DE,45-54,True
B00543,New York,NY,18-24,True
B17603,San Antonio,TX,18-24,True
B13695,Camden,NJ,45-54,True
B15231,Washington,DC,25-34,True
B11274,Wilmington,DE,25-34,False
B13106,Houston,TX,18-24,True
B00973,New York,NY,35-44,True
B02899,Las Vegas,NV,25-34,True
B05097,Las Vegas,NV,35-44,False
B18014,Dallas,TX,45-54,True
B17665,Charlotte,NC,25-34,True
B14964,Phoenix,AZ,35-44,False
B16737,Philadelphia,PA,45-54,False
B03242,Las Vegas,NV,35-44,False
B12078,Houston,TX,45-54,True
B17928,Austin,TX,25-34,True
B18243,Austin,TX,25-34,False
B12895,Austin,TX,18-24,True
B14319,Newark,NJ,35-44,False
B07870,Washington,DC,45-54,False
B13980,Wilmington,DE,25-34,False
B11852,San Antonio,TX,35-44,False
B13119,Houston,TX,25-34,False
B13634,Detroit,MI,35-44,True
B10053,Philadelphia,PA,35-44,True
B04818,Las Vegas,NV,45-54,True
B17439,New York,NY,35-44,False
B05278,Atlanta,GA,35-44,True
B00533,New York,NY,45-54,True
B15452,Los Angeles,CA,25-34,False
B00928,New York,NY,25-34,False
B07953,Baltimore,MD,45-54,True
B14750,Phoenix,AZ,35-44,True
B11564,Austin,TX,35-44,True
B00522,New York,NY,35-44,True
B09678,Wilmington,DE,18-24,False
B11224,Wilmington,DE,35-44,True
B11620,Houston,TX,25-34,True
B14616,San Antonio,TX,25-34,True
B05346,Atlanta,GA,45-54,False
B17563,Miami,FL,25-34,True
B02888,Las Vegas,NV,25-34,True
B00332,New York,NY,25-34,True
B16610,Birmingham,AL,35-44,False
B06725,Atlanta,GA,25-34,True
B13176,San Antonio,TX,25-34,False
B14033,Richmond,VA,18-24,True
B14124,New York,NY,35-44,True
B06439,Atlanta,GA,35-44,False
B11416,Austin,TX,18-24,True
B18389,Los Angeles,CA,55+,False
B16050,Phoenix,AZ,45-54,True
B13044,San Antonio,TX,18-24,True
B15788,New York,NY,18-24,False
B11919,Houston,TX,18-24,True
B17943,Phoenix,AZ,25-34,True
B07882,Baltimore,MD,35-44,False
B11808,San Antonio,TX,18-24,True
B02068,New York,NY,25-34,False
B12566,Houston,TX,35-44,True
B15538,Austin,TX,35-44,False
B16318,Los Angeles,CA,45-54,True
B09708,Philadelphia,PA,55+,False
B08259,Baltimore,MD,18-24,True
B18152,Birmingham,AL,25-34,True
B08799,Baltimore,MD,18-24,False
B16247,Washington,DC,18-24,False
B18031,Richmond,VA,18-24,False
B15784,Detroit,MI,45-54,True
B03479,Las Vegas,NV,18-24,False
B08609,Baltimore,MD,18-24,False
B09470,Washington,DC,45-54,True
B11080,Camden,NJ,18-24,True
B14796,Charlotte,NC,35-44,False
B15798,Phoenix,AZ,35-44,True
B16071,Detroit,MI,18-24,False
B11770,Austin,TX,35-44,True
B14740,Phoenix,AZ,25-34,True
B09033,Washington,DC,35-44,False
B06552,Atlanta,GA,45-54,False
B11006,Philadelphia,PA,25-34,True
B05663,Atlanta,GA,18-24,True
B01295,New York,NY,25-34,True
B01100,New York,NY,35-44,True
B14010,Austin,TX,25-34,False
B14072,Baltimore,MD,45-54,True
B15125,Detroit,MI,18-24,True
B14754,Chicago,IL,35-44,False
B02803,Las Vegas,NV,35-44,False
B14691,Miami,FL,55+,True
B09648,Camden,NJ,25-34,True
B00845,New York,NY,25-34,True
B00633,New York,NY,35-44,True
B00022,New York,NY,25-34,True
B14704,Phoenix,AZ,25-34,False
B00069,New York,NY,18-24,True
B00987,New York,NY,18-24,True
B13239,Birmingham,AL,45-54,False
B04768,Las Vegas,NV,25-34,True
B16578,Richmond,VA,45-54,True
B01348,New York,NY,45-54,True
B16133,Los Angeles,CA,45-54,False
B18000,Richmond,VA,35-44,True
B00947,New York,NY,25-34,False
B05786,Atlanta,GA,18-24,True
B00731,New York,NY,35-44,False
B01003,New York,NY,45-54,True
B07930,Washington,DC,25-34,False
B06284,Atlanta,GA,45-54,False
B07771,Atlanta,GA,35-44,False
B03240,Las Vegas,NV,25-34,True
B11496,Austin,TX,35-44,True
B15995,Dallas,TX,35-44,False
B11393,Camden,NJ,35-44,True
B02940,Las Vegas,NV,25-34,False
B07080,Atlanta,GA,25-34,True
B08147,Washington,DC,35-44,False
B00208,New York,NY,35-44,True
B18022,Miami,FL,35-44,True
B09886,Unknown,DE,18-24,False
B14593,Charlotte,NC,45-54,False
B13060,Austin,TX,25-34,False
B17450,Philadelphia,PA,25-34,True
B14589,Newark,NJ,35-44,True
B15265,Las Vegas,NV,25-34,False
B06677,Atlanta,GA,35-44,True
B00502,New York,NY,45-54,True
B11501,Houston,TX,25-34,False
B02860,Las Vegas,NV,18-24,True
B10964,Philadelphia,PA,35-44,False
B13561,Charlotte,NC,18-24,True
B13482,Richmond,VA,18-24,True
B00389,New York,NY,35-44,False
B14785,New York,NY,18-24,True
B16036,Detroit,MI,45-54,True
B01136,New York,NY,45-54,True
B12314,San Antonio,TX,25-34,False
B05783,Atlanta,GA,25-34,True
B05466,Atlanta,GA,25-34,True
B18202,Austin,TX,35-44,True
B16472,Charlotte,NC,45-54,False
B05792,Atlanta,GA,18-24,False
B15043,New York,NY,25-34,False
B11609,San Antonio,TX,35-44,False
B05422,Atlanta,GA,35-44,True
B01398,New York,NY,25-34,True
B16308,Dallas,TX,35-44,False
B11990,San Antonio,TX,18-24,False
B05741,Atlanta,GA,25-34,False
B00231,Unknown,NY,25-34,True
B12312,Houston,TX,55+,False
B14489,Charlotte,NC,25-34,True
B03180,Las Vegas,NV,35-44,False
B18192,Dallas,TX,25-34,True
B14583,Philadelphia,PA,18-24,False
B14734,Washington,DC,18-24,True
B17099,Las Vegas,NV,35-44,True
B09899,Camden,NJ,35-44,True
B01979,New York,NY,45-54,True
B10370,Wilmington,DE,25-34,True
B13750,San Antonio,TX,25-34,True
B14580,New York,NY,35-44,True
B01505,New York,NY,25-34,False
B15991,Birmingham,AL,35-44,True
B13205,Camden,NJ,18-24,True
B06239,Atlanta,GA,25-34,True
B10067,Camden,NJ,18-24,True
B18272,Los Angeles,CA,25-34,False
B10727,Wilmington,DE,35-44,True
B00745,New York,NY,25-34,False
B17375,Richmond,VA,18-24,True
B07885,Baltimore,MD,25-34,True
B03915,Las Vegas,NV,35-44,True
B06563,Atlanta,GA,55+,True
B10180,Philadelphia,PA,25-34,True
B09058,Baltimore,MD,35-44,False
B07222,Atlanta,GA,35-44,True
B01048,New York,NY,25-34,True
B01572,New York,NY,18-24,False
B11700,Houston,TX,25-34,True
B06400,Atlanta,GA,45-54,False
B10793,Philadelphia,PA,25-34,True
B17019,Washington,DC,18-24,True
B15159,Miami,FL,25-34,False
B12130,Austin,TX,25-34,True
B05859,Atlanta,GA,25-34,True
B09310,Washington,DC,35-44,False
B01260,New York,NY,35-44,True
B14119,Newark,NJ,45-54,True
B13913,Miami,FL,35-44,True
B17944,Richmond,VA,55+,True
B00689,New York,NY,45-54,False
B13037,Austin,TX,35-44,True
B12242,Houston,TX,35-44,True
B16040,Charlotte,NC,18-24,True
B03121,Las Vegas,NV,25-34,True
B15792,Charlotte,NC,18-24,True
B03248,Las Vegas,NV,25-34,False
B09773,Wilmington,DE,25-34,True
B02959,Las Vegas,NV,35-44,True
B17230,Philadelphia,PA,25-34,False
B11191,Camden,NJ,25-34,True
B12837,San Antonio,TX,35-44,True
B09703,Wilmington,DE,35-44,True
B07191,Atlanta,GA,55+,True
B01703,New York,NY,35-44,True
B14303,Birmingham,AL,35-44,True
B13099,Houston,TX,35-44,True
B10270,Philadelphia,PA,25-34,True
B02770,Las Vegas,NV,35-44,True
B05239,Atlanta,GA,25-34,False
B02378,New York,NY,35-44,True
B16409,Chicago,IL,18-24,True
B09761,Camden,NJ,25-34,True
B09871,Camden,NJ,25-34,True
B05914,Atlanta,GA,25-34,False
B08708,Baltimore,MD,35-44,True
B02206,New York,NY,45-54,True
B05789,Atlanta,GA,45-54,False
B09363,Baltimore,MD,25-34,False
B04505,Las Vegas,NV,18-24,True
B14139,Charlotte,NC,18-24,True
B04378,Las Vegas,NV,45-54,False
B15574,Dallas,TX,35-44,False
B15717,New York,NY,25-34,False
B00171,New York,NY,55+,False
B02464,New York,NY,35-44,False
B11879,Houston,TX,35-44,False
B17147,San Antonio,TX,45-54,False
B08943,Washington,DC,55+,True
B01791,New York,NY,35-44,True
B03119,Las Vegas,NV,18-24,False
B15000,Camden,NJ,25-34,True
B00518,New York,NY,35-44,False
B18314,Birmingham,AL,35-44,False
B17964,Las Vegas,NV,45-54,True
B05653,Atlanta,GA,25-34,True
B09942,Wilmington,DE,25-34,True
B17565,Los Angeles,CA,18-24,False
B01965,New York,NY,35-44,True
B07839,Baltimore,MD,25-34,True
B05902,Atlanta,GA,35-44,False
B00053,New York,NY,18-24,False
B06158,Atlanta,GA,35-44,True
B00166,New York,NY,18-24,True
B16112,Dallas,TX,35-44,True
B03493,Las Vegas,NV,35-44,False
B04566,Las Vegas,NV,25-34,False
B16108,Richmond,VA,18-24,True
B08740,Baltimore,MD,25-34,True
B01200,New York,NY,35-44,True
B14830,Wilmington,DE,25-34,True
B01662,New York,NY,25-34,True
B00897,New York,NY,45-54,True
B01656,New York,NY,25-34,True
B03245,Las Vegas,NV,35-44,True
B17557,Wilmington,DE,25-34,True
B05232,Atlanta,GA,18-24,False
B04389,Las Vegas,NV,35-44,False
B02937,Las Vegas,NV,35-44,False
B08090,Washington,DC,18-24,True
B15604,Philadelphia,PA,25-34,True
B10008,Wilmington,DE,25-34,True
B08414,Baltimore,MD,25-34,False
B09011,Baltimore,MD,45-54,False
B07997,Washington,DC,18-24,True
B11831,San Antonio,TX,45-54,True
B15323,New York,NY,25-34,True
B06065,Atlanta,GA,25-34,True
B09449,Baltimore,MD,35-44,False
B04808,Las Vegas,NV,35-44,False
B03132,Las Vegas,NV,25-34,True
B09821,Camden,NJ,25-34,True
B13895,Las Vegas,NV,55+,True
B10329,Philadelphia,PA,18-24,False
B14327,Houston,TX,18-24,True
B14166,Washington,DC,35-44,False
B15718,San Antonio,TX,25-34,True
B17698,Dallas,TX,18-24,True
B14668,Austin,TX,35-44,True
B00253,New York,NY,25-34,False
B13761,Charlotte,NC,35-44,True
B14673,Dallas,TX,18-24,True
B06170,Atlanta,GA,45-54,True
B00055,New York,NY,25-34,True
B00035,New York,NY,35-44,False
B01223,New York,NY,35-44,True
B08600,Washington,DC,18-24,True
B04078,Las Vegas,NV,55+,False
B13984,Dallas,TX,25-34,False
B02218,New York,NY,25-34,True
B16410,Newark,NJ,25-34,False
B10259,Wilmington,DE,35-44,False
B10041,Camden,NJ,45-54,True
B08754,Baltimore,MD,25-34,True
B03753,Las Vegas,NV,55+,True
B17770,Charlotte,NC,25-34,False
B00942,New York,NY,45-54,True
B02859,Las Vegas,NV,55+,True
B16537,Camden,NJ,35-44,True
B00077,New York,NY,18-24,False
B13529,Washington,DC,25-34,False
B10537,Wilmington,DE,55+,False
B09630,Camden,NJ,45-54,True
B13509,Charlotte,NC,25-34,True
B14886,Phoenix,AZ,25-34,True
B17176,Wilmington,DE,25-34,False
B06070,Atlanta,GA,18-24,False
B15009,Philadelphia,PA,25-34,False
B10146,Wilmington,DE,25-34,True
B08009,Baltimore,MD,18-24,True
B14185,Philadelphia,PA,35-44,True
B02926,Las Vegas,NV,25-34,True
B06440,Atlanta,GA,35-44,True
B16119,Newark,NJ,25-34,True
B11474,Houston,TX,35-44,False
B11503,Houston,TX,35-44,True
B08486,Baltimore,MD,25-34,False
B06665,Atlanta,GA,18-24,True
B15893,Miami,FL,35-44,True
B17155,Baltimore,MD,35-44,True
B10330,Wilmington,DE,25-34,False
B12802,San Antonio,TX,35-44,False
B11484,San Antonio,TX,55+,True
B05491,Atlanta,GA,35-44,True
B17343,Phoenix,AZ,18-24,False
B14138,Austin,TX,25-34,False
B17173,Phoenix,AZ,35-44,True
B17751,Chicago,IL,25-34,False
B14306,Austin,TX,25-34,True
B08586,Washington,DC,18-24,True
B04066,Las Vegas,NV,25-34,True
B00160,New York,NY,35-44,True
B08937,Washington,DC,55+,False
B02847,Las Vegas,NV,25-34,True
B02263,New York,NY,35-44,False
B14077,Newark,NJ,18-24,True
B17528,Houston,TX,25-34,False
B12875,Houston,TX,45-54,True
B01954,New York,NY,35-44,False
B15035,Newark,NJ,18-24,True
B15492,Washington,DC,35-44,False
B07991,Baltimore,MD,18-24,False
B07348,Atlanta,GA,18-24,True
B15758,Detroit,MI,55+,True
B16910,Miami,FL,35-44,True
B03020,Las Vegas,NV,25-34,True
B14574,Houston,TX,35-44,False
B15972,Los Angeles,CA,18-24,False
B16184,Houston,TX,18-24,True
B05298,Atlanta,GA,25-34,True
B04435,Las Vegas,NV,25-34,False
B02268,New York,NY,35-44,True
B14845,Philadelphia,PA,18-24,True
B14630,Houston,TX,35-44,True
B10367,Philadelphia,PA,18-24,False
B17977,Philadelphia,PA,25-34,False
B15963,Miami,FL,35-44,True
B00591,New York,NY,35-44,False
B12561,Houston,TX,35-44,True
B15895,Unknown,TX,25-34,True
B13875,Camden,NJ,25-34,False
B12715,Houston,TX,45-54,False
B14403,Newark,NJ,25-34,False
B13618,Phoenix,AZ,18-24,True
B14231,Philadelphia,PA,35-44,False
B04721,Las Vegas,NV,55+,False
B13573,Camden,NJ,25-34,False
B10003,Wilmington,DE,25-34,True
B11430,San Antonio,TX,45-54,False
B11446,San Antonio,TX,45-54,False
B13287,Phoenix,AZ,25-34,True
B15256,Richmond,VA,18-24,True
B09367,Washington,DC,45-54,False
B12997,Austin,TX,25-34,True
B14343,Newark,NJ,18-24,True
B18331,Dallas,TX,35-44,True
B00122,New York,NY,25-34,True
B10388,Philadelphia,PA,18-24,True
B08458,Washington,DC,35-44,True
B15108,Newark,NJ,18-24,True
B11863,Austin,TX,18-24,True
B13828,Las Vegas,NV,18-24,True
B14991,Houston,TX,35-44,True
B12437,San Antonio,TX,18-24,True
B13703,San Antonio,TX,25-34,True
B12483,San Antonio,TX,25-34,True
B07901,Washington,DC,25-34,False
B01106,New York,NY,25-34,True
B11760,Austin,TX,25-34,False
B12537,Austin,TX,35-44,False
B14135,Birmingham,AL,25-34,True
B15635,Richmond,VA,25-34,True
B06317,Atlanta,GA,35-44,True
B04047,Las Vegas,NV,18-24,True
B11899,San Antonio,TX,35-44,False
B08057,Washington,DC,35-44,True
B09797,Wilmington,DE,25-34,False
B11220,Camden,NJ,45-54,False
B15931,Miami,FL,45-54,False
B16176,Newark,NJ,55+,False
B02346,New York,NY,35-44,True
B04430,Las Vegas,NV,25-34,True
B14025,Miami,FL,55+,False
B18167,Charlotte,NC,35-44,False
B14349,Phoenix,AZ,25-34,True
B07944,Baltimore,MD,35-44,True
B08808,Baltimore,MD,35-44,True
B04439,Las Vegas,NV,35-44,True
B00858,New York,NY,35-44,True
B15362,Miami,FL,25-34,True
B05307,Atlanta,GA,35-44,True
B00549,New York,NY,25-34,False
B08043,Washington,DC,45-54,False
B02861,Las Vegas,NV,25-34,False
B13995,Austin,TX,18-24,True
B12356,Houston,TX,35-44,False
B01387,New York,NY,55+,True
B02764,Las Vegas,NV,35-44,False
B16673,Los Angeles,CA,25-34,True
B17790,Birmingham,AL,18-24,False
B07213,Atlanta,GA,55+,True
B13790,Richmond,VA,25-34,True
B08384,Baltimore,MD,35-44,False
B09152,Baltimore,MD,25-34,False
B10844,Camden,NJ,55+,True
B05442,Atlanta,GA,18-24,False
B00008,New York,NY,45-54,True
B08366,Washington,DC,18-24,True
B13358,Las Vegas,NV,35-44,True
B18335,Newark,NJ,35-44,False
B14162,Miami,FL,18-24,False
B02517,New York,NY,35-44,False
B01055,New York,NY,45-54,True
B14226,New York,NY,18-24,True
B01902,New York,NY,45-54,True
B02934,Las Vegas,NV,25-34,False
B00765,New York,NY,25-34,True
B16745,New York,NY,45-54,True
B04035,Las Vegas,NV,25-34,False
B18028,Charlotte,NC,18-24,True
B13221,Houston,TX,18-24,True
B17866,Newark,NJ,35-44,True
B16439,Los Angeles,CA,25-34,True
B16507,Unknown,FL,45-54,False
B18369,Unknown,VA,45-54,False
B08068,Baltimore,MD,35-44,True
B03001,Las Vegas,NV,25-34,True
B00990,New York,NY,45-54,False
B15429,Phoenix,AZ,25-34,False
B16087,Baltimore,MD,45-54,True
B08152,Washington,DC,18-24,True
B14724,Los Angeles,CA,18-24,True
B13398,Charlotte,NC,25-34,True
B18353,Wilmington,DE,35-44,True
B02388,New York,NY,45-54,False
B18115,Los Angeles,CA,18-24,True
B13782,New York,NY,35-44,True
B09382,Washington,DC,18-24,True
B08719,Baltimore,MD,45-54,False
B14806,Phoenix,AZ,25-34,True
B06525,Atlanta,GA,25-34,True
B00280,New York,NY,25-34,True
B06110,Atlanta,GA,18-24,False
B12406,San Antonio,TX,35-44,True
B14169,Houston,TX,25-34,True
B13920,Chicago,IL,25-34,True
B00934,New York,NY,45-54,True
B09619,Philadelphia,PA,55+,False
B07905,Washington,DC,25-34,False
B18287,Philadelphia,PA,25-34,True
B15504,Richmond,VA,18-24,True
B00153,New York,NY,25-34,False
B16025,Detroit,MI,25-34,False
B11742,Austin,TX,35-44,False
B14623,Dallas,TX,35-44,False
B03995,Las Vegas,NV,18-24,True
B13941,Wilmington,DE,45-54,False
B15111,San Antonio,TX,25-34,True
B15095,Newark,NJ,35-44,False
B13944,Phoenix,AZ,25-34,False
B08286,Washington,DC,25-34,True
B14530,San Antonio,TX,35-44,False
B01504,New York,NY,18-24,True
B02666,Las Vegas,NV,25-34,False
B09751,Camden,NJ,45-54,False
B10583,Camden,NJ,25-34,True
B17989,Austin,TX,35-44,False
B00859,New York,NY,35-44,True
B12123,Houston,TX,25-34,True
B02512,New York,NY,35-44,False
B09675,Wilmington,DE,18-24,False
B10394,Philadelphia,PA,55+,True
B01114,New York,NY,55+,True
B12990,San Antonio,TX,55+,True
B14128,Miami,FL,18-24,False
B07145,Atlanta,GA,45-54,False
B10116,Camden,NJ,18-24,False
B01065,New York,NY,45-54,True
B13832,Phoenix,AZ,18-24,False
B06093,Atlanta,GA,35-44,True
B09556,Baltimore,MD,18-24,True
B15423,Richmond,VA,18-24,False
B04147,Las Vegas,NV,55+,True
B03518,Las Vegas,NV,25-34,True
B14000,Dallas,TX,35-44,True
B00034,New York,NY,35-44,True
B01619,Unknown,NY,25-34,False
B05355,Atlanta,GA,55+,True
B01324,New York,NY,45-54,False
B09883,Wilmington,DE,18-24,True
B05419,Atlanta,GA,45-54,False
B11751,Houston,TX,45-54,False
B17042,Miami,FL,25-34,True
B02649,Las Vegas,NV,45-54,False
B13369,Wilmington,DE,25-34,False
B15875,Newark,NJ,35-44,False
B09394,Washington,DC,25-34,False
B04585,Las Vegas,NV,35-44,True
B03560,Las Vegas,NV,25-34,False
B17118,Richmond,VA,55+,True
B17589,Camden,NJ,25-34,False
B03818,Las Vegas,NV,35-44,False
B10133,Camden,NJ,45-54,False
B08940,Baltimore,MD,45-54,True
B15225,Chicago,IL,45-54,False
B10312,Philadelphia,PA,35-44,False
B16270,New York,NY,25-34,False
B14853,Philadelphia,PA,35-44,True
B12005,Austin,TX,45-54,True
B15733,Phoenix,AZ,45-54,False
B01327,New York,NY,25-34,True
B11576,Austin,TX,25-34,False
B13921,Baltimore,MD,35-44,True
B18301,Charlotte,NC,25-34,True
B07377,Atlanta,GA,55+,True
B09904,Philadelphia,PA,18-24,True
B00320,New York,NY,25-34,False
B09143,Washington,DC,25-34,False
B08752,Baltimore,MD,18-24,True
B13885,San Antonio,TX,25-34,False
B03681,Las Vegas,NV,35-44,False
B03795,Las Vegas,NV,25-34,True
B17216,Newark,NJ,45-54,True
B16120,Washington,DC,55+,True
B16513,Richmond,VA,45-54,False
B05665,Atlanta,GA,45-54,False
B03944,Las Vegas,NV,25-34,True
B14793,Newark,NJ,18-24,False
B11757,Houston,TX,35-44,True
B16302,Birmingham,AL,25-34,True
B00619,New York,NY,35-44,True
B15863,Atlanta,GA,35-44,True
B16589,Austin,TX,18-24,True
B15691,Charlotte,NC,25-34,True
B18128,Philadelphia,PA,55+,False
B04197,Las Vegas,NV,35-44,True
B03962,Las Vegas,NV,45-54,False
B13649,Richmond,VA,25-34,False
B13439,Richmond,VA,55+,True
B14516,Newark,NJ,35-44,True
B16763,Newark,NJ,55+,True
B15251,Phoenix,AZ,18-24,True
B02944,Las Vegas,NV,25-34,True
B13778,Austin,TX,45-54,True
B15236,Philadelphia,PA,45-54,True
B18108,Charlotte,NC,25-34,False
B01947,New York,NY,25-34,True
B13882,Camden,NJ,55+,False
B10498,Philadelphia,PA,35-44,True
B08385,Washington,DC,18-24,True
B10562,Philadelphia,PA,25-34,False
B06148,Atlanta,GA,18-24,False
B07917,Washington,DC,25-34,False
B08039,Washington,DC,18-24,False
B15135,Charlotte,NC,35-44,False
B08589,Baltimore,MD,35-44,False
B15706,Unknown,TX,25-34,True
B00873,New York,NY,25-34,True
B15070,Detroit,MI,45-54,True
B17139,Las Vegas,NV,35-44,False
B06540,Atlanta,GA,25-34,False
B13504,Atlanta,GA,45-54,False
B02015,New York,NY,18-24,False
B01941,New York,NY,35-44,False
B15360,Las Vegas,NV,25-34,True
B11945,Austin,TX,55+,False
B16992,New York,NY,18-24,True
B13935,Camden,NJ,55+,False
B02065,New York,NY,45-54,False
B02274,New York,NY,25-34,False
B12294,Houston,TX,35-44,False
B18180,Birmingham,AL,35-44,True
B04057,Las Vegas,NV,25-34,True
B13301,Las Vegas,NV,25-34,False
B06912,Atlanta,GA,45-54,False
B17660,Austin,TX,18-24,True
B13444,Detroit,MI,35-44,True
B02853,Las Vegas,NV,35-44,False
B13532,Philadelphia,PA,25-34,False
B05868,Atlanta,GA,35-44,True
B00052,New York,NY,55+,False
B15445,Dallas,TX,25-34,False
B15648,Philadelphia,PA,25-34,True
B00430,New York,NY,25-34,True
B14538,San Antonio,TX,55+,True
B16461,Dallas,TX,45-54,True
B09117,Washington,DC,35-44,False
B13701,Atlanta,GA,25-34,True
B13294,Phoenix,AZ,35-44,True
B05158,Las Vegas,NV,35-44,False
B16924,Phoenix,AZ,18-24,False
B01310,New York,NY,35-44,True
B14490,Birmingham,AL,35-44,False
B13299,Los Angeles,CA,45-54,False
B02740,Las Vegas,NV,35-44,True
B14996,Charlotte,NC,25-34,True
B12343,Houston,TX,35-44,True
B07925,Baltimore,MD,25-34,True
B09982,Camden,NJ,35-44,False
B10300,Wilmington,DE,25-34,True
B02726,Las Vegas,NV,25-34,True
B08852,Washington,DC,55+,False
