Buyer_ID,Home_City,Home_State,Age_Group,Email_Opt_In
B17276,Phoenix,AZ,18-24,FALSE
B00135,New York,NY,55+,FALSE
B13315,Austin,TX,18-24,FALSE
B09909,Wilmington,DE,45-54,Yes
B08063,Baltimore,MD,25-34,Yes
B00001,New York,NY,25 to 34,Y
B08060,Baltimore,MD,18-24,TRUE
B17474,Dallas,TX,25-34,TRUE
B14053,New York,NY,25-34,yes
B15093,Atlanta,GA,55+,TRUE
B09869,Wilmington,DE,35-44,Y
B17902,Houston,TX,35 to 44,TRUE
B13151,HTX,TX,25 to 34,Y
B14618,Birmingham,AL,25-34,FALSE
B09704,,PA,35 to 44,TRUE
B13187,,TX,25-34,Yes
B05370,Atlanta,GA,18-24,
B04689,Las Vegas,NV,25-34,FALSE
B00331,New York,NY,55+,FALSE
B05835,Atlanta,GA,35 to 44,Y
B12361,San Antonio,TX,25-34,N
B03196,Las Vegas,NV,55+,TRUE
B10612,Philadelphia,PA,18-24,yes
B01282,New York,NY,18-24,FALSE
B04699,Las Vegas,NV,18-24,N
B15627,Dallas,TX,35-44,
B17973,Atlanta,GA,25-34,TRUE
B15346,Charlotte,NC,35-44,Yes
B07920,Baltimore,MD,18-24,Y
B01667,NYC,NY,25-34,
B01801,NYC,NY,45-54,TRUE
B16604,Los Angeles,CA,35-44,FALSE
B16592,New York,NY,18-24,Y
B09975,Wilmington,DE,35-44,FALSE
B08158,"Washington, D.C.",DC,25-34,Yes
B06905,Atlanta,GA,35-44,No
B14997,Houston,TX,35 to 44,No
B15528,Birmingham,AL,18-24,TRUE
B12333,San Antonio,TX,35-44,yes
B12059,Austin,TX,18-24,Yes
B10062,Camden,NJ,45-54,Yes
B02811,Las Vegas,NV,45-54,N
B08552,Baltimore,MD,35-44,Y
B14183,Charlotte,NC,25-34,
B00137,New York,NY,35-44,
B15368,Philadelphia,PA,35-44,N
B16426,Philadelphia,PA,55+,TRUE
B08471,Washington,DC,25-34,yes
B00964,New York,NY,18 to 24,yes
B17918,Miami,FL,35-44,TRUE
B09688,Philadelphia,PA,45-54,No
B00337,New York,NY,45 to 54,N
B11718,HTX,TX,45-54,No
B00885,New York,NY,45-54,Y
B03702,Las Vegas,NV,45-54,yes
B05811,Atlanta,GA,35-44,TRUE
B09934,Wilmington,DE,25-34,TRUE
B14767,Atlanta,GA,35 to 44,N
B11459,Houston,TX,45-54,yes
B08419,Baltimore,MD,18-24,yes
B09892,Philadelphia,PA,35-44,yes
B06118,Atlanta,GA,18-24,Y
B17365,Camden,NJ,25-34,Yes
B01358,NYC,NY,35-44,TRUE
B00821,New York,NY,18 to 24,Y
B00036,New York,NY,18-24,No
B16474,Philly,PA,18 to 24,Yes
B00341,New York,NY,25-34,yes
B15828,Dallas,TX,25-34,Yes
B00883,New York,NY,25-34,Yes
B15838,Philly,PA,35-44,TRUE
B08003,Baltimore,MD,25-34,
B15906,Chicago,IL,45 to 54,FALSE
B05548,Atlanta,GA,35-44,N
B12702,San Antonio,TX,18 to 24,Y
B17237,Las Vegas,NV,25-34,TRUE
B15140,Atlanta,GA,18-24,
B16253,Atlanta,GA,18-24,FALSE
B12785,Austin,TX,25-34,FALSE
B12708,Houston,TX,18-24,yes
B17423,Philadelphia,PA,35-44,Y
B02182,New York,NY,25 to 34,No
B05526,Atlanta,GA,25-34yrs,Y
B14984,Dallas,TX,25-34,Yes
B15388,"new york, ny",NY,35-44,No
B01016,"new york, ny",NY,35-44,yes
B04152,Vegas,NV,35 to 44,TRUE
B01176,New York,NY,45-54,yes
B17786,Los Angeles,CA,18 to 24,Yes
B13270,Birmingham,AL,18-24 ,TRUE
B14676,Chicago,IL,25-34,yes
B09246,Baltimore,MD,45-54,yes
B15006,Newark,NJ,25-34,N
B03779,Las Vegas,NV,35-44,yes
B01589,New York,NY,55+,Y
B15013,Charlotte,NC,55+,Yes
B16631,Newark,NJ,25-34,yes
B13507,Charlotte,NC,45-54,Yes
B05066,Las Vegas,NV,55+,TRUE
B00740,"new york, ny",NY,25-34,Yes
B14805,Philadelphia,PA,25-34yrs,Yes
B14816,Phoenix,AZ,45-54,FALSE
B01484,"new york, ny",NY,25-34,Y
B09488,Washington,DC,25 to 34,Yes
B00127,"new york, ny",NY,25-34,FALSE
B04155,Vegas,NV,35-44,TRUE
B02217,,NY,25-34,Yes
B04054,Las Vegas,NV,25-34,Y
B16152,Los Angeles,CA,25-34,yes
B02656,Las Vegas,NV,45 to 54,N
B08479,"Washington, D.C.",DC,18-24 ,No
B08435,Baltimore,MD,35 to 44,yes
B13597,Atlanta,GA,25-34,
B07921,Washington,DC,35-44,FALSE
B01276,"new york, ny",NY,45-54,No
B11630,San Antonio,TX,25-34,yes
B16934,Birmingham,AL,55+,N
B18009,Newark,NJ,45 to 54,No
B13953,Houston,TX,45-54,Yes
B09235,Washington,DC,18-24,TRUE
B06542,Atlanta,GA,45-54,yes
B13704,Las Vegas,NV,45-54,
B15652,Charlotte,NC,18 to 24,N
B14827,,AL,35-44,TRUE
B00356,New York,NY,25-34,No
B16292,Los Angeles,CA,35-44,FALSE
B06194,atlanta,GA,25-34,Y
B17235,Los Angeles,CA,18-24,N
B01177,New York,NY,45 to 54,yes
B16618,Wilmington,DE,25-34,N
B12246,Austin,TX,18-24,No
B01117,New York,NY,35-44,N
B14502,Los Angeles,CA,25-34,TRUE
B01028,NYC,NY,45-54,Y
B11203,Philly,PA,45-54,FALSE
B11488,Austin,TX,18-24,yes
B02489,NYC,NY,55 +,Yes
B10982,Philadelphia,PA,35-44,FALSE
B01379,New York,NY,25-34,Yes
B12951,San Antonio,TX,45-54,yes
B00822,"new york, ny",NY,35-44,TRUE
B13437,Camden,NJ,45-54,Yes
B15986,San Antonio,TX,25-34,Yes
B15579,Phoenix,AZ,25-34yrs,yes
B14288,Camden,NJ,35-44,
B15302,Camden,NJ,45-54,yes
B00436,New York,NY,35-44,TRUE
B00786,New York,NY,25 to 34,TRUE
B17052,Phoenix,AZ,25-34,Y
B16257,Wilmington,DE,18 to 24,Y
B18234,Detroit,MI,45-54,TRUE
B06399,Atlanta,GA,35-44,Yes
B00049,New York,NY,25-34yrs,Yes
B00733,New York,NY,25-34,FALSE
B16465,Birmingham,AL,45-54,TRUE
B00826,New York,NY,55+,yes
B16248,Phoenix,AZ,35 to 44,Y
B16669,Las Vegas,NV,35-44,Y
B05233,Atlanta,GA,45 to 54,Y
B01496,New York,NY,35-44,TRUE
B06290,Atlanta,GA,18-24,TRUE
B07811,Baltimore,MD,35-44,No
B09729,Wilmington,DE,25-34,No
B04966,Las Vegas,NV,35-44,FALSE
B03235,Las Vegas,NV,25-34,Yes
B15781,Charlotte,NC,35-44,
B00583,NYC,NY,45-54,No
B07927,Baltimore,MD,18-24,No
B10339,Philadelphia,PA,18-24,Yes
B07880,Baltimore,MD,45 to 54,No
B13887,Miami,FL,25-34,TRUE
B04704,Las Vegas,NV,18-24 ,Y
B16121,Newark,NJ,18-24,TRUE
B15620,Charlotte,NC,35-44,TRUE
B03101,Las Vegas,NV,25-34,No
B00291,New York,NY,35-44,
B03647,Las Vegas,NV,18-24 ,N
B03091,Vegas,NV,25-34,Y
B13300,Chicago,IL,18-24 ,FALSE
B15987,Dallas,TX,35-44,TRUE
B16917,New York,NY,35-44,FALSE
B00133,New York,NY,18 to 24,FALSE
B12076,HTX,TX,18-24,TRUE
B14188,New York,NY,35-44,No
B08627,Washington,DC,25-34,
B16402,Dallas,TX,35-44,TRUE
B02143,New York,NY,45 to 54,FALSE
B07815,Washington,DC,45 to 54,FALSE
B06949,Atlanta,GA,35-44,yes
B14500,Richmond,VA,18-24,Y
B18280,New York,NY,18 to 24,No
B09644,Camden,NJ,18-24,No
B13394,Phoenix,AZ,25-34,Yes
B11223,Wilmington,DE,35-44,FALSE
B03097,Las Vegas,NV,55+,No
B02273,New York,NY,18-24 ,TRUE
B17656,Las Vegas,NV,25-34,TRUE
B00206,New York,NY,35 to 44,FALSE
B11878,Austin,TX,25-34,TRUE
B00481,"new york, ny",NY,45-54,Yes
B11500,Austin,TX,45-54,TRUE
B10545,Philadelphia,PA,25-34,Yes
B16203,Baltimore,MD,35-44,No
B16964,Washington,DC,25-34yrs,No
B05215,Atlanta,GA,18 to 24,TRUE
B06303,Atlanta,GA,35-44,No
B11640,Austin,TX,25-34,
B12906,Houston,TX,45-54,TRUE
B16441,Baltimore,MD,35-44,FALSE
B09306,Baltimore,MD,25-34yrs,
B09908,Philly,PA,25-34,No
B02745,Las Vegas,NV,25-34,Yes
B12813,SA,TX,18-24,TRUE
B05335,Atlanta,GA,35 to 44,Yes
B15996,HTX,TX,25 to 34,Y
B00814,New York,NY,18-24,FALSE
B01780,New York,NY,18-24,FALSE
B05832,atlanta,GA,45-54,
B02945,Las Vegas,NV,18 to 24,Yes
B06063,ATL,GA,25-34,Yes
B06715,Atlanta,GA,35-44,No
B12090,Houston,TX,35 to 44,Yes
B15877,Wilmington,DE,35 to 44,N
B03850,Las Vegas,NV,25-34,N
B04781,Las Vegas,NV,45-54,
B00219,New York,NY,25-34,yes
B02052,NYC,NY,18-24,No
B16625,Washington,DC,18 to 24,N
B17149,Los Angeles,CA,18-24 ,TRUE
B16135,Phoenix,AZ,55+,TRUE
B13637,,FL,55 plus,TRUE
B16854,Houston,TX,18-24,Y
B09960,Wilmington,DE,18-24,
B13226,Charlotte,NC,25-34,FALSE
B09538,Baltimore,MD,18-24,
B14342,San Antonio,TX,25-34,TRUE
B03614,Las Vegas,NV,35-44,No
B13471,Phoenix,AZ,35-44,Y
B04590,Las Vegas,NV,25-34,
B05579,ATL,GA,45-54,yes
B11594,Houston,TX,18-24,N
B01499,"new york, ny",NY,45-54,TRUE
B02641,Las Vegas,NV,25-34,Y
B11427,San Antonio,TX,18-24,Y
B01961,New York,NY,25 to 34,yes
B00954,"new york, ny",NY,18-24,yes
B15882,Detroit,MI,45-54,Y
B00276,New York,NY,25-34,TRUE
B17782,Austin,TX,45-54,N
B08165,"Washington, D.C.",DC,25-34,FALSE
B11690,Austin,TX,35 to 44,N
B03621,Las Vegas,NV,25-34,Y
B13534,Washington,DC,55+,FALSE
B16067,Miami,FL,25-34yrs,Y
B13651,Newark,NJ,45-54,N
B15432,Houston,TX,35-44,Y
B15973,Miami,FL,45-54,N
B06793,Atlanta,GA,45-54,Y
B14069,Birmingham,AL,55+,TRUE
B03185,Las Vegas,NV,25-34yrs,Y
B16792,Los Angeles,CA,25-34,N
B06272,Atlanta,GA,35-44,yes
B15831,Richmond,VA,35-44,TRUE
B15524,Wilmington,DE,45-54,
B14523,Detroit,MI,25-34,Yes
B00464,New York,NY,18-24,TRUE
B01456,New York,NY,25-34,yes
B12221,Houston,TX,35-44,yes
B00403,New York,NY,25-34,No
B11144,Camden,NJ,35-44,Yes
B18117,Charlotte,NC,35-44,Y
B06218,Atlanta,GA,25-34,TRUE
B09437,Washington,DC,35-44,FALSE
B07970,Baltimore,MD,25-34,No
B01224,New York,NY,35-44,yes
B00848,"new york, ny",NY,35-44,Y
B00111,NYC,NY,45-54,TRUE
B16458,Richmond,VA,25-34,Y
B09819,Camden,NJ,45 to 54,yes
B05415,ATL,GA,25-34,
B16233,,DE,35 to 44,yes
B15421,,MD,25-34,yes
B17391,Phoenix,AZ,35-44,No
B03148,Vegas,NV,45-54,No
B11365,Wilmington,DE,45-54,Yes
B04206,Las Vegas,NV,18 to 24,
B00357,New York,NY,45-54,Yes
B16883,Philadelphia,PA,55 +,FALSE
B14251,New York,NY,35-44,N
B08857,Baltimore,MD,35-44,No
B05978,Atlanta,GA,35-44,N
B00701,New York,NY,55 +,No
B16143,Phoenix,AZ,25 to 34,TRUE
B07837,Washington,DC,25-34yrs,Y
B00732,New York,NY,18-24,FALSE
B17253,Houston,TX,45-54,yes
B02532,New York,NY,18-24,yes
B11356,Wilmington,DE,25-34,yes
B11745,Austin,TX,18-24 ,yes
B00197,NYC,NY,25 to 34,FALSE
B14900,Camden,NJ,55+,N
B16095,Detroit,MI,35-44,Yes
B10205,Philadelphia,PA,25-34,Y
B02176,New York,NY,45 to 54,Yes
B01757,New York,NY,25-34,yes
B17341,Philadelphia,PA,18-24,Yes
B01339,New York,NY,55+,Y
B00125,New York,NY,35-44,Yes
B17913,Camden,NJ,25-34,
B11665,Austin,TX,35 to 44,TRUE
B15347,Philadelphia,PA,55+,Yes
B08174,Baltimore,MD,18-24,FALSE
B11398,Philadelphia,PA,25-34,TRUE
B00064,New York,NY,25-34,Yes
B14628,Atlanta,GA,18-24,Yes
B01739,New York,NY,45-54,TRUE
B15046,Wilmington,DE,35-44,Yes
B09128,Baltimore,MD,18-24,No
B04728,Las Vegas,NV,25-34,Y
B00025,New York,NY,35 to 44,FALSE
B03798,Vegas,NV,25-34,TRUE
B15531,Washington,DC,25-34,No
B01445,New York,NY,55+,TRUE
B01724,New York,NY,18-24,Yes
B03613,Las Vegas,NV,25-34,yes
B04903,Las Vegas,NV,18-24,TRUE
B10517,Wilmington,DE,25 to 34,Y
B11815,HTX,TX,18-24,Y
B08380,Washington,DC,25 to 34,
B13620,Chicago,IL,25-34,Yes
B04647,Vegas,NV,18-24,
B02019,"new york, ny",NY,35 to 44,No
B01160,"new york, ny",NY,25-34,Yes
B02751,Las Vegas,NV,25-34,Y
B08812,Baltimore,MD,18-24,TRUE
B04500,Las Vegas,NV,25-34,TRUE
B02469,New York,NY,25-34,FALSE
B10324,Camden,NJ,45-54,yes
B14887,Richmond,VA,18-24,Y
B05843,atlanta,GA,35-44,N
B15815,Camden,NJ,55 plus,yes
B17821,Houston,TX,25-34,FALSE
B12598,Houston,TX,35-44,Y
B02706,Las Vegas,NV,18-24,FALSE
B11506,Houston,TX,45-54,yes
B00192,New York,NY,25-34,N
B08885,Baltimore,MD,45 to 54,No
B05222,Atlanta,GA,25-34,TRUE
B01167,New York,NY,55+,FALSE
B15199,Phoenix,AZ,35-44,N
B12690,Houston,TX,25-34,
B00060,New York,NY,25-34,FALSE
B08840,Baltimore,MD,45-54,Yes
B08613,Washington,DC,25-34,TRUE
B06495,Atlanta,GA,55+,FALSE
B16936,Phoenix,AZ,25-34,FALSE
B01579,New York,NY,35-44,Yes
B02830,Las Vegas,NV,18-24 ,Y
B10586,Camden,NJ,18 to 24,yes
B01244,New York,NY,25-34,N
B13958,Birmingham,AL,25-34,TRUE
B12371,San Antonio,TX,25-34,No
B17064,Miami,FL,25-34,
B01399,New York,NY,18-24,yes
B11410,Houston,TX,18-24,TRUE
B01007,New York,NY,55+,yes
B03225,Las Vegas,NV,35-44,yes
B01431,NYC,NY,45-54,
B11538,Houston,TX,25-34,TRUE
B13058,Austin,TX,18-24 ,yes
B16285,Austin,TX,35-44,Y
B05777,Atlanta,GA,25-34,FALSE
B08992,Baltimore,MD,55+,N
B11358,Philadelphia,PA,45 to 54,yes
B13684,atlanta,GA,45-54,No
B14105,Dallas,TX,55+,yes
B02189,,NY,35 to 44,Y
B07843,Washington,DC,18-24,TRUE
B17175,Camden,NJ,25-34yrs,
B12117,San Antonio,TX,45-54,FALSE
B02905,Las Vegas,NV,18-24,No
B10847,Camden,NJ,18-24,N
B02648,Vegas,NV,18-24,Yes
B16002,Phoenix,AZ,25-34,yes
B17469,Miami,FL,45-54,N
B04628,Vegas,NV,25-34,Yes
B04005,Las Vegas,NV,18-24,No
B18207,Austin,TX,35-44,N
B04308,Vegas,NV,18-24,Yes
B03786,Las Vegas,NV,55+,N
B11378,Philadelphia,PA,25-34,yes
B09865,Camden,NJ,18-24,No
B11401,San Antonio,TX,35-44,No
B02204,New York,NY,18-24,FALSE
B06762,Atlanta,GA,25-34yrs,N
B02955,Las Vegas,NV,18-24,
B14884,Wilmington,DE,35 to 44,Y
B07965,Baltimore,MD,45 to 54,Y
B15920,Washington,DC,55+,
B11406,Austin,TX,45-54,FALSE
B10319,Philadelphia,PA,35-44,TRUE
B17927,Birmingham,AL,35-44,yes
B16597,Washington,DC,18-24,Yes
B04476,Las Vegas,NV,25-34yrs,Yes
B17171,Charlotte,NC,25 to 34,
B16643,Richmond,VA,18-24,N
B16942,Los Angeles,CA,18-24,Yes
B02059,New York,NY,35-44,No
B01602,New York,NY,25-34,yes
B02477,New York,NY,55+,Yes
B00892,New York,NY,25-34,FALSE
B01448,"new york, ny",NY,55+,N
B16379,Atlanta,GA,25-34,Yes
B11055,Wilmington,DE,35-44,TRUE
B13457,Newark,NJ,35-44,yes
B12551,San Antonio,TX,55+,TRUE
B13592,Charlotte,NC,18-24,Y
B16116,Richmond,VA,25-34,N
B14113,Richmond,VA,25 to 34,FALSE
B13241,HTX,TX,45 to 54,No
B17822,Dallas,TX,35-44,TRUE
B09264,Baltimore,MD,18-24,FALSE
B17957,Philadelphia,PA,35-44,TRUE
B16194,Detroit,MI,18-24,N
B09642,Philadelphia,PA,55 +,TRUE
B06867,Atlanta,GA,45-54,No
B03903,Las Vegas,NV,25-34,yes
B13298,Vegas,NV,45-54,Y
B11527,San Antonio,TX,35-44,yes
B12067,Houston,TX,25-34,
B13647,Los Angeles,CA,25-34,FALSE
B13575,Philadelphia,PA,18-24,No
B17119,HTX,TX,35-44,N
B06799,Atlanta,GA,45-54,Y
B07834,Washington,DC,35-44,Yes
B15287,Houston,TX,25-34,Y
B02436,New York,NY,18 to 24,Y
B17117,Charlotte,NC,45-54,Yes
B03359,Las Vegas,NV,25-34,TRUE
B00709,NYC,NY,55+,Y
B05800,Atlanta,GA,35-44,FALSE
B04474,Vegas,NV,35-44,N
B09997,Wilmington,DE,25-34,Y
B13962,Birmingham,AL,35-44,TRUE
B09876,Camden,NJ,55 +,TRUE
B14271,Wilmington,DE,25-34,yes
B01654,New York,NY,18-24,No
B13926,Los Angeles,CA,35-44,yes
B03298,,NV,55 plus,Y
B16814,Austin,TX,55+,No
B00200,New York,NY,18-24 ,No
B05646,Atlanta,GA,25-34,N
B08633,Washington,DC,35-44,TRUE
B04963,Las Vegas,NV,18-24,TRUE
B11898,Houston,TX,25-34,N
B18263,Newark,NJ,25-34,FALSE
B10396,Philly,PA,35-44,No
B14904,Los Angeles,CA,25-34,Y
B01274,"new york, ny",NY,18-24,
B15506,Miami,FL,35-44,yes
B06296,Atlanta,GA,25-34,TRUE
B07316,Atlanta,GA,45-54,FALSE
B09509,,DC,35 to 44,No
B11882,Austin,TX,18-24,Y
B00809,NYC,NY,45 to 54,FALSE
B13852,Philadelphia,PA,35-44,Y
B05312,Atlanta,GA,35-44,N
B08159,Washington,DC,18 to 24,Y
B03195,Las Vegas,NV,55+,TRUE
B16503,Miami,FL,35-44,yes
B18102,"new york, ny",NY,25-34,FALSE
B18087,Charlotte,NC,25-34,No
B13934,Los Angeles,CA,25-34,Y
B10781,Wilmington,DE,25-34,N
B16010,Birmingham,AL,25-34,TRUE
B01919,NYC,NY,35 to 44,yes
B01522,New York,NY,18-24,Y
B14114,San Antonio,TX,45-54,FALSE
B05067,Las Vegas,NV,35-44,Yes
B17484,Wilmington,DE,25-34,
B11667,San Antonio,TX,18-24,yes
B13527,Austin,TX,55+,Yes
B07890,Baltimore,MD,55+,
B07354,Atlanta,GA,25-34,yes
B06449,Atlanta,GA,45 to 54,yes
B17291,Las Vegas,NV,45-54,Y
B09018,Washington,DC,45 to 54,No
B13547,Los Angeles,CA,45-54,yes
B08521,Washington,DC,25-34,TRUE
B13414,atlanta,GA,25-34,TRUE
B12695,San Antonio,TX,25-34,Yes
B14917,New York,NY,18-24,
B07417,atlanta,GA,25-34,TRUE
B15120,Richmond,VA,18-24,Y
B17107,Birmingham,AL,35-44,
B06096,Atlanta,GA,35 to 44,Y
B15940,Newark,NJ,45 to 54,TRUE
B04133,Las Vegas,NV,45-54,N
B05697,Atlanta,GA,25-34,Yes
B05791,Atlanta,GA,25-34,TRUE
B16131,Chicago,IL,18-24,yes
B17531,Birmingham,AL,35-44,yes
B14797,San Antonio,TX,55+,FALSE
B10709,Wilmington,DE,18-24,No
B12338,Austin,TX,25-34,No
B10178,Camden,NJ,18-24,Y
B17979,Las Vegas,NV,18-24 ,yes
B03677,Las Vegas,NV,18-24,Y
B02377,NYC,NY,45-54,N
B01670,New York,NY,35-44,TRUE
B11581,Austin,TX,18-24,FALSE
B00407,New York,NY,35-44,yes
B14509,Birmingham,AL,18-24,No
B12355,Houston,TX,18-24,Y
B07875,Baltimore,MD,18-24,FALSE
B12310,Austin,TX,35 to 44,FALSE
B16838,Philadelphia,PA,25 to 34,N
B02742,Vegas,NV,25 to 34,Y
B12583,Austin,TX,18-24,
B13272,Camden,NJ,25-34,Yes
B08221,Baltimore,MD,25-34,Yes
B02657,Las Vegas,NV,18-24,No
B16345,Baltimore,MD,35-44,TRUE
B16684,Atlanta,GA,25-34,Yes
B03454,Las Vegas,NV,25-34,No
B13355,San Antonio,TX,35-44,Y
B02173,New York,NY,25-34,N
B16086,New York,NY,35-44,N
B01164,New York,NY,45-54,N
B14308,Houston,TX,35 to 44,TRUE
B09672,Camden,NJ,35-44,N
B03232,Las Vegas,NV,35-44,Yes
B09775,Wilmington,DE,45-54,
B02219,New York,NY,35-44,FALSE
B00548,New York,NY,25-34,No
B14064,Los Angeles,CA,25-34,TRUE
B03860,Las Vegas,NV,35-44,yes
B04215,Las Vegas,NV,25-34yrs,
B16487,Newark,NJ,25-34,FALSE
B05320,Atlanta,GA,45-54,No
B02005,New York,NY,45-54,FALSE
B13792,New York,NY,35 to 44,Y
B06961,Atlanta,GA,25-34,Yes
B03116,Las Vegas,NV,25-34,No
B12142,Houston,TX,45-54,Yes
B17974,Birmingham,AL,25-34,Y
B08122,Washington,DC,25-34,Yes
B03710,Las Vegas,NV,18-24,Y
B08222,Baltimore,MD,25-34,No
B16353,Newark,NJ,45-54,No
B05391,Atlanta,GA,45-54,Y
B10773,Wilmington,DE,25-34yrs,N
B12383,San Antonio,TX,55+,Y
B00096,New York,NY,35-44,TRUE
B16147,San Antonio,TX,18 to 24,No
B02569,New York,NY,25-34,
B13385,Las Vegas,NV,18 to 24,No
B02892,Las Vegas,NV,25 to 34,Y
B12357,Austin,TX,45-54,TRUE
B09804,Wilmington,DE,25-34,TRUE
B16620,Dallas,TX,25-34,N
B13975,Dallas,TX,45-54,
B02870,Las Vegas,NV,45-54,
B17561,Philadelphia,PA,25-34,No
B04916,Vegas,NV,18-24,FALSE
B02646,Las Vegas,NV,35 to 44,N
B06826,Atlanta,GA,35-44,N
B03733,Las Vegas,NV,25-34yrs,Yes
B17098,Miami,FL,25-34,yes
B15943,New York,NY,18 to 24,TRUE
B15207,Los Angeles,CA,35-44,Y
B09691,Camden,NJ,25-34,Yes
B17072,Dallas,TX,18-24 ,No
B02397,New York,NY,25-34yrs,yes
B02952,Las Vegas,NV,55+,TRUE
B11063,Philadelphia,PA,25-34,TRUE
B11868,Austin,TX,25-34,yes
B14167,Wilmington,DE,55+,
B02442,NYC,NY,25-34,FALSE
B13397,Los Angeles,CA,18-24,TRUE
B05679,Atlanta,GA,35-44,N
B09191,Baltimore,MD,35-44,Y
B12612,Austin,TX,25-34,
B10590,Wilmington,DE,25-34,TRUE
B16947,Dallas,TX,35-44,TRUE
B00222,New York,NY,18-24 ,
B17214,Los Angeles,CA,45-54,TRUE
B06257,Atlanta,GA,18-24,FALSE
B17360,Charlotte,NC,18-24,yes
B02383,New York,NY,45-54,yes
B01650,New York,NY,35-44,yes
B10831,Philadelphia,PA,25 to 34,N
B03246,Las Vegas,NV,55+,yes
B13252,San Antonio,TX,25-34,Y
B04845,Las Vegas,NV,55+,yes
B02994,Las Vegas,NV,45-54,
B05284,Atlanta,GA,35-44,TRUE
B12808,San Antonio,TX,55+,TRUE
B13599,Los Angeles,CA,55+,yes
B14323,Charlotte,NC,35-44,
B02673,Las Vegas,NV,18-24,TRUE
B11253,Philadelphia,PA,25-34,Yes
B12203,Austin,TX,35-44,Yes
B13263,Camden,NJ,45-54,TRUE
B17908,Charlotte,NC,35-44,N
B11458,SA,TX,35-44,N
B14385,Austin,TX,25-34,yes
B02877,Las Vegas,NV,25-34,Yes
B16575,Birmingham,AL,45-54,N
B11403,San Antonio,TX,25-34yrs,TRUE
B08300,Baltimore,MD,25-34yrs,Yes
B14479,Charlotte,NC,35-44,Y
B13274,Richmond,VA,25-34,No
B02658,Las Vegas,NV,25-34yrs,Y
B08670,Washington,DC,18-24,FALSE
B08276,Baltimore,MD,35-44,Y
B01588,"new york, ny",NY,35-44,
B03604,Las Vegas,NV,45-54,yes
B13645,Atlanta,GA,55+,No
B05492,Atlanta,GA,18-24,No
B14295,Charlotte,NC,35-44,No
B00605,New York,NY,35 to 44,
B17016,Newark,NJ,35 to 44,yes
B14152,Birmingham,AL,18 to 24,TRUE
B13409,Miami,FL,25-34,yes
B12497,Houston,TX,55+,No
B01021,New York,NY,25-34yrs,
B08281,Washington,DC,25-34,Y
B15945,Los Angeles,CA,18-24,FALSE
B01603,New York,NY,35-44,Yes
B01130,New York,NY,35-44,
B17670,Baltimore,MD,25 to 34,N
B08987,Baltimore,MD,45-54,
B15273,Chicago,IL,25 to 34,TRUE
B13545,Birmingham,AL,25-34,Y
B18080,Los Angeles,CA,18-24,FALSE
B13346,Richmond,VA,18 to 24,
B12668,Austin,TX,35-44,TRUE
B09758,Camden,NJ,25-34,TRUE
B02098,NYC,NY,35-44,No
B05694,Atlanta,GA,25-34,FALSE
B12764,San Antonio,TX,18-24,Y
B13571,Wilmington,DE,25-34,yes
B15102,San Antonio,TX,35-44,FALSE
B10555,Philadelphia,PA,35-44,FALSE
B06459,Atlanta,GA,35-44,yes
B12471,Houston,TX,25-34,Y
B17890,Detroit,MI,45-54,Y
B05638,Atlanta,GA,45 to 54,Y
B03066,Las Vegas,NV,45-54,
B11595,Austin,TX,55+,N
B05318,Atlanta,GA,18-24,N
B03123,Las Vegas,NV,45-54,
B17675,"Washington, D.C.",DC,55+,No
B02684,Vegas,NV,18-24,TRUE
B18306,Los Angeles,CA,18-24,No
B04643,Las Vegas,NV,25-34yrs,N
B05667,Atlanta,GA,18-24,Y
B16018,Richmond,VA,45-54,
B06291,Atlanta,GA,35-44,TRUE
B06433,Atlanta,GA,35-44,N
B08862,Washington,DC,25-34,N
B02912,Las Vegas,NV,25-34,N
B16000,Atlanta,GA,35-44,TRUE
B13775,Los Angeles,CA,18-24,FALSE
B02832,Las Vegas,NV,18-24,TRUE
B06694,,GA,25-34,N
B15382,Philadelphia,PA,25-34,N
B02294,New York,NY,18-24,TRUE
B07928,DC,DC,35-44,N
B08081,Baltimore,MD,35-44,Yes
B00759,New York,NY,18-24,N
B14156,Austin,TX,25-34,No
B02225,New York,NY,55+,Yes
B04160,Las Vegas,NV,35 to 44,yes
B09603,Philadelphia,PA,35-44,
B01018,New York,NY,55+,Yes
B17004,Detroit,MI,35-44,yes
B01313,New York,NY,25-34,No
B00051,New York,NY,25-34,Y
B15124,Dallas,TX,45-54,
B08756,"Washington, D.C.",DC,25-34,TRUE
B15092,Charlotte,NC,35-44,
B03256,Las Vegas,NV,45 to 54,No
B18382,Austin,TX,35-44,TRUE
B08189,Baltimore,MD,25-34,yes
B03275,Las Vegas,NV,25-34,N
B11943,Austin,TX,35 to 44,yes
B17454,New York,NY,45-54,yes
B12070,Austin,TX,45-54,TRUE
B14481,Chicago,IL,55+,FALSE
B14193,Newark,NJ,25-34,Y
B18146,Phoenix,AZ,25-34,TRUE
B01884,NYC,NY,18-24,FALSE
B08706,Washington,DC,25-34,Yes
B12585,Austin,TX,35-44,yes
B01794,New York,NY,25-34,yes
B07845,DC,DC,18-24,Yes
B08977,Baltimore,MD,18-24,yes
B06899,Atlanta,GA,35-44,Yes
B01395,New York,NY,18 to 24,yes
B09284,Baltimore,MD,35-44,
B18360,Miami,FL,18-24,Y
B14149,Charlotte,NC,25-34,No
B05708,Atlanta,GA,18-24,N
B15039,Newark,NJ,35-44,Y
B11923,Houston,TX,45-54,TRUE
B06231,atlanta,GA,25-34,TRUE
B01256,"new york, ny",NY,25-34yrs,Yes
B04794,Las Vegas,NV,25-34,Y
B07090,Atlanta,GA,25-34,N
B13391,Las Vegas,NV,18-24,Yes
B18190,Detroit,MI,45-54,No
B11857,San Antonio,TX,45-54,yes
B10079,Wilmington,DE,35 to 44,No
B12689,Austin,TX,18-24,TRUE
B17282,Charlotte,NC,25-34,TRUE
B01190,NYC,NY,45-54,Y
B05361,,GA,45-54,No
B08519,Baltimore,MD,25-34,TRUE
B08232,Baltimore,MD,25-34,yes
B17422,Washington,DC,35 to 44,FALSE
B04644,Las Vegas,NV,18-24,Yes
B13407,Birmingham,AL,35-44,N
B00726,New York,NY,45-54,TRUE
B16457,San Antonio,TX,35-44,N
B11891,San Antonio,TX,55+,TRUE
B08998,Washington,DC,25-34,yes
B11113,Camden,NJ,18-24,yes
B03513,Las Vegas,NV,35-44,TRUE
B14405,New York,NY,25-34,yes
B14666,Newark,NJ,18-24,yes
B14023,Miami,FL,25-34,yes
B01458,New York,NY,25-34,TRUE
B09186,Baltimore,MD,18-24,No
B01532,New York,NY,35-44,
B05412,Atlanta,GA,35-44,No
B17586,Miami,FL,18-24,Yes
B10316,Philadelphia,PA,25 to 34,FALSE
B13869,Las Vegas,NV,35-44,N
B11138,Philly,PA,35-44,Yes
B15031,Chicago,IL,25-34,yes
B00661,"new york, ny",NY,25-34,Y
B07929,DC,DC,25-34,
B08024,Washington,DC,35-44,
B00746,NYC,NY,45-54,yes
B17549,Charlotte,NC,55+,
B02654,Las Vegas,NV,35 to 44,TRUE
B08668,Washington,DC,25 to 34,FALSE
B14569,Philadelphia,PA,25-34,Y
B17677,Philadelphia,PA,18-24,N
B09440,,DC,35-44,Y
B13744,Philly,PA,25-34,TRUE
B11409,Houston,TX,25-34,FALSE
B09928,Camden,NJ,35-44,No
B06788,Atlanta,GA,35 to 44,TRUE
B13209,Austin,TX,18-24,Y
B13682,Newark,NJ,18-24 ,No
B13357,HTX,TX,45-54,TRUE
B08460,Washington,DC,35-44,No
B16187,Phoenix,AZ,25-34,No
B15605,Detroit,MI,35-44,yes
B02628,Las Vegas,NV,25-34,Yes
B14008,NYC,NY,35-44,N
B13745,Miami,FL,55+,N
B05994,Atlanta,GA,25-34,yes
B18296,Philadelphia,PA,18-24,yes
B16053,Dallas,TX,25-34,TRUE
B16991,Newark,NJ,55+,
B15476,Newark,NJ,18-24,yes
B14906,Phoenix,AZ,25-34,Yes
B07479,ATL,GA,35-44,
B15348,Newark,NJ,55+,No
B17833,Newark,NJ,35-44,Y
B14061,Philadelphia,PA,35-44,Y
B07903,Baltimore,MD,18-24,yes
B15370,,AZ,25-34,
B10864,Camden,NJ,25-34,yes
B10333,Wilmington,DE,25-34,Y
B13627,Austin,TX,25-34,Yes
B15573,Philadelphia,PA,25-34,yes
B08515,Washington,DC,25-34,No
B11699,San Antonio,TX,25-34,Y
B17297,Miami,FL,25-34,yes
B09261,Washington,DC,18-24,yes
B15916,Miami,FL,35-44,Y
B16497,Washington,DC,35 to 44,TRUE
B05606,Atlanta,GA,35 to 44,Y
B18399,Los Angeles,CA,35-44,No
B16929,Chicago,IL,25-34,No
B15304,Miami,FL,35-44,TRUE
B03339,Las Vegas,NV,25 to 34,FALSE
B02787,Las Vegas,NV,35-44,Yes
B09799,,PA,25-34,yes
B09670,Wilmington,DE,25 to 34,Yes
B15675,New York,NY,18-24,Yes
B07872,Washington,DC,18-24,
B00173,New York,NY,18-24,yes
B15479,Los Angeles,CA,25-34,Y
B09902,Philadelphia,PA,25 to 34,N
B16160,SA,TX,18-24,Yes
B00849,New York,NY,45 to 54,Yes
B03441,Las Vegas,NV,35 to 44,Yes
B13799,San Antonio,TX,35 to 44,Yes
B16422,Richmond,VA,55+,TRUE
B08336,Baltimore,MD,35-44,Yes
B05530,Atlanta,GA,25-34,FALSE
B10398,Camden,NJ,35-44,Yes
B11141,Philadelphia,PA,25-34yrs,Yes
B15536,Newark,NJ,18-24,yes
B03985,Las Vegas,NV,35-44,yes
B08457,Washington,DC,35 to 44,TRUE
B11910,Austin,TX,55+,N
B14246,Philadelphia,PA,45-54,Yes
B10315,Camden,NJ,25-34,TRUE
B15809,Los Angeles,CA,25-34,Yes
B08302,Baltimore,MD,45-54,yes
B09702,Wilmington,DE,25-34,TRUE
B10071,Wilmington,DE,55 +,TRUE
B01915,New York,NY,35-44,yes
B02634,Las Vegas,NV,55 plus,FALSE
B03333,Las Vegas,NV,35-44,FALSE
B00330,,NY,55+,yes
B11679,Austin,TX,35-44,
B02295,"new york, ny",NY,25-34,yes
B12125,San Antonio,TX,18-24,N
B11555,Austin,TX,25-34,FALSE
B02833,Las Vegas,NV,18-24,
B14913,San Antonio,TX,18-24,N
B00767,New York,NY,45 to 54,yes
B15554,Washington,DC,25-34,Y
B09159,Washington,DC,18-24,TRUE
B17374,Philadelphia,PA,18-24,Yes
B15759,Austin,TX,25 to 34,TRUE
B04567,Las Vegas,NV,35 to 44,FALSE
B02471,New York,NY,45 to 54,TRUE
B01993,"new york, ny",NY,45-54,No
B14430,Houston,TX,35-44,No
B15911,Miami,FL,35-44,TRUE
B10942,Wilmington,DE,35-44,Yes
B14187,Chicago,IL,45-54,Yes
B17128,,AZ,25-34,N
B03764,Vegas,NV,25-34,No
B09903,Camden,NJ,18 to 24,yes
B15122,Dallas,TX,35 to 44,TRUE
B01843,New York,NY,35 to 44,Yes
B01299,"new york, ny",NY,35-44,yes
B05501,Atlanta,GA,35 to 44,N
B15430,Atlanta,GA,55 +,
B05209,Atlanta,GA,45-54,FALSE
B10151,Camden,NJ,35-44,N
B07547,atlanta,GA,55+,
B10609,Philly,PA,18 to 24,N
B01553,New York,NY,35-44,N
B01521,NYC,NY,35-44,TRUE
B04863,Las Vegas,NV,25-34,N
B02004,New York,NY,18-24 ,
B00601,New York,NY,18-24,yes
B08663,Washington,DC,25-34yrs,No
B02642,Vegas,NV,18-24,yes
B13361,Los Angeles,CA,55+,Yes
B13122,Houston,TX,45-54,TRUE
B02697,Las Vegas,NV,35-44,Y
B12538,Houston,TX,55+,TRUE
B06002,Atlanta,GA,18 to 24,yes
B10501,Wilmington,DE,25 to 34,N
B05744,Atlanta,GA,25-34,N
B09733,Camden,NJ,35-44,
B17825,Houston,TX,18-24,Y
B17185,Houston,TX,55+,FALSE
B16419,Wilmington,DE,35-44,N
B15590,Camden,NJ,18-24,TRUE
B14637,Baltimore,MD,35-44,yes
B06995,Atlanta,GA,45-54,N
B08449,Washington,DC,25-34,N
B08011,Baltimore,MD,35-44,Y
B04694,Vegas,NV,25-34,No
B13612,Richmond,VA,18-24,
B11920,Austin,TX,25-34,Yes
B02597,New York,NY,25-34,Yes
B01222,NYC,NY,18 to 24,TRUE
B12014,Austin,TX,45-54,Y
B07062,Atlanta,GA,35-44,TRUE
B13613,Dallas,TX,35-44,FALSE
B04349,Las Vegas,NV,25-34,yes
B00369,New York,NY,35 to 44,No
B00169,NYC,NY,35-44,yes
B15442,Dallas,TX,18-24 ,Y
B10998,Camden,NJ,45-54,yes
B10381,Wilmington,DE,25 to 34,
B08372,DC,DC,35-44,yes
B02215,New York,NY,18-24,
B16741,Detroit,MI,35-44,No
B05883,atlanta,GA,25-34,
B02313,New York,NY,25 to 34,FALSE
B00398,New York,NY,35-44,No
B05966,Atlanta,GA,45 to 54,yes
B17726,Birmingham,AL,25-34,yes
B12325,Austin,TX,18-24,Yes
B07895,Baltimore,MD,55 plus,Y
B03017,Vegas,NV,35-44,FALSE
B08872,Washington,DC,35-44,N
B17772,Detroit,MI,18-24,N
B12980,Houston,TX,25-34,Y
B02154,NYC,NY,18-24,FALSE
B02558,New York,NY,25-34,FALSE
B05962,Atlanta,GA,18-24,TRUE
B03202,Las Vegas,NV,25-34,TRUE
B03468,Las Vegas,NV,35 to 44,
B03810,Las Vegas,NV,18-24 ,Y
B15984,"new york, ny",NY,35-44,FALSE
B01833,New York,NY,18-24,FALSE
B03220,Las Vegas,NV,35-44,yes
B08875,Washington,DC,45-54,Yes
B01715,"new york, ny",NY,25 to 34,N
B07262,ATL,GA,25-34,Yes
B15803,Washington,DC,18-24,Y
B14265,Houston,TX,35 to 44,No
B14872,Las Vegas,NV,35-44,No
B02334,New York,NY,25-34yrs,TRUE
B08139,"Washington, D.C.",DC,18-24,No
B10422,Camden,NJ,45-54,Yes
B05224,Atlanta,GA,45-54,yes
B13673,Newark,NJ,18-24,Yes
B01575,New York,NY,35-44,TRUE
B00426,New York,NY,35-44,N
B00319,New York,NY,25-34,Yes
B17049,Birmingham,AL,35-44,No
B12448,Houston,TX,45-54,Yes
B01566,"new york, ny",NY,25-34,Y
B06283,Atlanta,GA,18-24,Yes
B13192,San Antonio,TX,25-34,yes
B13500,Chicago,IL,35-44,TRUE
B04488,Las Vegas,NV,25-34yrs,Yes
B15823,Miami,FL,35-44,Y
B16478,Miami,FL,35-44,N
B08044,Washington,DC,55+,FALSE
B18261,Atlanta,GA,55+,N
B14032,Phoenix,AZ,35-44,FALSE
B13784,Camden,NJ,25-34,yes
B05695,Atlanta,GA,55+,FALSE
B16582,Chicago,IL,25-34,
B05950,Atlanta,GA,18-24,Yes
B08214,Baltimore,MD,25-34,FALSE
B13607,Phoenix,AZ,25-34,yes
B18216,Los Angeles,CA,25-34,FALSE
B18057,Wilmington,DE,55+,
B09900,Camden,NJ,18-24,yes
B02347,"new york, ny",NY,45-54,FALSE
B16676,"new york, ny",NY,55+,No
B15797,Birmingham,AL,45-54,Y
B09850,Camden,NJ,18-24,yes
B13220,Atlanta,GA,35 to 44,TRUE
B17744,Atlanta,GA,35-44,yes
B01539,"new york, ny",NY,55+,Yes
B01571,New York,NY,25-34,TRUE
B10254,Wilmington,DE,35-44,Y
B14235,ATL,GA,18-24,N
B08037,Washington,DC,25-34,N
B11896,Houston,TX,55+,Yes
B13434,Detroit,MI,25-34,Yes
B00139,New York,NY,25-34,No
B18321,Philadelphia,PA,18-24,TRUE
B10063,Philly,PA,18-24,FALSE
B02991,Las Vegas,NV,35-44,TRUE
B15822,Richmond,VA,25-34,N
B11491,San Antonio,TX,55+,FALSE
B06441,Atlanta,GA,18-24,Yes
B00384,New York,NY,35-44,TRUE
B15959,Baltimore,MD,25-34,No
B05184,Las Vegas,NV,18-24,Y
B07881,Baltimore,MD,55+,
B07977,Baltimore,MD,25-34,TRUE
B15298,Las Vegas,NV,55+,No
B15127,DC,DC,25-34,FALSE
B04336,Las Vegas,NV,45 to 54,Yes
B02252,"new york, ny",NY,35-44,yes
B07846,Washington,DC,35-44,yes
B12152,Austin,TX,45-54,yes
B14163,San Antonio,TX,35 to 44,TRUE
B12687,Austin,TX,18-24,N
B07942,Washington,DC,35-44,Yes
B13663,Newark,NJ,18-24,yes
B08113,Washington,DC,35-44,N
B04143,Las Vegas,NV,45-54,
B03287,Las Vegas,NV,45-54,N
B14702,Vegas,NV,35-44,TRUE
B01205,"new york, ny",NY,25-34,
B03115,Las Vegas,NV,35-44,Y
B02813,Las Vegas,NV,25-34,N
B01962,New York,NY,35-44,TRUE
B09851,Wilmington,DE,45-54,Y
B14848,New York,NY,25-34,FALSE
B00718,New York,NY,45-54,FALSE
B17377,Charlotte,NC,25-34,No
B05234,Atlanta,GA,35-44,TRUE
B02702,Las Vegas,NV,25-34,yes
B17566,Wilmington,DE,35-44,TRUE
B15227,Camden,NJ,35 to 44,TRUE
B14078,Philly,PA,25-34,yes
B14117,Newark,NJ,25 to 34,yes
B10247,Camden,NJ,55+,Y
B00298,"new york, ny",NY,35 to 44,TRUE
B13979,Dallas,TX,35 to 44,Y
B14592,Atlanta,GA,25-34,TRUE
B16089,Atlanta,GA,35-44,TRUE
B01951,New York,NY,25-34,yes
B08298,Baltimore,MD,18-24 ,TRUE
B02805,Las Vegas,NV,18-24 ,N
B11197,Wilmington,DE,18 to 24,FALSE
B00345,"new york, ny",NY,25-34,Y
B17427,San Antonio,TX,18-24,N
B17813,Los Angeles,CA,18-24,No
B14795,Atlanta,GA,35-44,No
B08770,,MD,55+,
B03784,Las Vegas,NV,45-54,FALSE
B17581,Miami,FL,55+,yes
B11958,Austin,TX,35 to 44,FALSE
B10097,Camden,NJ,35 to 44,TRUE
B16376,Richmond,VA,25-34,No
B13539,Los Angeles,CA,25-34,Y
B17475,Wilmington,DE,25 to 34,
B00774,"new york, ny",NY,55 plus,No
B00519,New York,NY,25-34,Yes
B15689,Washington,DC,25-34,Yes
B05533,Atlanta,GA,35-44,N
B05861,Atlanta,GA,35-44,yes
B15854,Wilmington,DE,55 +,
B08151,Washington,DC,45-54,yes
B01252,New York,NY,25-34yrs,TRUE
B02696,Las Vegas,NV,25-34,Y
B10317,Wilmington,DE,18-24,No
B00350,New York,NY,25-34,No
B06153,Atlanta,GA,35-44,Yes
B05302,Atlanta,GA,25-34yrs,yes
B00857,New York,NY,18-24,yes
B16760,Los Angeles,CA,45 to 54,TRUE
B00959,New York,NY,18-24,TRUE
B15041,Baltimore,MD,25-34,TRUE
B00693,New York,NY,35-44,TRUE
B04226,Las Vegas,NV,18 to 24,N
B16762,Newark,NJ,18-24,yes
B12789,,TX,45-54,yes
B17265,Detroit,MI,25-34,N
B00386,New York,NY,55+,
B11574,Houston,TX,18 to 24,FALSE
B00706,New York,NY,25-34,Yes
B17421,Philadelphia,PA,35-44,
B00263,NYC,NY,18-24 ,No
B01440,New York,NY,55+,TRUE
B09627,Philadelphia,PA,35 to 44,N
B16679,atlanta,GA,45-54,No
B05414,ATL,GA,35 to 44,N
B14603,Austin,TX,45-54,TRUE
B13661,Richmond,VA,25-34,Y
B03673,Las Vegas,NV,18-24,yes
B01101,New York,NY,25 to 34,Yes
B13606,Birmingham,AL,18-24,TRUE
B15487,Phoenix,AZ,25-34yrs,TRUE
B06330,Atlanta,GA,25 to 34,No
B16238,Miami,FL,45 to 54,TRUE
B00259,"new york, ny",NY,35 to 44,N
B17567,Richmond,VA,35-44,yes
B03204,Las Vegas,NV,45 to 54,FALSE
B06686,Atlanta,GA,35-44,TRUE
B13789,Newark,NJ,18-24,Yes
B08392,Baltimore,MD,55 plus,Yes
B18145,San Antonio,TX,25-34,Yes
B10232,Wilmington,DE,18-24,yes
B11106,Philly,PA,25-34,Y
B14005,Philadelphia,PA,25-34,Yes
B13522,Richmond,VA,18-24,yes
B00354,New York,NY,45-54,TRUE
B01852,New York,NY,25-34,No
B00631,New York,NY,35 to 44,No
B10708,Wilmington,DE,25-34,No
B10217,Philadelphia,PA,55+,No
B10252,Wilmington,DE,25-34,TRUE
B00046,New York,NY,18-24,N
B14148,Charlotte,NC,25-34yrs,Yes
B00065,New York,NY,25 to 34,FALSE
B01386,New York,NY,25-34,Y
B04792,Las Vegas,NV,45 to 54,
B08925,Washington,DC,25-34,Y
B02857,Vegas,NV,25-34,TRUE
B00179,New York,NY,35-44,N
B01335,NYC,NY,35-44,
B07410,Atlanta,GA,18-24,
B14965,Miami,FL,18-24,TRUE
B07950,Washington,DC,45-54,FALSE
B00228,New York,NY,55+,
B14943,Philadelphia,PA,35-44,Yes
B15885,Philadelphia,PA,25 to 34,FALSE
B00207,New York,NY,35-44,No
B02315,New York,NY,45-54,Y
B15489,Las Vegas,NV,18-24,FALSE
B13760,Los Angeles,CA,25-34,No
B01525,"new york, ny",NY,25-34,FALSE
B17179,Los Angeles,CA,35-44,
B01770,New York,NY,18 to 24,TRUE
B05603,,GA,55+,yes
B15295,San Antonio,TX,25-34,No
B14007,Birmingham,AL,25-34,
B03588,Las Vegas,NV,35-44,yes
B02712,Las Vegas,NV,35-44,FALSE
B11502,Austin,TX,55 +,Y
B02461,New York,NY,25-34,yes
B17617,Miami,FL,45-54,yes
B17476,Birmingham,AL,25-34,No
B13763,Camden,NJ,55+,Y
B14272,Los Angeles,CA,18-24,Y
B01001,"new york, ny",NY,18-24,
B06953,atlanta,GA,25 to 34,
B03024,Las Vegas,NV,25-34,Y
B00855,NYC,NY,25-34,N
B11009,Philadelphia,PA,35-44,yes
B05848,Atlanta,GA,25-34yrs,
B09604,Wilmington,DE,35-44,N
B13018,Austin,TX,25 to 34,Y
B16064,HTX,TX,35-44,Y
B15049,Atlanta,GA,18-24 ,yes
B08115,Baltimore,MD,18-24,Y
B07825,Baltimore,MD,45-54,No
B17654,Newark,NJ,25-34,Yes
B10022,Philadelphia,PA,18-24,yes
B17634,Birmingham,AL,45-54,yes
B15198,Richmond,VA,45-54,Y
B18075,Miami,FL,25-34,N
B06292,ATL,GA,35-44,yes
B13505,Washington,DC,25-34yrs,Yes
B02920,Las Vegas,NV,55+,FALSE
B02759,Las Vegas,NV,25 to 34,Yes
B00205,New York,NY,25 to 34,TRUE
B02286,New York,NY,45 to 54,TRUE
B03241,Las Vegas,NV,55 plus,FALSE
B16141,Newark,NJ,18-24 ,
B14484,Miami,FL,45 to 54,Yes
B08715,Washington,DC,45-54,No
B04046,Las Vegas,NV,45-54,No
B10918,Wilmington,DE,45-54,FALSE
B04397,Las Vegas,NV,55+,N
B06187,atlanta,GA,25-34,Y
B14844,Charlotte,NC,55+,
B15247,Las Vegas,NV,45-54,TRUE
B13610,Camden,NJ,55+,FALSE
B18136,Charlotte,NC,55+,TRUE
B00293,NYC,NY,25-34,Yes
B15942,Miami,FL,25-34,yes
B13743,Richmond,VA,18-24,Y
B13465,New York,NY,18-24,yes
B15002,Austin,TX,25-34,Y
B14819,San Antonio,TX,35-44,
B17760,Camden,NJ,25-34,Y
B02686,Las Vegas,NV,25-34,yes
B14325,Detroit,MI,25-34,N
B17135,New York,NY,45-54,Yes
B00387,New York,NY,18-24,yes
B06749,Atlanta,GA,35 to 44,TRUE
B04298,Las Vegas,NV,35-44,N
B10040,Philadelphia,PA,25-34,No
B14200,Chicago,IL,55+,No
B13804,Washington,DC,18-24,Yes
B10785,Camden,NJ,35 to 44,FALSE
B07976,Baltimore,MD,25-34,No
B12320,Houston,TX,35 to 44,Y
B11163,Philadelphia,PA,45-54,Yes
B14846,Washington,DC,25-34,Yes
B03494,Las Vegas,NV,45-54,No
B02852,Las Vegas,NV,35-44,No
B12373,Austin,TX,18-24,TRUE
B03664,Las Vegas,NV,18-24,FALSE
B11553,San Antonio,TX,35-44,N
B11625,San Antonio,TX,35-44,Yes
B14792,NYC,NY,25-34,TRUE
B03325,Las Vegas,NV,18-24,No
B14686,Houston,TX,25 to 34,FALSE
B13802,Camden,NJ,18-24,Yes
B00378,New York,NY,18-24,FALSE
B13530,Atlanta,GA,35-44,N
B16398,Miami,FL,35-44,yes
B08231,Baltimore,MD,18-24 ,N
B13354,Camden,NJ,25-34,yes
B01393,New York,NY,45-54,Yes
B15407,Washington,DC,45-54,N
B01913,New York,NY,25-34,TRUE
B12974,Austin,TX,18-24 ,yes
B14236,HTX,TX,25-34,FALSE
B15337,Chicago,IL,45-54,Yes
B16092,Camden,NJ,45-54,Y
B05454,atlanta,GA,35-44,TRUE
B09006,Washington,DC,35-44,N
B10474,Wilmington,DE,25-34,yes
B18232,Phoenix,AZ,18 to 24,FALSE
B11804,Houston,TX,35 to 44,No
B09454,Baltimore,MD,55+,Y
B02700,Las Vegas,NV,35-44,Y
B15878,Richmond,VA,25-34,N
B11204,Camden,NJ,18-24,Y
B12501,Houston,TX,35 to 44,FALSE
B12684,Austin,TX,18-24,No
B08157,Baltimore,MD,25-34,FALSE
B00109,NYC,NY,25-34,No
B06266,Atlanta,GA,35-44,yes
B04175,Las Vegas,NV,25-34,TRUE
B16042,Baltimore,MD,45-54,Yes
B00857,New York,NY,18-24,yes
B04798,Las Vegas,NV,35 to 44,Yes
B05885,Atlanta,GA,35-44,TRUE
B01494,New York,NY,25-34,No
B08660,Baltimore,MD,55 plus,Y
B03734,Las Vegas,NV,25-34,
B04431,Las Vegas,NV,55+,TRUE
B07824,Baltimore,MD,35-44,No
B10004,Wilmington,DE,55+,yes
B09416,Baltimore,MD,18-24,FALSE
B14499,Birmingham,AL,18-24,TRUE
B16515,Newark,NJ,55 +,Y
B13390,Los Angeles,CA,25-34,Yes
B17082,Wilmington,DE,35-44,TRUE
B13579,Detroit,MI,35-44,Y
B00392,"new york, ny",NY,35-44,yes
B15908,Chicago,IL,45 to 54,Y
B13468,Los Angeles,CA,18 to 24,No
B16632,Austin,TX,25-34,TRUE
B03439,Las Vegas,NV,25-34,No
B00080,New York,NY,25-34,Y
B18229,Houston,TX,25-34,yes
B17188,Philadelphia,PA,18-24,yes
B01304,New York,NY,18 to 24,
B16159,Philadelphia,PA,25-34,Y
B14411,Wilmington,DE,45-54,No
B13497,Baltimore,MD,25-34,No
B12173,Houston,TX,18-24,FALSE
B15057,,VA,55+,TRUE
B07963,Washington,DC,35-44,yes
B16434,Newark,NJ,35-44,No
B03140,Las Vegas,NV,35-44,yes
B17080,Dallas,TX,45 to 54,TRUE
B17717,Los Angeles,CA,18-24,TRUE
B07736,Atlanta,GA,25-34,No
B03420,Las Vegas,NV,18-24,Yes
B16564,Los Angeles,CA,25-34,Yes
B11600,San Antonio,TX,35-44,
B11941,Houston,TX,45-54,FALSE
B16374,DC,DC,45 to 54,Yes
B08775,Washington,DC,35-44,TRUE
B13254,Austin,TX,25-34,N
B17869,San Antonio,TX,45-54,N
B09262,Washington,DC,45-54,Y
B08239,Washington,DC,35 to 44,N
B15779,Birmingham,AL,35-44,Yes
B14910,Charlotte,NC,25-34,yes
B12770,San Antonio,TX,35 to 44,yes
B09907,Philadelphia,PA,18-24,Y
B00498,New York,NY,45 to 54,No
B13449,Austin,TX,45-54,N
B00089,NYC,NY,35-44,Yes
B01534,New York,NY,25-34yrs,Yes
B07627,ATL,GA,25 to 34,yes
B00988,New York,NY,25-34,FALSE
B17194,Los Angeles,CA,18-24,yes
B07106,Atlanta,GA,35-44,TRUE
B08084,Baltimore,MD,35-44,TRUE
B06564,Atlanta,GA,35 to 44,Y
B05204,atlanta,GA,25-34yrs,
B00995,New York,NY,25-34,TRUE
B02161,New York,NY,25-34,FALSE
B05328,Atlanta,GA,18-24,Y
B18322,Los Angeles,CA,25-34,Yes
B03886,Las Vegas,NV,25-34,Yes
B11778,Austin,TX,55+,Yes
B03611,Las Vegas,NV,18-24,yes
B08108,Washington,DC,45 to 54,TRUE
B00411,New York,NY,25-34yrs,No
B04767,Las Vegas,NV,35-44,Y
B12244,Austin,TX,35-44,TRUE
B16608,Birmingham,AL,18-24,yes
B16640,Chicago,IL,45-54,N
B06338,ATL,GA,25-34,No
B02278,New York,NY,45-54,Y
B02487,New York,NY,25-34,Y
B00696,New York,NY,18-24,N
B02979,Las Vegas,NV,35-44,Yes
B17598,Richmond,VA,35-44,TRUE
B11193,Camden,NJ,25-34yrs,yes
B00948,New York,NY,35 to 44,
B09734,Camden,NJ,45-54,FALSE
B00266,New York,NY,18-24,TRUE
B04683,Las Vegas,NV,35 to 44,Yes
B00461,New York,NY,35-44,Y
B16411,Miami,FL,35-44,yes
B14398,,AZ,55+,TRUE
B09825,Wilmington,DE,45-54,N
B17796,Chicago,IL,25-34,FALSE
B12910,Houston,TX,25 to 34,yes
B18312,Philadelphia,PA,18 to 24,TRUE
B09267,Baltimore,MD,18-24,yes
B00237,New York,NY,25-34,Yes
B16923,Los Angeles,CA,25-34,Y
B00255,"new york, ny",NY,35-44,Yes
B03142,Las Vegas,NV,35 to 44,Y
B16185,HTX,TX,45 to 54,No
B11735,Houston,TX,25-34,TRUE
B17120,Miami,FL,18 to 24,
B02178,New York,NY,25-34,Yes
B11101,Wilmington,DE,25-34yrs,TRUE
B13338,Miami,FL,25 to 34,FALSE
B08041,,DC,25-34,N
B16723,Las Vegas,NV,55+,Yes
B01728,New York,NY,18-24,FALSE
B02241,New York,NY,18-24,FALSE
B14352,Newark,NJ,25-34,
B14775,Los Angeles,CA,25-34,TRUE
B11494,San Antonio,TX,25-34,Yes
B05272,Atlanta,GA,18-24,No
B12554,San Antonio,TX,18-24,No
B17132,Las Vegas,NV,18-24,No
B03081,Las Vegas,NV,25-34,FALSE
B09917,Camden,NJ,18-24,FALSE
B13879,Detroit,MI,35 to 44,yes
B00083,New York,NY,25-34,yes
B10094,Wilmington,DE,25-34yrs,No
B14976,Philadelphia,PA,35 to 44,Y
B13786,Houston,TX,45-54,FALSE
B14505,Chicago,IL,55 +,TRUE
B09463,Washington,DC,25-34,Y
B03912,Las Vegas,NV,25-34,Y
B16014,Charlotte,NC,18-24,Yes
B02228,New York,NY,25-34,N
B17922,Los Angeles,CA,25-34,Yes
B18029,Los Angeles,CA,25-34,Y
B14862,Miami,FL,25-34,TRUE
B04583,Las Vegas,NV,35 to 44,
B12202,Houston,TX,35 to 44,Yes
B17685,Miami,FL,35-44,Y
B05710,Atlanta,GA,25-34,No
B05424,Atlanta,GA,25-34,Yes
B12271,San Antonio,TX,55 plus,
B05242,Atlanta,GA,55+,Y
B09933,Wilmington,DE,25-34,No
B09694,Camden,NJ,35 to 44,FALSE
B16801,Charlotte,NC,35-44,Y
B09800,Philadelphia,PA,25-34,
B14476,Phoenix,AZ,25 to 34,yes
B17930,Dallas,TX,25-34,yes
B06208,Atlanta,GA,25-34,N
B16488,Wilmington,DE,45-54,Y
B03617,Vegas,NV,45-54,N
B14952,,TX,25-34yrs,Y
B12677,San Antonio,TX,25 to 34,
B16272,Richmond,VA,35-44,Yes
B17039,Charlotte,NC,25-34,
B17026,HTX,TX,45-54,Yes
B02734,Vegas,NV,25-34,TRUE
B07630,Atlanta,GA,18-24,yes
B01026,New York,NY,35 to 44,TRUE
B17885,Camden,NJ,35-44,Yes
B14427,Newark,NJ,35-44,Yes
B17266,Richmond,VA,55+,Y
B02799,Las Vegas,NV,25-34,Y
B10560,Philadelphia,PA,45-54,Y
B17580,Houston,TX,45-54,TRUE
B00405,New York,NY,35-44,TRUE
B07897,Baltimore,MD,55+,TRUE
B09643,Philadelphia,PA,25-34,FALSE
B02096,"new york, ny",NY,18-24,
B01126,New York,NY,35-44,yes
B05183,Las Vegas,NV,25-34,
B15440,Phoenix,AZ,45-54,Y
B14368,Birmingham,AL,25-34,yes
B10488,Wilmington,DE,25-34,No
B11816,Austin,TX,25-34,Yes
B01777,New York,NY,35 to 44,Y
B14617,Richmond,VA,25-34,yes
B08212,Baltimore,MD,45 to 54,Yes
B08377,DC,DC,25-34,N
B12182,Austin,TX,25-34yrs,N
B03563,Las Vegas,NV,18-24 ,No
B05218,Atlanta,GA,35-44,Y
B09865,Camden,NJ,18-24,No
B13697,DC,DC,25 to 34,Yes
B15313,Miami,FL,45-54,FALSE
B06947,Atlanta,GA,25-34,No
B09789,Philadelphia,PA,25-34yrs,N
B08327,Baltimore,MD,55+,Yes
B06570,Atlanta,GA,18 to 24,yes
B13568,Phoenix,AZ,45-54,yes
B05957,Atlanta,GA,25-34,yes
B13339,DC,DC,45-54,yes
B02716,Las Vegas,NV,18-24,TRUE
B02070,New York,NY,35-44,No
B02113,New York,NY,25-34,
B17342,Charlotte,NC,45-54,
B07868,"Washington, D.C.",DC,25-34,Yes
B12282,San Antonio,TX,35 to 44,FALSE
B01796,New York,NY,35-44,FALSE
B08054,Baltimore,MD,25-34,
B10922,Wilmington,DE,25-34yrs,N
B00551,New York,NY,35-44,FALSE
B13441,Detroit,MI,35-44,TRUE
B02445,New York,NY,25-34,FALSE
B00023,New York,NY,18-24,N
B01696,"new york, ny",NY,25-34,Y
B17218,Birmingham,AL,25 to 34,Yes
B16380,Phoenix,AZ,55+,No
B14669,New York,NY,25-34,yes
B15743,San Antonio,TX,55+,No
B06523,Atlanta,GA,25-34,yes
B16028,Los Angeles,CA,55+,Y
B00183,NYC,NY,25 to 34,FALSE
B16171,Miami,FL,35 to 44,Yes
B01764,New York,NY,45-54,Yes
B15527,HTX,TX,18-24,Yes
B13757,Philadelphia,PA,25-34,
B02818,Las Vegas,NV,35-44,Y
B16505,Philadelphia,PA,25-34,Y
B05043,Las Vegas,NV,25 to 34,Yes
B13464,Wilmington,DE,18-24,Y
B13574,"new york, ny",NY,25-34,TRUE
B11994,San Antonio,TX,35-44,No
B03179,Vegas,NV,35-44,No
B10715,Camden,NJ,18-24,Yes
B08280,Washington,DC,18-24,
B03405,Las Vegas,NV,25-34yrs,
B08511,Washington,DC,55+,yes
B05385,Atlanta,GA,35-44,N
B03801,Las Vegas,NV,18-24,Yes
B17668,San Antonio,TX,18-24,N
B13343,Richmond,VA,18 to 24,TRUE
B00982,New York,NY,25-34,
B09050,Washington,DC,35-44,yes
B01167,New York,NY,55+,FALSE
B13969,Philadelphia,PA,35 to 44,N
B14782,Chicago,IL,25-34,yes
B13878,Wilmington,DE,35-44,TRUE
B14781,Charlotte,NC,35-44,yes
B06488,ATL,GA,18-24,FALSE
B00067,New York,NY,25-34,Yes
B15793,San Antonio,TX,35-44,yes
B00412,New York,NY,45 to 54,Yes
B01699,NYC,NY,18-24,Y
B12376,Houston,TX,25-34,N
B06169,Atlanta,GA,45 to 54,TRUE
B17153,Richmond,VA,55+,FALSE
B01213,New York,NY,35-44,TRUE
B09698,Wilmington,DE,18-24,yes
B07505,Atlanta,GA,25-34,FALSE
B09739,Philly,PA,18-24,TRUE
B02358,NYC,NY,25-34,yes
B09686,Philly,PA,35-44,TRUE
B08704,Baltimore,MD,25-34,Y
B17390,ATL,GA,35-44,yes
B14142,Austin,TX,45-54,No
B11425,SA,TX,35 to 44,TRUE
B11258,Wilmington,DE,18-24,No
B08062,Baltimore,MD,35-44,yes
B10881,Wilmington,DE,25-34,
B11434,San Antonio,TX,25-34,Yes
B14649,Los Angeles,CA,35-44,N
B08446,Washington,DC,35-44,yes
B03907,Vegas,NV,35-44,TRUE
B17667,Chicago,IL,25-34,
B00142,"new york, ny",NY,18-24,Y
B05377,Atlanta,GA,25-34,yes
B03152,Las Vegas,NV,25-34,TRUE
B15119,Philly,PA,25-34yrs,yes
B08179,Washington,DC,25-34,TRUE
B09727,Philadelphia,PA,35-44,TRUE
B14145,Richmond,VA,18-24,N
B16484,Dallas,TX,55+,N
B15449,Charlotte,NC,25-34,Yes
B04039,Las Vegas,NV,25-34,N
B02826,Las Vegas,NV,55+,yes
B13288,Birmingham,AL,55+,N
B00558,New York,NY,55 plus,TRUE
B13783,San Antonio,TX,55 plus,Y
B06289,Atlanta,GA,25-34yrs,
B05458,atlanta,GA,35 to 44,FALSE
B08732,DC,DC,35-44,No
B04764,Las Vegas,NV,25-34yrs,TRUE
B10486,Wilmington,DE,25-34,No
B08817,Baltimore,MD,35-44,No
B17165,Phoenix,AZ,18-24,yes
B04759,Las Vegas,NV,25-34,FALSE
B01918,New York,NY,35-44,Yes
B17606,Miami,FL,55+,TRUE
B03793,Las Vegas,NV,25-34,Y
B16788,Austin,TX,35 to 44,TRUE
B00195,New York,NY,35-44,TRUE
B02322,NYC,NY,25 to 34,FALSE
B07840,Washington,DC,25-34,TRUE
B14213,Birmingham,AL,35-44,No
B05101,Vegas,NV,25-34,TRUE
B18345,Miami,FL,25-34,TRUE
B17231,Baltimore,MD,18 to 24,yes
B16022,New York,NY,45-54,No
B06298,Atlanta,GA,25 to 34,Y
B13052,San Antonio,TX,55+,FALSE
B00241,New York,NY,35-44,Yes
B15195,Camden,NJ,25-34,FALSE
B01234,New York,NY,35-44,Yes
B16851,Newark,NJ,25-34,N
B00244,NYC,NY,55+,TRUE
B11131,Camden,NJ,25-34,Y
B01173,New York,NY,45-54,N
B16866,Phoenix,AZ,35-44,Yes
B11522,Houston,TX,25-34,yes
B00970,New York,NY,55+,N
B07391,Atlanta,GA,25-34,Y
B14815,Las Vegas,NV,25-34,No
B07092,Atlanta,GA,25-34,TRUE
B13486,Wilmington,DE,18-24,N
B08739,Washington,DC,25-34,
B05423,,GA,18-24,Yes
B13027,Houston,TX,55+,N
B15766,Los Angeles,CA,55+,N
B00351,New York,NY,35-44,Y
B16173,Phoenix,AZ,35-44,FALSE
B11734,San Antonio,TX,25 to 34,
B03804,Las Vegas,NV,25-34,TRUE
B00274,New York,NY,55 +,Y
B15019,Dallas,TX,45-54,FALSE
B02357,New York,NY,35-44,yes
B11663,Austin,TX,25-34yrs,yes
B05480,Atlanta,GA,35-44,Yes
B03360,Las Vegas,NV,35 to 44,N
B03372,Las Vegas,NV,35-44,yes
B15558,Miami,FL,25 to 34,yes
B02691,Las Vegas,NV,25-34,TRUE
B02526,New York,NY,25-34,Y
B11709,Austin,TX,25 to 34,Y
B09916,Philadelphia,PA,45-54,TRUE
B05371,Atlanta,GA,25-34,yes
B01385,New York,NY,45-54,Y
B02735,Las Vegas,NV,55+,yes
B03696,Las Vegas,NV,55+,TRUE
B11826,Houston,TX,25 to 34,
B17125,"new york, ny",NY,35-44,No
B00690,New York,NY,25-34,Yes
B17133,Phoenix,AZ,25-34,yes
B13811,Dallas,TX,35-44,yes
B11417,Austin,TX,55+,Yes
B03725,Las Vegas,NV,55+,Yes
B03517,Las Vegas,NV,25-34,FALSE
B14745,Chicago,IL,18-24,Y
B13837,Las Vegas,NV,25-34,TRUE
B15676,Birmingham,AL,18-24,Yes
B00031,New York,NY,35-44,No
B15023,Phoenix,AZ,35-44,
B10487,Philly,PA,55+,yes
B12363,Houston,TX,35 to 44,N
B02492,New York,NY,25-34,Yes
B17587,Philadelphia,PA,25-34,
B17966,Richmond,VA,25-34,Y
B12133,Houston,TX,45-54,No
B18015,Camden,NJ,18-24 ,N
B08686,Baltimore,MD,55+,Yes
B02606,Las Vegas,NV,25-34,TRUE
B11947,Houston,TX,25-34,N
B06100,ATL,GA,18-24 ,FALSE
B02013,New York,NY,35-44,TRUE
B13716,Atlanta,GA,35-44,yes
B14471,Richmond,VA,55+,Yes
B06237,Atlanta,GA,35 to 44,Y
B13542,Wilmington,DE,25 to 34,N
B12713,San Antonio,TX,25-34,FALSE
B17406,Philadelphia,PA,25-34,yes
B14397,San Antonio,TX,35-44,N
B03072,Las Vegas,NV,35-44,FALSE
B00050,New York,NY,25-34,Y
B07614,Atlanta,GA,45-54,
B13656,Baltimore,MD,35 to 44,Y
B12856,Houston,TX,25-34yrs,N
B02767,Las Vegas,NV,25 to 34,Yes
B05216,atlanta,GA,25-34,TRUE
B06362,atlanta,GA,25-34yrs,N
B15873,Austin,TX,25-34,
B01133,New York,NY,35-44,
B00523,New York,NY,55+,TRUE
B17607,Las Vegas,NV,35-44,N
B13871,Baltimore,MD,25-34,
B00061,"new york, ny",NY,55+,
B05087,Las Vegas,NV,55+,
B04168,Las Vegas,NV,18-24,
B00184,New York,NY,18-24,Yes
B09952,Camden,NJ,45-54,N
B18239,Los Angeles,CA,25-34,Yes
B08910,Washington,DC,25-34,yes
B03416,Las Vegas,NV,18-24 ,No
B09801,Camden,NJ,25-34,Y
B14979,Detroit,MI,45-54,yes
B15276,Phoenix,AZ,35-44,Yes
B04228,Las Vegas,NV,18-24,yes
B05759,Atlanta,GA,45-54,TRUE
B17573,Wilmington,DE,18 to 24,Yes
B05952,Atlanta,GA,35-44,FALSE
B16260,Newark,NJ,25-34,TRUE
B04159,Vegas,NV,25-34yrs,No
B11096,Philadelphia,PA,45 to 54,FALSE
B07263,atlanta,GA,55+,TRUE
B14331,Camden,NJ,55+,No
B00385,New York,NY,55+,FALSE
B09561,Washington,DC,35-44,yes
B17773,Dallas,TX,45 to 54,yes
B13788,Vegas,NV,18-24,Y
B08006,Baltimore,MD,55 plus,yes
B05625,,GA,25-34,No
B01948,New York,NY,25-34,FALSE
B17152,Baltimore,MD,25-34,TRUE
B01795,,NY,25-34,FALSE
B13265,Los Angeles,CA,35-44,TRUE
B13787,Washington,DC,25-34,
B08266,Washington,DC,35 to 44,Yes
B03636,Las Vegas,NV,18-24 ,yes
B15253,Newark,NJ,25-34,TRUE
B02568,New York,NY,35-44,TRUE
B11156,Camden,NJ,35-44,yes
B13329,Atlanta,GA,18-24,No
B17437,Richmond,VA,55+,No
B05910,Atlanta,GA,25-34,yes
B11470,Austin,TX,55+,
B09674,Camden,NJ,25-34,TRUE
B01472,New York,NY,35-44,FALSE
B08918,Washington,DC,25-34,N
B04922,,NV,18 to 24,N
B11822,San Antonio,TX,55+,
B06549,Atlanta,GA,25-34,FALSE
B14095,Philadelphia,PA,35-44,Yes
B15320,Detroit,MI,35-44,Y
B06147,Atlanta,GA,45 to 54,No
B16030,Miami,FL,18-24,Yes
B00264,New York,NY,35-44,Yes
B04396,Las Vegas,NV,25-34,No
B13238,Philadelphia,PA,25-34yrs,TRUE
B16326,Newark,NJ,45 to 54,No
B11514,Houston,TX,45-54,
B13012,San Antonio,TX,35-44,Yes
B16122,Baltimore,MD,35-44,No
B14756,Phoenix,AZ,45-54,Yes
B15839,Phoenix,AZ,18-24,yes
B00532,NYC,NY,25-34,
B12534,Austin,TX,55+,Yes
B02680,Las Vegas,NV,35 to 44,Y
B07175,Atlanta,GA,18-24 ,Yes
B00101,New York,NY,35-44,FALSE
B14533,New York,NY,18-24 ,N
B07926,Baltimore,MD,35-44,
B12719,SA,TX,35-44,FALSE
B05349,Atlanta,GA,35 to 44,TRUE
B00966,New York,NY,25-34,Yes
B13552,,GA,35-44,
B03111,Vegas,NV,25-34yrs,N
B10088,Camden,NJ,25-34,N
B11762,Austin,TX,45-54,TRUE
B01286,New York,NY,18-24 ,N
B00272,"new york, ny",NY,25 to 34,FALSE
B01211,"new york, ny",NY,18-24 ,Y
B00610,New York,NY,35-44,TRUE
B11364,Wilmington,DE,35-44,TRUE
B06417,Atlanta,GA,45-54,TRUE
B00494,,NY,35-44,
B08689,Washington,DC,45-54,Y
B16954,Richmond,VA,25-34,yes
B04118,Las Vegas,NV,35-44,
B00152,"new york, ny",NY,25-34,Y
B08429,Baltimore,MD,25-34,TRUE
B16407,New York,NY,25-34,FALSE
B16658,Las Vegas,NV,25-34,
B14834,Miami,FL,35 to 44,
B12227,Houston,TX,25-34,Y
B14549,New York,NY,18-24,yes
B13266,Chicago,IL,18-24,TRUE
B15593,Birmingham,AL,25-34,
B00949,New York,NY,18-24,TRUE
B01112,New York,NY,25 to 34,Yes
B00151,,NY,25-34,N
B05413,Atlanta,GA,45-54,No
B00816,New York,NY,45-54,Yes
B01088,New York,NY,45-54,FALSE
B15050,Houston,TX,55+,N
B06444,ATL,GA,35-44,N
B03215,Vegas,NV,18-24 ,Y
B15550,"Washington, D.C.",DC,25-34,
B14009,Newark,NJ,18-24,FALSE
B03354,Las Vegas,NV,18-24,Y
B11876,San Antonio,TX,35-44,yes
B17411,Austin,TX,25-34,TRUE
B14995,Wilmington,DE,35 to 44,yes
B14379,Chicago,IL,45 to 54,TRUE
B09666,Wilmington,DE,55+,N
B11984,Houston,TX,45-54,Y
B17933,Richmond,VA,45-54,TRUE
B09633,Philly,PA,35-44,Y
B03356,Las Vegas,NV,35-44,Y
B03088,Las Vegas,NV,18-24,yes
B14131,Detroit,MI,18-24,Y
B05333,Atlanta,GA,35-44,Yes
B03211,Las Vegas,NV,25-34,Yes
B13851,Miami,FL,35-44,Y
B04400,Las Vegas,NV,25-34,FALSE
B11464,San Antonio,TX,55+,Yes
B06253,Atlanta,GA,18 to 24,N
B02128,New York,NY,45-54,Y
B17917,Los Angeles,CA,35-44,
B11303,Camden,NJ,25-34,N
B05707,Atlanta,GA,35 to 44,FALSE
B00336,NYC,NY,45 to 54,
B08337,Baltimore,MD,18-24,yes
B11460,Houston,TX,25-34,Yes
B16771,Phoenix,AZ,25-34,FALSE
B12200,Houston,TX,35-44,
B15357,Detroit,MI,18-24 ,TRUE
B09985,Camden,NJ,25-34,FALSE
B00289,,NY,25-34,Y
B14600,Charlotte,NC,55+,yes
B16927,Birmingham,AL,18-24,Y
B13305,Dallas,TX,25-34,Y
B00340,New York,NY,25-34,FALSE
B07934,Baltimore,MD,45-54,N
B18381,Birmingham,AL,35-44,Yes
B08646,Baltimore,MD,25-34,FALSE
B00278,New York,NY,25-34,TRUE
B02450,New York,NY,25-34,N
B01146,NYC,NY,25-34,Yes
B06186,Atlanta,GA,35-44,Y
B16904,Richmond,VA,35-44,TRUE
B00682,New York,NY,55+,FALSE
B08858,,DC,25-34,Y
B15283,Phoenix,AZ,35-44,
B07957,Washington,DC,18-24,yes
B05314,Atlanta,GA,45-54,Y
B12291,Austin,TX,35-44,Yes
B15614,Birmingham,AL,45 to 54,TRUE
B15210,Baltimore,MD,35-44,No
B18088,Baltimore,MD,25-34,TRUE
B05836,ATL,GA,25-34,Yes
B11931,San Antonio,TX,25-34,Y
B08001,Washington,DC,45-54,FALSE
B18285,Charlotte,NC,18-24,N
B16249,Wilmington,DE,35 to 44,TRUE
B04746,Las Vegas,NV,55 plus,TRUE
B09715,Wilmington,DE,25-34,Yes
B06697,Atlanta,GA,25 to 34,No
B13842,Birmingham,AL,25-34yrs,yes
B01152,New York,NY,45 to 54,yes
B14435,Wilmington,DE,45-54,Yes
B02514,New York,NY,35-44,Y
B15928,Newark,NJ,25-34,
B01881,New York,NY,25-34,No
B10960,Philly,PA,45-54,TRUE
B14264,Baltimore,MD,25-34,Y
B03567,Las Vegas,NV,18 to 24,N
B13829,San Antonio,TX,55+,
B00366,New York,NY,45-54,FALSE
B15537,Chicago,IL,18 to 24,TRUE
B02427,New York,NY,25-34,FALSE
B08997,Baltimore,MD,35-44,FALSE
B09651,Camden,NJ,35-44,FALSE
B11486,Houston,TX,35-44,Y
B05894,Atlanta,GA,35 to 44,TRUE
B02555,"new york, ny",NY,25-34,TRUE
B14364,Chicago,IL,25-34,TRUE
B03046,Vegas,NV,18-24,yes
B06341,Atlanta,GA,35-44,yes
B04342,Las Vegas,NV,25-34,Y
B02957,Las Vegas,NV,25-34,TRUE
B13961,Miami,FL,18-24,Y
B12126,Austin,TX,18-24 ,Yes
B17704,Camden,NJ,18-24,FALSE
B05342,Atlanta,GA,55+,Y
B11512,Austin,TX,45 to 54,No
B13765,Richmond,VA,35-44,N
B03217,Las Vegas,NV,35-44,TRUE
B03437,Las Vegas,NV,25-34,Y
B17874,Miami,FL,35-44,Y
B02621,Vegas,NV,35-44,yes
B13348,Detroit,MI,25-34,yes
B04669,Las Vegas,NV,25-34,Yes
B01542,New York,NY,25-34,FALSE
B00180,New York,NY,18 to 24,Y
B11997,Austin,TX,35-44,TRUE
B11801,San Antonio,TX,25-34,N
B00214,New York,NY,18 to 24,FALSE
B00440,New York,NY,25-34,yes
B00817,New York,NY,25-34,yes
B02297,New York,NY,35-44,
B15712,Miami,FL,18 to 24,
B14042,Philly,PA,25-34,yes
B14174,Atlanta,GA,18-24,TRUE
B09596,Washington,DC,25-34,yes
B01733,NYC,NY,18-24,TRUE
B05243,Atlanta,GA,25-34,
B14908,Houston,TX,45-54,Y
B18351,Charlotte,NC,18-24,Yes
B12515,Austin,TX,25-34yrs,Y
B11511,Houston,TX,35-44,N
B13447,Baltimore,MD,25-34,
B11541,Austin,TX,25-34,TRUE
B05241,Atlanta,GA,35-44,Y
B03478,Las Vegas,NV,35-44,N
B11698,Houston,TX,55+,TRUE
B01894,New York,NY,35 to 44,TRUE
B08091,Baltimore,MD,35-44,yes
B02829,Las Vegas,NV,25-34,yes
B04021,Las Vegas,NV,18-24,FALSE
B00991,New York,NY,55+,Y
B07857,Baltimore,MD,18-24,Yes
B04573,Las Vegas,NV,55+,yes
B16680,Los Angeles,CA,25-34,Yes
B11771,San Antonio,TX,35 to 44,TRUE
B10477,Wilmington,DE,25-34,Yes
B14099,Houston,TX,18-24,TRUE
B08345,Washington,DC,25-34,No
B16314,Birmingham,AL,55+,Y
B16826,Birmingham,AL,45-54,Yes
B14685,Baltimore,MD,25-34,No
B02571,,NY,25-34,No
B01543,New York,NY,45-54,Y
B07195,Atlanta,GA,35-44,
B08029,DC,DC,35-44,Yes
B03569,Las Vegas,NV,25-34,yes
B07932,Baltimore,MD,45 to 54,Yes
B09827,Camden,NJ,18-24,Yes
B01264,"new york, ny",NY,45-54,yes
B00112,New York,NY,25-34,TRUE
B08172,Baltimore,MD,25-34,No
B09777,Wilmington,DE,25-34,
B11432,Austin,TX,18-24,yes
B10322,Wilmington,DE,55+,N
B16536,Detroit,MI,55+,yes
B02675,Las Vegas,NV,45-54,Y
B02119,NYC,NY,45-54,
B16869,Dallas,TX,25-34,Y
B15018,Austin,TX,25-34,TRUE
B02287,"new york, ny",NY,25 to 34,yes
B03982,Las Vegas,NV,18-24,Y
B16730,Las Vegas,NV,45 to 54,Y
B07678,Atlanta,GA,25-34,TRUE
B18110,Birmingham,AL,45-54,Yes
B00235,New York,NY,25-34,Yes
B03424,Vegas,NV,18-24,Yes
B07520,Atlanta,GA,35 to 44,
B17318,New York,NY,25-34,Yes
B05373,Atlanta,GA,18-24,yes
B08046,Baltimore,MD,45-54,Yes
B17720,New York,NY,18-24,No
B14934,HTX,TX,18-24,No
B01400,New York,NY,35 to 44,yes
B13963,Chicago,IL,45-54,N
B03835,Las Vegas,NV,45-54,
B13042,San Antonio,TX,25-34,No
B02221,New York,NY,25-34,Y
B07877,Baltimore,MD,18-24,FALSE
B11325,,PA,18-24,yes
B16975,Philly,PA,45 to 54,TRUE
B07833,Baltimore,MD,25-34,N
B10408,Wilmington,DE,25-34,N
B05852,Atlanta,GA,25-34,Yes
B14492,Charlotte,NC,25-34,No
B06604,Atlanta,GA,35-44,Yes
B15849,Richmond,VA,25-34,Yes
B05822,Atlanta,GA,25-34,Yes
B07993,Washington,DC,35 to 44,yes
B16560,Philadelphia,PA,25-34,Y
B17414,Detroit,MI,35 to 44,TRUE
B07828,Washington,DC,18 to 24,yes
B00771,,NY,45-54,Y
B17420,New York,NY,25 to 34,No
B01308,New York,NY,25-34yrs,Y
B14857,Austin,TX,35-44,Yes
B04595,Las Vegas,NV,45-54,N
B01769,NYC,NY,25-34,
B15750,HTX,TX,18-24,Yes
B02396,New York,NY,18-24,
B16988,Wilmington,DE,45-54,TRUE
B10044,Wilmington,DE,55 plus,yes
B08297,Washington,DC,18-24,No
B00005,New York,NY,25-34yrs,Y
B14652,Los Angeles,CA,25 to 34,Y
B14696,Chicago,IL,18-24 ,FALSE
B03085,Las Vegas,NV,45 to 54,
B11838,Austin,TX,25-34,No
B13535,Chicago,IL,35-44,
B11270,Camden,NJ,45-54,yes
B15058,Wilmington,DE,55+,TRUE
B08694,Baltimore,MD,18-24,TRUE
B00368,"new york, ny",NY,25-34,yes
B13705,,GA,25 to 34,Y
B03254,Las Vegas,NV,25-34yrs,Yes
B03650,Las Vegas,NV,35-44,No
B13495,Washington,DC,25-34yrs,
B01279,New York,NY,35 to 44,yes
B09548,Washington,DC,35-44,
B17834,Baltimore,MD,45-54,Y
B13858,Dallas,TX,35-44,No
B11849,Houston,TX,35-44,Yes
B15343,Birmingham,AL,35-44,N
B16284,Philadelphia,PA,25-34,
B16495,Chicago,IL,55+,TRUE
B17259,Las Vegas,NV,25-34,Yes
B00147,New York,NY,35-44,yes
B05452,Atlanta,GA,45-54,N
B05578,Atlanta,GA,25-34,N
B09769,Camden,NJ,18-24,Yes
B14176,Wilmington,DE,55+,yes
B07951,Baltimore,MD,25-34,Y
B15335,Las Vegas,NV,45-54,yes
B13244,Philadelphia,PA,18-24,No
B07838,Baltimore,MD,45-54,Yes
B08744,Baltimore,MD,45-54,N
B11176,Camden,NJ,35-44,No
B03397,Las Vegas,NV,18-24,TRUE
B12077,Austin,TX,18-24,TRUE
B10017,Camden,NJ,55+,Y
B08939,Baltimore,MD,35-44,No
B14328,Los Angeles,CA,55+,Yes
B08273,Washington,DC,25-34,Yes
B13149,Houston,TX,45-54,N
B00302,New York,NY,25-34,TRUE
B09891,Camden,NJ,35-44,yes
B17028,Birmingham,AL,55 +,
B00134,"new york, ny",NY,35-44,yes
B09947,Philadelphia,PA,25-34,N
B02801,Las Vegas,NV,55+,yes
B00224,New York,NY,25-34,FALSE
B09623,Wilmington,DE,45 to 54,No
B14659,Baltimore,MD,45-54,No
B14056,San Antonio,TX,18-24,yes
B12867,SA,TX,25-34,FALSE
B10260,Camden,NJ,35-44,FALSE
B14419,Miami,FL,25-34,FALSE
B07822,Washington,DC,45-54,Y
B01786,New York,NY,45-54,Y
B15014,Dallas,TX,45 to 54,Y
B13140,San Antonio,TX,35-44,No
B14464,Richmond,VA,18-24,No
B00223,New York,NY,18-24 ,TRUE
B10148,Wilmington,DE,35-44,FALSE
B12578,HTX,TX,55 plus,yes
B14950,Dallas,TX,55+,TRUE
B11083,Wilmington,DE,35 to 44,No
B03153,Las Vegas,NV,25-34,
B15909,Atlanta,GA,45 to 54,
B05924,Atlanta,GA,35-44,No
B17346,Charlotte,NC,18-24,TRUE
B15852,Detroit,MI,18-24 ,N
B05295,Atlanta,GA,25-34,TRUE
B13232,Charlotte,NC,18-24,Yes
B11552,San Antonio,TX,35-44,
B11834,San Antonio,TX,55+,TRUE
B02753,Las Vegas,NV,45-54,yes
B03106,Vegas,NV,35-44,No
B17880,,NC,18-24,TRUE
B01665,New York,NY,18-24,Y
B01973,NYC,NY,25-34,No
B00091,New York,NY,35-44,Y
B16945,Philadelphia,PA,25-34,Y
B17712,Wilmington,DE,25-34yrs,
B14081,Houston,TX,55+,N
B09837,Philly,PA,35-44,No
B16350,Birmingham,AL,35-44,Y
B05807,Atlanta,GA,45 to 54,yes
B01209,,NY,25 to 34,No
B08917,Washington,DC,35-44,yes
B11651,SA,TX,18-24,No
B05463,Atlanta,GA,18-24,yes
B13134,Houston,TX,18-24,Y
B00251,NYC,NY,45-54,yes
B11580,Houston,TX,35-44,FALSE
B05028,Las Vegas,NV,25-34,N
B02974,Las Vegas,NV,25-34,Y
B02694,Las Vegas,NV,35-44,yes
B15633,Newark,NJ,18-24,N
B12017,Houston,TX,25-34,FALSE
B03219,Vegas,NV,18-24,yes
B01174,NYC,NY,25-34,Yes
B12924,Austin,TX,45-54,Yes
B16553,Los Angeles,CA,25-34,No
B03349,Las Vegas,NV,25-34,yes
B15466,Las Vegas,NV,25-34,TRUE
B14709,Charlotte,NC,25-34,No
B13839,Baltimore,MD,25-34,FALSE
B09744,Wilmington,DE,25-34,yes
B01563,New York,NY,55 +,Y
B17233,Atlanta,GA,35-44,yes
B12422,San Antonio,TX,18-24,FALSE
B09408,Baltimore,MD,55+,
B14028,Richmond,VA,25-34,Yes
B13838,Richmond,VA,25-34yrs,No
B05275,atlanta,GA,35 to 44,N
B12335,Austin,TX,25-34,N
B02339,New York,NY,45-54,Y
B07072,Atlanta,GA,25-34,FALSE
B10109,Philadelphia,PA,18 to 24,N
B16556,Baltimore,MD,55+,N
B11772,Houston,TX,35-44,N
B10970,Camden,NJ,18-24,
B16007,Atlanta,GA,25-34,yes
B17212,Philadelphia,PA,25-34,Y
B15124,Dallas,TX,45-54,
B14774,Newark,NJ,25-34,yes
B01293,New York,NY,25-34,No
B08111,Washington,DC,18-24,Y
B15768,Charlotte,NC,35 to 44,Y
B12803,Houston,TX,55+,No
B09676,Philadelphia,PA,45-54,Yes
B15999,Newark,NJ,25-34,Yes
B02730,Las Vegas,NV,25-34,Yes
B14073,Baltimore,MD,25-34,Yes
B07941,Washington,DC,18-24,Yes
B11483,San Antonio,TX,18-24,yes
B13914,Washington,DC,25-34,Yes
B16212,Charlotte,NC,35-44,
B06255,Atlanta,GA,25-34,No
B08751,Baltimore,MD,25 to 34,Y
B14333,Dallas,TX,25-34,No
B16740,San Antonio,TX,55+,No
B14262,New York,NY,18-24,Yes
B02199,"new york, ny",NY,35-44,
B10372,Philadelphia,PA,35-44,TRUE
B18161,San Antonio,TX,18-24,Yes
B15755,Los Angeles,CA,18-24 ,TRUE
B14355,Houston,TX,55+,Y
B10435,Philadelphia,PA,35-44,Yes
B10533,Wilmington,DE,35-44,yes
B18133,Detroit,MI,45-54,Yes
B01856,New York,NY,18-24,TRUE
B06230,Atlanta,GA,35-44,Yes
B01635,New York,NY,25-34,TRUE
B00999,New York,NY,18-24,N
B07888,Washington,DC,25-34,yes
B16836,NYC,NY,25-34,yes
B12217,Houston,TX,35-44,yes
B16939,Houston,TX,45 to 54,Yes
B18266,Philadelphia,PA,25-34,FALSE
B00496,New York,NY,35 to 44,yes
B12121,Austin,TX,25-34,Y
B13103,Houston,TX,55+,yes
B05593,Atlanta,GA,45 to 54,
B05470,Atlanta,GA,25-34,Y
B02142,New York,NY,18 to 24,Y
B18217,Charlotte,NC,25-34,N
B02612,Las Vegas,NV,25-34,TRUE
B02842,Vegas,NV,35 to 44,TRUE
B09693,Philadelphia,PA,45-54,TRUE
B14918,Birmingham,AL,25-34,Yes
B11951,SA,TX,25-34yrs,No
B14267,,NJ,35-44,No
B10258,Camden,NJ,45-54,yes
B15687,Miami,FL,55 plus,FALSE
B17954,Austin,TX,25-34,
B14377,Richmond,VA,18-24 ,Y
B14732,New York,NY,45-54,Yes
B00181,New York,NY,18-24,Y
B01236,New York,NY,25-34,N
B09880,Wilmington,DE,25-34,TRUE
B15260,Baltimore,MD,55 plus,FALSE
B17452,Phoenix,AZ,35-44,Yes
B05770,Atlanta,GA,25-34,N
B01047,New York,NY,25-34yrs,
B09787,Philadelphia,PA,35-44,N
B02567,,NY,35-44,Y
B15830,Austin,TX,25-34,Yes
B14488,Newark,NJ,25-34,yes
B04639,Las Vegas,NV,25-34,TRUE
B13513,Newark,NJ,25-34,yes
B08138,Baltimore,MD,45-54,N
B10072,Camden,NJ,25-34,TRUE
B00143,New York,NY,35-44,Yes
B08525,Baltimore,MD,25 to 34,
B05959,Atlanta,GA,25-34,Y
B16190,Detroit,MI,25-34,yes
B17719,Washington,DC,18-24,Y
B14841,Newark,NJ,35 to 44,FALSE
B17962,Las Vegas,NV,35-44,FALSE
B09098,Baltimore,MD,55+,N
B18326,Richmond,VA,25-34,FALSE
B17362,Miami,FL,25-34,Y
B03808,Las Vegas,NV,25-34,
B03315,Las Vegas,NV,45-54,N
B09278,Washington,DC,18-24,FALSE
B04884,Las Vegas,NV,25-34,TRUE
B07859,Baltimore,MD,35 to 44,TRUE
B15561,,NC,35-44,FALSE
B15688,atlanta,GA,25-34,Yes
B14440,Wilmington,DE,18-24,N
B16431,San Antonio,TX,35 to 44,FALSE
B16328,Phoenix,AZ,35 to 44,Yes
B00495,New York,NY,55 plus,FALSE
B09885,Wilmington,DE,18-24,No
B14040,,NY,55+,Yes
B14675,Chicago,IL,25-34,
B00692,New York,NY,25-34,Yes
B05623,Atlanta,GA,35 to 44,Yes
B15857,Los Angeles,CA,25-34,N
B10105,Wilmington,DE,35 to 44,Yes
B17924,Wilmington,DE,18-24,TRUE
B16319,Houston,TX,18-24,TRUE
B08797,Washington,DC,35-44,Yes
B01604,NYC,NY,25-34,N
B03156,Las Vegas,NV,55+,Yes
B11888,HTX,TX,35-44,
B17525,HTX,TX,45 to 54,yes
B01692,New York,NY,45-54,TRUE
B10875,Philadelphia,PA,35-44,Yes
B08853,Baltimore,MD,45 to 54,Y
B14501,Baltimore,MD,18-24 ,N
B13217,Newark,NJ,45-54,No
B15501,New York,NY,18-24,Y
B16681,Phoenix,AZ,25-34,N
B04276,Las Vegas,NV,55+,N
B14006,Washington,DC,25-34,FALSE
B17988,Newark,NJ,25-34,TRUE
B13640,Las Vegas,NV,25-34yrs,Y
B07765,Atlanta,GA,25-34,
B15847,Miami,FL,25-34,yes
B05268,Atlanta,GA,35-44,
B10778,Philadelphia,PA,35-44,N
B05316,Atlanta,GA,25-34,yes
B08581,Baltimore,MD,25-34yrs,yes
B14044,Richmond,VA,45-54,
B09859,Philadelphia,PA,25-34,Yes
B06365,Atlanta,GA,25-34yrs,yes
B17033,Wilmington,DE,25-34,No
B15791,,IL,45-54,TRUE
B15196,Newark,NJ,25-34,yes
B01982,New York,NY,55 plus,TRUE
B09053,"Washington, D.C.",DC,18-24,Yes
B09331,Washington,DC,45-54,No
B03628,Las Vegas,NV,25-34,Y
B16973,Charlotte,NC,35-44,No
B07958,Baltimore,MD,18 to 24,
B01924,New York,NY,25 to 34,Y
B09911,Camden,NJ,18-24,
B18189,Baltimore,MD,55+,yes
B11132,Wilmington,DE,25-34,TRUE
B15167,Detroit,MI,25-34,TRUE
B12720,Austin,TX,35 to 44,TRUE
B15726,Baltimore,MD,18-24,Y
B00556,New York,NY,18-24,No
B01051,New York,NY,35 to 44,FALSE
B15180,New York,NY,18-24,Yes
B12467,Austin,TX,25-34,TRUE
B15582,Dallas,TX,25-34,Yes
B09966,Wilmington,DE,55+,yes
B04820,Las Vegas,NV,35-44,No
B11415,Austin,TX,35 to 44,
B11543,San Antonio,TX,25-34,FALSE
B03948,,NV,35 to 44,Yes
B04417,Las Vegas,NV,25-34,
B01782,New York,NY,35-44,Yes
B00554,New York,NY,18-24,Yes
B01113,New York,NY,25-34,
B13868,Los Angeles,CA,35-44,FALSE
B13203,New York,NY,25-34,No
B01928,NYC,NY,18-24,yes
B03691,Vegas,NV,55+,No
B07565,Atlanta,GA,55+,No
B13326,Chicago,IL,25-34,Yes
B14670,Richmond,VA,25-34,No
B17692,Las Vegas,NV,25-34,Y
B05294,Atlanta,GA,25-34,Yes
B16362,Richmond,VA,25-34,N
B01079,New York,NY,45-54,No
B02783,Las Vegas,NV,35-44,No
B03824,Las Vegas,NV,25-34yrs,
B07812,"Washington, D.C.",DC,35-44,TRUE
B14260,Austin,TX,45-54,Y
B03476,Las Vegas,NV,25-34,yes
B01805,New York,NY,35-44,yes
B15484,Newark,NJ,18 to 24,TRUE
B17931,Charlotte,NC,35-44,N
B00100,New York,NY,45-54,Yes
B18200,Phoenix,AZ,35-44,yes
B11312,Philadelphia,PA,25-34,N
B00578,New York,NY,55+,TRUE
B13004,San Antonio,TX,35-44,
B02162,New York,NY,35-44,No
B02822,Las Vegas,NV,18-24,TRUE
B02810,Las Vegas,NV,25-34,Yes
B02626,Vegas,NV,18-24,
B13846,HTX,TX,25-34,FALSE
B09169,Washington,DC,18-24,yes
B00647,New York,NY,35-44,TRUE
B06834,Atlanta,GA,18-24,Y
B10930,Wilmington,DE,18-24,yes
B14611,New York,NY,35-44,
B11829,San Antonio,TX,18-24,Yes
B02939,Las Vegas,NV,55+,Y
B14604,Birmingham,AL,45-54,N
B12270,Austin,TX,35-44,Y
B14089,Wilmington,DE,25-34,Y
B10181,Camden,NJ,25-34,No
B02982,Las Vegas,NV,25-34,No
B00635,New York,NY,55+,
B02026,New York,NY,35 to 44,Y
B08769,Baltimore,MD,35-44,TRUE
B16051,Miami,FL,35 to 44,yes
B14974,Philadelphia,PA,35-44,Yes
B03403,Las Vegas,NV,25-34,Y
B08142,Baltimore,MD,35-44,yes
B14175,Richmond,VA,45 to 54,Yes
B12015,Houston,TX,25 to 34,FALSE
B17258,Newark,NJ,45-54,Yes
B00704,"new york, ny",NY,25-34,FALSE
B14453,,VA,18-24 ,Y
B12348,San Antonio,TX,35-44,N
B15091,Camden,NJ,25-34,TRUE
B18112,Philadelphia,PA,35-44,TRUE
B09012,Baltimore,MD,25-34,No
B18005,Charlotte,NC,25-34,N
B00252,New York,NY,45-54,FALSE
B01237,New York,NY,25-34,
B02516,New York,NY,25-34,
B08906,DC,DC,25-34,Yes
B14284,Charlotte,NC,35-44,Yes
B05266,Atlanta,GA,25-34,FALSE
B16848,Austin,TX,45 to 54,N
B05354,Atlanta,GA,45-54,N
B01596,New York,NY,35-44,Yes
B17198,Detroit,MI,45-54,TRUE
B02170,New York,NY,55+,Yes
B13430,San Antonio,TX,25-34,yes
B00672,New York,NY,55+,FALSE
B09346,Baltimore,MD,45-54,
B06425,Atlanta,GA,18-24,FALSE
B12995,Houston,TX,55+,FALSE
B18001,Philly,PA,25-34yrs,N
B14536,Phoenix,AZ,25-34yrs,TRUE
B06254,Atlanta,GA,25-34,No
B01640,New York,NY,35 to 44,No
B15899,atlanta,GA,25-34,TRUE
B16343,Los Angeles,CA,35-44,FALSE
B02133,New York,NY,45 to 54,FALSE
B14855,Birmingham,AL,55 plus,N
B14311,Birmingham,AL,45-54,Y
B00468,New York,NY,25-34,No
B15079,Wilmington,DE,45-54,Y
B00807,New York,NY,35-44,TRUE
B16605,Los Angeles,CA,18-24,No
B07122,atlanta,GA,25-34,FALSE
B02846,Las Vegas,NV,55+,
B17353,Los Angeles,CA,35-44,yes
B14912,NYC,NY,35 to 44,Yes
B12095,Austin,TX,45-54,FALSE
B12582,,TX,25-34,TRUE
B03376,Las Vegas,NV,25-34,No
B15244,Miami,FL,35-44,TRUE
B11265,Camden,NJ,55+,Yes
B06920,Atlanta,GA,25-34,TRUE
B09435,Baltimore,MD,35-44,Yes
B17244,Miami,FL,45-54,Y
B05940,Atlanta,GA,35-44,No
B15299,Baltimore,MD,35-44,Yes
B13943,Phoenix,AZ,18-24,Yes
B14936,,TX,45-54,Y
B15704,"new york, ny",NY,35-44,N
B02417,"new york, ny",NY,35-44,Y
B09743,Philadelphia,PA,25 to 34,N
B12609,Austin,TX,35-44,Yes
B08325,Baltimore,MD,45-54,No
B05854,Atlanta,GA,25-34,Yes
B15437,Richmond,VA,25-34,FALSE
B07115,ATL,GA,18-24,
B03706,Las Vegas,NV,25-34yrs,yes
B07643,Atlanta,GA,25 to 34,
B08672,Washington,DC,45 to 54,TRUE
B13116,Austin,TX,55+,Yes
B14520,Austin,TX,45-54,FALSE
B05892,ATL,GA,25-34,yes
B12068,San Antonio,TX,35-44,Yes
B08674,Washington,DC,55+,N
B16052,Phoenix,AZ,25-34yrs,Y
B08205,Washington,DC,25-34,yes
B03000,Las Vegas,NV,55+,Y
B08016,Baltimore,MD,55+,yes
B15850,Atlanta,GA,18-24,
B10645,Wilmington,DE,45-54,yes
B09645,Philly,PA,45-54,Y
B02936,Las Vegas,NV,35-44,Y
B01726,New York,NY,25-34,Yes
B07552,atlanta,GA,35-44,Y
B03440,Las Vegas,NV,45-54,TRUE
B02012,New York,NY,35-44,TRUE
B16859,San Antonio,TX,45-54,TRUE
B11331,Wilmington,DE,25 to 34,N
B16887,Detroit,MI,35 to 44,Yes
B01912,"new york, ny",NY,35-44,FALSE
B13771,New York,NY,25-34,yes
B01784,New York,NY,55+,Yes
B07419,Atlanta,GA,25-34,yes
B03620,Las Vegas,NV,35-44,N
B02550,New York,NY,55+,FALSE
B01102,New York,NY,25-34,Yes
B10504,Camden,NJ,25-34,
B12941,Austin,TX,25-34,yes
B14084,New York,NY,45-54,FALSE
B13880,Los Angeles,CA,18-24,No
B13625,Los Angeles,CA,55 plus,N
B03030,Vegas,NV,25-34,yes
B05011,Las Vegas,NV,35-44,TRUE
B11818,San Antonio,TX,18 to 24,TRUE
B12487,Austin,TX,35-44,yes
B16244,Wilmington,DE,35-44,FALSE
B14705,Atlanta,GA,18-24,No
B16286,Newark,NJ,35-44,FALSE
B10278,Camden,NJ,25-34yrs,FALSE
B10556,Wilmington,DE,18-24,TRUE
B04576,Las Vegas,NV,55 +,FALSE
B15503,Birmingham,AL,18-24,Yes
B13062,San Antonio,TX,25-34,
B02918,Las Vegas,NV,35-44,FALSE
B07826,Washington,DC,18-24,yes
B16930,Detroit,MI,18-24 ,TRUE
B00922,,NY,25-34,Yes
B08095,Washington,DC,18-24,N
B08723,Baltimore,MD,18-24,FALSE
B11583,San Antonio,TX,35-44,No
B17304,Philadelphia,PA,25-34,Yes
B18339,Los Angeles,CA,25 to 34,TRUE
B12166,San Antonio,TX,25 to 34,TRUE
B13753,Los Angeles,CA,35-44,Y
B09066,Baltimore,MD,25-34,FALSE
B14970,San Antonio,TX,18-24,No
B00131,New York,NY,18-24,FALSE
B11732,Austin,TX,45-54,
B14428,Wilmington,DE,25-34yrs,Yes
B16259,Phoenix,AZ,25-34,FALSE
B17009,Richmond,VA,35-44,FALSE
B09538,Baltimore,MD,18-24,
B07188,ATL,GA,35-44,No
B08470,Washington,DC,18-24,FALSE
B00794,New York,NY,25-34,TRUE
B11854,Austin,TX,45-54,FALSE
B05407,Atlanta,GA,25-34,Y
B02703,Las Vegas,NV,35-44,Y
B08226,Baltimore,MD,35-44,Y
B18047,Newark,NJ,25-34,No
B09620,Camden,NJ,18-24,Y
B09844,Camden,NJ,18-24,FALSE
B00770,New York,NY,45-54,Y
B03957,Las Vegas,NV,35 to 44,Y
B16230,Los Angeles,CA,18-24,TRUE
B00246,New York,NY,55+,
B13723,Baltimore,MD,35-44,Yes
B16069,Birmingham,AL,18-24,yes
B17843,Phoenix,AZ,35-44,No
B01584,,NY,55+,FALSE
B15377,Los Angeles,CA,35 to 44,yes
B13600,Austin,TX,18-24,Y
B08225,Washington,DC,18-24,Y
B01688,New York,NY,25-34,N
B03911,Las Vegas,NV,25-34,No
B15097,Wilmington,DE,25-34yrs,
B13582,Miami,FL,35-44,N
B08292,Baltimore,MD,25-34,yes
B15239,Detroit,MI,25-34,N
B09333,DC,DC,35-44,TRUE
B09265,Baltimore,MD,18-24,yes
B02665,Las Vegas,NV,35-44,Yes
B17505,Philly,PA,45-54,Yes
B05357,atlanta,GA,35-44,No
B04330,Vegas,NV,35-44,TRUE
B13401,Houston,TX,25-34,N
B09444,Baltimore,MD,25-34,Yes
B03431,Las Vegas,NV,25-34,N
B14400,Vegas,NV,45-54,N
B01552,"new york, ny",NY,45 to 54,Yes
B09205,Baltimore,MD,18-24,TRUE
B00271,NYC,NY,25-34,TRUE
B02454,New York,NY,25-34,Y
B15754,Phoenix,AZ,35-44,Y
B11703,Houston,TX,25-34,Y
B02768,Vegas,NV,45-54,Y
B02384,"new york, ny",NY,35-44,FALSE
B07038,atlanta,GA,35-44,FALSE
B01490,New York,NY,35 to 44,N
B08053,Baltimore,MD,18-24,FALSE
B09483,Washington,DC,55+,FALSE
B17848,Los Angeles,CA,45-54,yes
B02406,New York,NY,18-24,yes
B14414,Philadelphia,PA,18-24,yes
B14739,Houston,TX,35 to 44,Yes
B14586,Phoenix,AZ,18-24,N
B03699,Las Vegas,NV,35 to 44,N
B02643,Las Vegas,NV,55 plus,N
B02710,Las Vegas,NV,45-54,TRUE
B17630,Houston,TX,35-44,TRUE
B05757,ATL,GA,25-34,N
B15700,Philadelphia,PA,25-34,Yes
B10234,Wilmington,DE,25-34,No
B09735,Camden,NJ,25-34,No
B15420,Houston,TX,35-44,No
B09375,Washington,DC,35-44,
B14584,Atlanta,GA,35 to 44,Yes
B01127,New York,NY,25-34,Yes
B15085,Charlotte,NC,18-24,TRUE
B12399,Houston,TX,25-34,Yes
B10647,Philadelphia,PA,18-24,
B15751,Phoenix,AZ,55 +,FALSE
B06389,Atlanta,GA,35-44,Yes
B02925,Las Vegas,NV,18-24,Y
B11487,Austin,TX,25-34,Y
B15661,Newark,NJ,18-24,yes
B17534,Miami,FL,55+,Y
B08753,Washington,DC,25-34,Yes
B01523,New York,NY,45-54,Y
B13793,Philadelphia,PA,55+,Y
B02326,New York,NY,25-34,yes
B17186,Newark,NJ,45-54,yes
B15615,Camden,NJ,25-34,No
B14837,Chicago,IL,55+,FALSE
B06087,Atlanta,GA,55+,Yes
B17370,Philly,PA,45 to 54,yes
B14171,Birmingham,AL,25-34yrs,N
B13990,Charlotte,NC,45-54,Y
B07519,Atlanta,GA,55+,
B13267,New York,NY,45-54,N
B13777,Charlotte,NC,35-44,No
B14426,New York,NY,35-44,N
B15408,Philadelphia,PA,18-24,TRUE
B01673,New York,NY,25-34,No
B02825,Las Vegas,NV,25-34,
B00629,New York,NY,45-54,No
B00993,New York,NY,25-34,No
B13589,Miami,FL,55+,Yes
B14698,Wilmington,DE,45-54,No
B12026,Austin,TX,35-44,No
B02506,New York,NY,18-24,Y
B07438,,GA,35-44,TRUE
B11127,Camden,NJ,35-44,yes
B06602,ATL,GA,35-44,yes
B10413,Camden,NJ,25-34,No
B03117,Las Vegas,NV,25-34,Y
B05131,Las Vegas,NV,25-34,yes
B14978,Richmond,VA,18-24,FALSE
B10393,Philadelphia,PA,35-44,TRUE
B14334,Washington,DC,35 to 44,
B10949,Philadelphia,PA,18-24,TRUE
B16981,Phoenix,AZ,25-34,yes
B15297,Miami,FL,25-34,yes
B14731,Los Angeles,CA,25 to 34,yes
B13371,Newark,NJ,35-44,Yes
B09016,"Washington, D.C.",DC,18-24,yes
B09893,,PA,25-34,
B12089,HTX,TX,18-24,Y
B01452,New York,NY,25-34,TRUE
B13971,Miami,FL,25-34,N
B14959,Miami,FL,35-44,yes
B12056,Austin,TX,55+,N
B02155,"new york, ny",NY,25-34,Yes
B01134,New York,NY,45-54,Y
B00230,"new york, ny",NY,25-34,N
B14590,Phoenix,AZ,35-44,TRUE
B06991,Atlanta,GA,35-44,Y
B17855,Birmingham,AL,18-24,Y
B08042,Baltimore,MD,18-24,
B17839,Chicago,IL,25-34,Yes
B14134,Philadelphia,PA,25 to 34,TRUE
B15056,Chicago,IL,35-44,No
B15344,Wilmington,DE,18-24,TRUE
B14654,Birmingham,AL,18 to 24,Yes
B00674,"new york, ny",NY,25-34,No
B04552,Las Vegas,NV,45-54,yes
B06770,ATL,GA,35-44,Yes
B14035,Wilmington,DE,18-24,FALSE
B00275,New York,NY,25-34,Yes
B09998,Philadelphia,PA,45-54,Yes
B12800,Houston,TX,45-54,No
B01972,New York,NY,18-24,FALSE
B02668,Las Vegas,NV,18-24,No
B15044,Houston,TX,18 to 24,
B14445,Newark,NJ,18-24,FALSE
B09654,Wilmington,DE,55 +,yes
B08369,Washington,DC,25 to 34,Y
B13596,Charlotte,NC,45-54,No
B11916,Houston,TX,25-34,Yes
B04568,Las Vegas,NV,25-34,
B05336,Atlanta,GA,45-54,No
B09766,Camden,NJ,25-34yrs,N
B00279,New York,NY,35 to 44,FALSE
B17465,Camden,NJ,25-34,FALSE
B17290,Dallas,TX,18 to 24,Y
B00603,NYC,NY,25 to 34,yes
B13906,Dallas,TX,45-54,No
B08617,Washington,DC,18-24,N
B07863,Washington,DC,35-44,N
B05943,Atlanta,GA,25-34,TRUE
B09660,Camden,NJ,18-24,N
B04948,Vegas,NV,25-34,Y
B05904,Atlanta,GA,18-24,FALSE
B00431,,NY,25-34,yes
B13040,Austin,TX,35-44,Yes
B13864,Phoenix,AZ,25-34,yes
B14655,New York,NY,18-24,
B09534,Washington,DC,25-34yrs,Y
B16662,Philadelphia,PA,18-24,yes
B16816,Los Angeles,CA,45-54,N
B08967,Baltimore,MD,35-44,Yes
B01346,New York,NY,25-34,
B02739,Las Vegas,NV,25-34,TRUE
B08094,Baltimore,MD,18-24,Y
B00994,"new york, ny",NY,25-34,Yes
B03264,Vegas,NV,18-24,Y
B05282,Atlanta,GA,25-34,TRUE
B14060,Birmingham,AL,25-34yrs,N
B17435,Los Angeles,CA,18-24,TRUE
B04314,Vegas,NV,18-24,Y
B16325,Los Angeles,CA,45-54,TRUE
B10681,Wilmington,DE,18 to 24,Yes
B00735,New York,NY,55+,No
B02776,,NV,55+,Y
B13710,SA,TX,35-44,Yes
B12179,,TX,18-24,Y
B14944,Las Vegas,NV,25-34,
B05017,Las Vegas,NV,45-54,Yes
B00540,New York,NY,35 to 44,yes
B14157,Charlotte,NC,25-34yrs,FALSE
B17756,Philly,PA,25-34,
B09858,Philly,PA,35-44,TRUE
B03082,Las Vegas,NV,25-34,N
B03044,Las Vegas,NV,55 +,TRUE
B13901,Houston,TX,45-54,
B11275,Wilmington,DE,55+,N
B13516,Atlanta,GA,18-24,Y
B08067,Washington,DC,25-34,FALSE
B12683,San Antonio,TX,45 to 54,yes
B11999,San Antonio,TX,25-34yrs,TRUE
B16322,Phoenix,AZ,25-34,N
B13466,Los Angeles,CA,18 to 24,N
B14158,SA,TX,25-34,
B03430,Las Vegas,NV,25-34,
B14270,,NJ,35-44,FALSE
B10926,Camden,NJ,45-54,N
B03039,Las Vegas,NV,18-24,FALSE
B18175,Charlotte,NC,25-34,yes
B16142,Phoenix,AZ,55+,
B16626,Dallas,TX,25 to 34,yes
B07913,Baltimore,MD,18-24 ,Y
B15020,Detroit,MI,25-34yrs,TRUE
B11443,HTX,TX,25-34,TRUE
B17047,Los Angeles,CA,35 to 44,yes
B02303,New York,NY,18-24,yes
B17239,Camden,NJ,35-44,FALSE
B04356,Vegas,NV,45-54,N
B08026,Washington,DC,25-34,Yes
B16802,Austin,TX,18-24,yes
B12671,Houston,TX,35-44,Y
B15010,Los Angeles,CA,45-54,Yes
B05366,Atlanta,GA,25-34yrs,TRUE
B08329,Baltimore,MD,25-34,Yes
B03758,Las Vegas,NV,18-24,FALSE
B00155,New York,NY,55+,N
B11914,Houston,TX,25-34,TRUE
B13273,Austin,TX,25 to 34,FALSE
B11627,Houston,TX,35-44,N
B03011,Las Vegas,NV,35-44,Y
B13654,Birmingham,AL,25-34,Yes
B10509,Philadelphia,PA,25 to 34,TRUE
B00072,New York,NY,35-44,Yes
B15034,Los Angeles,CA,45-54,FALSE
B05487,Atlanta,GA,45 to 54,
B05498,ATL,GA,25-34,TRUE
B01030,New York,NY,18-24,No
B12439,Austin,TX,55+,Y
B16199,Newark,NJ,25-34,N
B03102,Las Vegas,NV,55+,FALSE
B18045,Phoenix,AZ,45-54,yes
B12806,Austin,TX,25-34,TRUE
B01212,New York,NY,45-54,Y
B03791,Las Vegas,NV,25-34,Y
B08127,Washington,DC,18 to 24,yes
B13165,Houston,TX,35-44,N
B11913,San Antonio,TX,45-54,N
B15147,Detroit,MI,35-44,N
B13456,Austin,TX,35-44,yes
B11453,Austin,TX,25-34,TRUE
B13092,San Antonio,TX,25-34,
B10421,Wilmington,DE,55+,TRUE
B16338,Camden,NJ,35 to 44,TRUE
B07969,Washington,DC,18-24 ,yes
B07848,Washington,DC,45 to 54,FALSE
B07813,Baltimore,MD,35 to 44,yes
B11895,San Antonio,TX,25-34,TRUE
B11661,Austin,TX,18-24,N
B04260,Las Vegas,NV,35-44,yes
B02763,Las Vegas,NV,18-24,N
B04081,Las Vegas,NV,25-34,No
B15591,Birmingham,AL,25-34,Yes
B14660,Houston,TX,25-34,Yes
B00721,New York,NY,18-24,N
B03112,Las Vegas,NV,25-34,Yes
B15951,Las Vegas,NV,25-34yrs,N
B04492,Las Vegas,NV,55 plus,FALSE
B12793,Austin,TX,25-34,No
B06919,ATL,GA,35-44,TRUE
B10712,Philly,PA,35-44,N
B13191,Houston,TX,55+,
B06790,Atlanta,GA,55 plus,N
B01937,New York,NY,45-54,Yes
B06766,,GA,35 to 44,No
B01509,New York,NY,55 plus,
B03934,Las Vegas,NV,18-24,Y
B09757,Philadelphia,PA,55+,Y
B13813,Birmingham,AL,35-44,N
B10445,Camden,NJ,18-24,Y
B14713,Charlotte,NC,18-24,Yes
B11348,Philadelphia,PA,45-54,yes
B10452,Philadelphia,PA,55 +,FALSE
B14173,Phoenix,AZ,35-44,FALSE
B06520,Atlanta,GA,45-54,TRUE
B13481,Los Angeles,CA,18-24,Yes
B17282,Charlotte,NC,25-34,TRUE
B14317,San Antonio,TX,45-54,TRUE
B15434,Miami,FL,25 to 34,
B08771,"Washington, D.C.",DC,18 to 24,Yes
B01162,New York,NY,55+,TRUE
B14552,Austin,TX,35-44,TRUE
B08621,Washington,DC,25-34yrs,yes
B11489,HTX,TX,25-34,N
B06536,Atlanta,GA,25-34,yes
B07004,Atlanta,GA,18 to 24,N
B16459,Las Vegas,NV,25-34,No
B14133,Baltimore,MD,35 to 44,Yes
B16290,Newark,NJ,35-44,Yes
B03449,Vegas,NV,35 to 44,TRUE
B14671,Phoenix,AZ,35-44,N
B14458,Los Angeles,CA,25-34,Yes
B12215,Austin,TX,25-34,yes
B01175,"new york, ny",NY,55 +,TRUE
B08508,Baltimore,MD,25-34,No
B05230,Atlanta,GA,25-34,Y
B16677,Newark,NJ,55+,TRUE
B13566,Birmingham,AL,35-44,yes
B11686,Houston,TX,45-54,TRUE
B16795,Las Vegas,NV,35-44,
B07896,Baltimore,MD,35-44,Yes
B16888,Miami,FL,55+,yes
B03514,Las Vegas,NV,45-54,Y
B00413,New York,NY,35 to 44,yes
B00039,New York,NY,35-44,yes
B17903,Charlotte,NC,45-54,FALSE
B13844,Los Angeles,CA,25-34,TRUE
B05594,Atlanta,GA,35-44,TRUE
B12944,Houston,TX,45-54,Y
B12118,Houston,TX,35 to 44,Y
B17884,Philadelphia,PA,45-54,Y
B13393,Charlotte,NC,35 to 44,TRUE
B03160,Las Vegas,NV,25-34,TRUE
B15611,Birmingham,AL,35 to 44,TRUE
B14743,Birmingham,AL,25 to 34,yes
B11077,Wilmington,DE,45-54,Yes
B02336,"new york, ny",NY,25-34,Yes
B02752,Vegas,NV,25-34,yes
B17059,Philadelphia,PA,18-24,Y
B14065,Baltimore,MD,25-34,N
B00960,New York,NY,25-34,FALSE
B13720,Birmingham,AL,25 to 34,Y
B09679,Wilmington,DE,45-54,TRUE
B11517,Houston,TX,25 to 34,Yes
B07517,ATL,GA,25 to 34,yes
B01220,NYC,NY,18-24,
B08887,Washington,DC,25-34,TRUE
B12030,San Antonio,TX,55 +,TRUE
B16860,Phoenix,AZ,25 to 34,N
B03048,Las Vegas,NV,25-34,Y
B09133,Washington,DC,35-44,Y
B08506,Washington,DC,35 to 44,Y
B06082,Atlanta,GA,35-44,N
B14672,"Washington, D.C.",DC,35-44,yes
B04358,Vegas,NV,25-34,
B08871,Baltimore,MD,25 to 34,
B16594,Houston,TX,25-34,
B12048,Austin,TX,18-24,
B13928,Richmond,VA,35-44,
B04665,Las Vegas,NV,35-44,yes
B09598,Baltimore,MD,18-24,TRUE
B13284,Baltimore,MD,35-44,yes
B01810,NYC,NY,35-44,yes
B13834,Los Angeles,CA,18-24,yes
B10243,Camden,NJ,45 to 54,
B00314,New York,NY,18-24,FALSE
B14277,Washington,DC,45-54,Y
B08437,Baltimore,MD,25-34,TRUE
B14547,Newark,NJ,18-24,yes
B15719,Birmingham,AL,45 to 54,yes
B14096,Miami,FL,35-44,TRUE
B09134,Washington,DC,35-44,Y
B03834,Las Vegas,NV,55+,Y
B06392,Atlanta,GA,18-24,FALSE
B17126,Miami,FL,18-24,FALSE
B02542,New York,NY,55 +,No
B16885,San Antonio,TX,55+,Y
B16891,Newark,NJ,55+,
B13959,Birmingham,AL,25-34,
B11021,Philly,PA,18-24,Y
B04809,Las Vegas,NV,25-34,yes
B13297,Charlotte,NC,18-24,FALSE
B09973,Camden,NJ,25-34,No
B00221,New York,NY,25-34,yes
B14127,Dallas,TX,45 to 54,yes
B17672,San Antonio,TX,35-44,
B08370,Baltimore,MD,18 to 24,FALSE
B11262,Philadelphia,PA,25-34,yes
B16129,Las Vegas,NV,45-54,TRUE
B14321,Richmond,VA,18 to 24,No
B01684,NYC,NY,25-34,No
B06992,Atlanta,GA,18-24,No
B02479,New York,NY,25-34,
B10873,Camden,NJ,35-44,yes
B17065,Wilmington,DE,18 to 24,Yes
B06035,Atlanta,GA,18-24,FALSE
B16193,Los Angeles,CA,25-34yrs,Y
B14051,Philadelphia,PA,25-34,N
B01746,New York,NY,35-44,
B02494,"new york, ny",NY,25-34,Yes
B02237,New York,NY,25-34,yes
B12252,Austin,TX,25-34,Y
B00800,"new york, ny",NY,18-24,TRUE
B00751,New York,NY,35-44,FALSE
B03231,Las Vegas,NV,25-34,
B00755,New York,NY,25-34,Y
B01058,New York,NY,45-54,FALSE
B01502,New York,NY,55+,N
B05773,atlanta,GA,35-44,TRUE
B16996,Dallas,TX,45-54,yes
B02372,New York,NY,55+,No
B14122,Baltimore,MD,25-34,Y
B16770,Washington,DC,35-44,FALSE
B01251,New York,NY,25-34,Yes
B13321,Birmingham,AL,35-44,Y
B02063,New York,NY,25-34,yes
B01708,New York,NY,18-24,No
B10412,Camden,NJ,45-54,N
B13841,,CA,35-44,Y
B17844,Los Angeles,CA,55+,Yes
B11748,Austin,TX,18-24,yes
B12890,Houston,TX,25-34yrs,TRUE
B18163,Chicago,IL,25-34,No
B13767,Dallas,TX,55+,Y
B11247,Camden,NJ,35 to 44,yes
B11052,Philadelphia,PA,18-24,TRUE
B00579,New York,NY,25-34,No
B00058,New York,NY,25-34,No
B05259,Atlanta,GA,25-34,N
B11733,San Antonio,TX,35-44,Yes
B06541,Atlanta,GA,25-34,TRUE
B12073,San Antonio,TX,35-44,N
B16268,Richmond,VA,25-34,Yes
B03206,Las Vegas,NV,25-34,TRUE
B16031,Las Vegas,NV,18-24,Yes
B02211,New York,NY,35 to 44,N
B07669,Atlanta,GA,25 to 34,
B17808,Phoenix,AZ,45-54,No
B16774,Philadelphia,PA,18-24,yes
B13424,Newark,NJ,25-34,Yes
B15165,Philadelphia,PA,45-54,No
B17088,Wilmington,DE,35 to 44,FALSE
B06023,ATL,GA,45-54,TRUE
B00460,NYC,NY,35-44,Y
B01245,NYC,NY,25 to 34,FALSE
B00515,New York,NY,18-24,FALSE
B15655,Phoenix,AZ,18-24,TRUE
B07418,Atlanta,GA,25-34yrs,Yes
B13736,Dallas,TX,35-44,
B13938,Los Angeles,CA,18-24,Yes
B01851,New York,NY,25-34,yes
B02246,New York,NY,25-34yrs,Y
B00905,New York,NY,35 to 44,yes
B09436,Baltimore,MD,25-34,FALSE
B01284,"new york, ny",NY,25-34,Yes
B06823,Atlanta,GA,18-24,
B00388,New York,NY,55+,yes
B09700,Wilmington,DE,35-44,yes
B12275,Austin,TX,35-44,Y
B05344,Atlanta,GA,35 to 44,No
B16037,Wilmington,DE,45-54,yes
B02676,Las Vegas,NV,18-24,
B17045,Miami,FL,25-34,
B08332,Baltimore,MD,35-44,Y
B00339,New York,NY,35 to 44,yes
B06430,ATL,GA,45-54,yes
B09927,Wilmington,DE,35-44,Y
B07889,Baltimore,MD,18-24,TRUE
B15462,Miami,FL,25-34,yes
B14955,Philadelphia,PA,25-34,
B00130,New York,NY,25-34,TRUE
B00617,"new york, ny",NY,25-34,N
B14097,Miami,FL,25-34,Yes
B14107,Detroit,MI,18-24,N
B09864,Philadelphia,PA,45-54,Yes
B12176,San Antonio,TX,25 to 34,Y
B16004,Phoenix,AZ,25-34,FALSE
B06597,Atlanta,GA,45-54,Y
B08953,Washington,DC,25-34yrs,Y
B15708,,IL,25-34,
B14103,Houston,TX,25-34,Y
B00799,"new york, ny",NY,25-34,Y
B15355,San Antonio,TX,25-34yrs,TRUE
B15379,Houston,TX,35-44,TRUE
B09396,Washington,DC,35-44,Yes
B16079,Richmond,VA,45-54,TRUE
B05070,Las Vegas,NV,35-44,Y
B09665,Wilmington,DE,18-24 ,Yes
B10710,Philadelphia,PA,35 to 44,No
B03577,Vegas,NV,25-34,Y
B11845,Austin,TX,45-54,FALSE
B08533,Baltimore,MD,25-34yrs,yes
B15556,Las Vegas,NV,25-34,yes
B17298,Newark,NJ,35 to 44,Yes
B00012,New York,NY,35-44,No
B13498,Wilmington,DE,45-54,No
B13690,Camden,NJ,55+,TRUE
B13560,Birmingham,AL,25-34,Yes
B00575,New York,NY,25-34,No
B17732,Houston,TX,25 to 34,
B16651,Camden,NJ,18-24,
B03535,Las Vegas,NV,35-44,
B15248,DC,DC,25-34,TRUE
B14228,Las Vegas,NV,35-44,N
B02420,New York,NY,35 to 44,yes
B08096,Baltimore,MD,35-44,Yes
B15139,New York,NY,25-34,FALSE
B03747,Las Vegas,NV,25 to 34,TRUE
B03767,Las Vegas,NV,18-24,Yes
B09494,Washington,DC,18-24 ,yes
B16391,Chicago,IL,18-24,
B08983,Baltimore,MD,25-34,Yes
B08028,Washington,DC,25-34,TRUE
B00273,"new york, ny",NY,55+,No
B16909,Austin,TX,35-44,
B17055,Birmingham,AL,35-44,FALSE
B10784,Philadelphia,PA,25-34,
B07286,Atlanta,GA,35-44,TRUE
B10248,Wilmington,DE,35-44,No
B10644,Camden,NJ,25-34yrs,TRUE
B14527,Richmond,VA,18-24,FALSE
B14773,Los Angeles,CA,18-24 ,Y
B15250,Los Angeles,CA,25-34,No
B01172,New York,NY,35-44,TRUE
B18236,Los Angeles,CA,25-34,No
B06206,Atlanta,GA,55+,Yes
B02893,Las Vegas,NV,35-44,No
B10449,Philadelphia,PA,55+,
B13541,Philadelphia,PA,25-34,FALSE
B02381,,NY,35-44,
B17655,Atlanta,GA,45-54,TRUE
B12758,Houston,TX,18 to 24,yes
B15052,Baltimore,MD,25 to 34,yes
B00864,New York,NY,35-44,FALSE
B14462,Austin,TX,35-44,TRUE
B14968,Wilmington,DE,18-24,No
B09569,Baltimore,MD,35-44,yes
B13002,San Antonio,TX,25 to 34,Y
B05249,atlanta,GA,45-54,Yes
B16693,Philadelphia,PA,35-44,Y
B12734,San Antonio,TX,18-24,TRUE
B01560,New York,NY,35-44,N
B13658,Charlotte,NC,25-34,No
B15307,Camden,NJ,35-44,No
B17971,Austin,TX,18 to 24,Y
B02577,New York,NY,25-34,Yes
B11870,,TX,35-44,No
B02638,Las Vegas,NV,18-24,Yes
B16884,New York,NY,45-54,N
B06756,atlanta,GA,18-24,Yes
B18106,Miami,FL,25-34,Yes
B17093,Houston,TX,35 to 44,
B01898,New York,NY,35-44,FALSE
B17336,Phoenix,AZ,45-54,Y
B03481,Vegas,NV,45-54,yes
B11927,Austin,TX,35-44,Y
B16430,Atlanta,GA,25-34,Yes
B10104,Wilmington,DE,25-34,Yes
B15096,Philadelphia,PA,25-34,FALSE
B05479,,GA,35-44,yes
B11438,HTX,TX,25-34yrs,No
B10494,Wilmington,DE,18-24,FALSE
B13942,Miami,FL,18-24,FALSE
B04076,Las Vegas,NV,35-44,yes
B04780,Las Vegas,NV,35 to 44,
B02958,Las Vegas,NV,55 plus,Y
B18374,Las Vegas,NV,35-44,Y
B08928,Washington,DC,35-44,TRUE
B00161,New York,NY,35-44,
B09272,Washington,DC,25-34,
B14554,Dallas,TX,18 to 24,No
B13359,Washington,DC,45 to 54,Yes
B12366,Austin,TX,45-54,TRUE
B08989,Washington,DC,25-34,Y
B05432,Atlanta,GA,35-44,yes
B00104,New York,NY,25-34,No
B05240,ATL,GA,35-44,Y
B14389,Philadelphia,PA,45-54,Y
B10577,Wilmington,DE,35-44,yes
B04442,Las Vegas,NV,25-34,TRUE
B01302,NYC,NY,35-44,yes
B09208,Washington,DC,25 to 34,Y
B13285,NYC,NY,45-54,FALSE
B03058,Las Vegas,NV,35 to 44,No
B07804,Baltimore,MD,18-24,yes
B17195,San Antonio,TX,25-34,No
B15286,Miami,FL,25-34,Y
B12732,Houston,TX,18-24,TRUE
B09609,Wilmington,DE,25 to 34,TRUE
B06045,Atlanta,GA,35-44,N
B05554,Atlanta,GA,45-54,
B09822,Philadelphia,PA,18-24,N
B13450,"new york, ny",NY,25-34,FALSE
B12828,San Antonio,TX,55+,Yes
B02663,Las Vegas,NV,45-54,Yes
B01491,New York,NY,18 to 24,TRUE
B05263,Atlanta,GA,45-54,Yes
B08505,Washington,DC,25-34,Y
B01377,"new york, ny",NY,35-44,
B04465,Las Vegas,NV,35 to 44,Y
B17015,Philly,PA,25-34,TRUE
B11987,Houston,TX,35-44,No
B09718,Philadelphia,PA,35-44,
B17585,Charlotte,NC,35-44,N
B15668,Richmond,VA,25-34,TRUE
B15316,Birmingham,AL,25-34,
B17758,Birmingham,AL,35-44,
B01272,New York,NY,25-34,Yes
B13836,New York,NY,35-44,TRUE
B10112,Wilmington,DE,25 to 34,No
B11310,Wilmington,DE,45-54,N
B11726,San Antonio,TX,25-34,yes
B02652,Las Vegas,NV,18-24,yes
B15206,Dallas,TX,55+,Y
B02364,New York,NY,25-34,No
B04388,Las Vegas,NV,55 plus,TRUE
B09925,Camden,NJ,18-24,No
B12454,Austin,TX,18-24,Yes
B08317,Washington,DC,25-34,yes
B09765,Camden,NJ,55+,TRUE
B16417,Wilmington,DE,45-54,TRUE
B17486,Dallas,TX,35-44,yes
B02513,New York,NY,25-34,Yes
B05651,Atlanta,GA,35-44,yes
B08667,Baltimore,MD,18-24,Y
B01590,New York,NY,25-34,N
B15907,San Antonio,TX,35-44,TRUE
B05212,Atlanta,GA,25 to 34,Y
B08485,Washington,DC,18-24,No
B01457,New York,NY,18-24,N
B14408,Atlanta,GA,45-54,yes
B10534,Wilmington,DE,35 to 44,yes
B01992,New York,NY,35-44,No
B16559,Los Angeles,CA,35-44,yes
B13862,Houston,TX,35 to 44,N
B14977,San Antonio,TX,55 +,FALSE
B13693,Washington,DC,18-24,TRUE
B06624,Atlanta,GA,25-34,Y
B00409,New York,NY,45-54,yes
B18289,Philadelphia,PA,25-34,No
B04321,Vegas,NV,45-54,N
B03668,Las Vegas,NV,25-34,FALSE
B17590,Las Vegas,NV,45-54,yes
B16166,Dallas,TX,45-54,yes
B03113,Las Vegas,NV,35-44,N
B13709,Houston,TX,45-54,
B17092,Richmond,VA,35-44,Yes
B12274,San Antonio,TX,18-24,
B18270,Miami,FL,25 to 34,FALSE
B15876,Charlotte,NC,18-24,FALSE
B10433,Philadelphia,PA,18-24,N
B18244,Philadelphia,PA,55+,N
B11557,HTX,TX,45-54,No
B10824,Philadelphia,PA,25-34,N
B11442,Houston,TX,35-44,Yes
B06221,Atlanta,GA,35-44,TRUE
B17942,Phoenix,AZ,25-34yrs,Yes
B03855,Las Vegas,NV,55+,TRUE
B11445,San Antonio,TX,25-34,N
B17702,Los Angeles,CA,35-44,yes
B15703,Miami,FL,25-34,No
B05270,Atlanta,GA,35 to 44,Y
B12148,San Antonio,TX,55+,
B09223,Baltimore,MD,35-44,yes
B14483,Austin,TX,25-34,Y
B18144,Philly,PA,18-24,N
B13322,Wilmington,DE,18-24,Yes
B17853,Atlanta,GA,35-44,TRUE
B09890,Wilmington,DE,25-34yrs,yes
B16510,Phoenix,AZ,18 to 24,
B02768,Vegas,NV,45-54,Y
B09794,Wilmington,DE,35-44,TRUE
B05896,Atlanta,GA,25-34,No
B14485,Dallas,TX,25-34,FALSE
B09026,Baltimore,MD,45 to 54,Y
B17471,Newark,NJ,35 to 44,N
B06269,Atlanta,GA,25-34,
B17696,Charlotte,NC,18-24,Yes
B13970,Charlotte,NC,35-44,Yes
B12751,San Antonio,TX,55+,
B15739,Austin,TX,18-24,Y
B16218,Detroit,MI,25-34,TRUE
B10563,Wilmington,DE,25-34,TRUE
B03213,Las Vegas,NV,35-44,Yes
B13137,Houston,TX,25-34,yes
B08299,Baltimore,MD,25-34,N
B18129,Phoenix,AZ,35-44,FALSE
B00528,NYC,NY,35-44,Y
B08623,Washington,DC,55+,FALSE
B11297,Philadelphia,PA,45-54,FALSE
B03796,Las Vegas,NV,35 to 44,yes
B16232,Las Vegas,NV,45 to 54,TRUE
B15932,Miami,FL,45-54,Y
B16237,Baltimore,MD,18-24,FALSE
B08916,Washington,DC,35-44,TRUE
B08427,Washington,DC,45-54,TRUE
B01866,New York,NY,55+,Yes
B18119,Philadelphia,PA,25-34,Y
B12057,Houston,TX,25 to 34,
B05365,ATL,GA,35 to 44,yes
B14751,Charlotte,NC,25-34,Yes
B15363,San Antonio,TX,25-34,yes
B04663,Las Vegas,NV,35-44,TRUE
B11559,Austin,TX,25-34,Yes
B15007,Philly,PA,18-24,Yes
B04132,Las Vegas,NV,35-44,Y
B07684,atlanta,GA,25-34,Y
B10473,Wilmington,DE,35-44,TRUE
B01702,New York,NY,35-44,yes
B01674,New York,NY,18-24,Yes
B01783,NYC,NY,18-24 ,yes
B00020,,NY,25 to 34,yes
B08781,Washington,DC,35-44,
B11728,Houston,TX,45-54,TRUE
B14700,Miami,FL,35-44,N
B12028,Austin,TX,55+,FALSE
B17868,Birmingham,AL,25-34,N
B05817,Atlanta,GA,35-44,N
B18166,,VA,45-54,Y
B14557,Detroit,MI,35-44,Y
B15266,Chicago,IL,25-34,yes
B01766,New York,NY,35 to 44,No
B14905,Birmingham,AL,25-34,No
B01689,New York,NY,18-24,TRUE
B13009,San Antonio,TX,55+,Yes
B05292,Atlanta,GA,25-34,Yes
B03308,Las Vegas,NV,25-34,N
B06129,Atlanta,GA,55+,Yes
B12061,San Antonio,TX,18-24,TRUE
B00306,New York,NY,55+,Y
B08050,Baltimore,MD,35 to 44,Y
B16262,Dallas,TX,25-34yrs,Yes
B14208,Las Vegas,NV,18-24,Yes
B18251,Detroit,MI,25-34,No
B06639,Atlanta,GA,45-54,yes
B17228,Camden,NJ,18 to 24,
B16948,Richmond,VA,25-34yrs,No
B12522,San Antonio,TX,35-44,N
B16340,Houston,TX,18-24 ,Y
B13262,Newark,NJ,25-34,
B02620,Las Vegas,NV,45-54,FALSE
B00256,New York,NY,35-44,yes
B00668,New York,NY,45-54,Yes
B03564,Las Vegas,NV,45 to 54,TRUE
B10128,Wilmington,DE,25-34,Yes
B12782,Austin,TX,25-34,Y
B08758,Washington,DC,25-34yrs,Yes
B12603,Houston,TX,35-44,No
B13429,Wilmington,DE,25-34,FALSE
B16415,Phoenix,AZ,25-34,Yes
B12337,Austin,TX,45 to 54,TRUE
B14455,Phoenix,AZ,25-34yrs,yes
B08007,Baltimore,MD,45-54,Y
B09545,Washington,DC,45 to 54,Y
B07894,Baltimore,MD,18-24,Y
B02827,Las Vegas,NV,35-44,Y
B01744,New York,NY,35-44,
B15821,Los Angeles,CA,18-24,No
B11465,Austin,TX,25-34,N
B02978,Las Vegas,NV,25-34,Yes
B00073,New York,NY,45-54,Yes
B05681,Atlanta,GA,35-44,TRUE
B00265,New York,NY,25-34yrs,FALSE
B04959,Vegas,NV,18-24,No
B00940,New York,NY,18-24 ,N
B00702,New York,NY,35 to 44,Yes
B14597,Miami,FL,35-44,Y
B16084,Richmond,VA,35 to 44,Y
B05920,Atlanta,GA,18-24 ,TRUE
B16881,Chicago,IL,18-24,yes
B07900,"Washington, D.C.",DC,25 to 34,
B02843,Las Vegas,NV,45-54,TRUE
B12345,Austin,TX,55+,
B13227,Vegas,NV,25-34,TRUE
B18220,Philadelphia,PA,55+,TRUE
B11087,Philadelphia,PA,35-44,Y
B02953,Las Vegas,NV,18-24,Y
B02017,NYC,NY,18-24,Y
B01180,NYC,NY,25-34,No
B13749,Austin,TX,25-34,Y
B09450,Washington,DC,55+,N
B04475,Vegas,NV,35-44,FALSE
B11605,Austin,TX,35-44,TRUE
B02839,Las Vegas,NV,18-24,yes
B16216,"new york, ny",NY,35-44,yes
B06573,atlanta,GA,25-34,N
B03022,Las Vegas,NV,35-44,yes
B05220,atlanta,GA,25-34,N
B18053,Camden,NJ,35-44,
B03008,Las Vegas,NV,25-34,Yes
B16756,Dallas,TX,18-24,Y
B02947,Vegas,NV,25-34,
B06246,Atlanta,GA,35-44,No
B18127,Dallas,TX,35-44,Y
B06178,Atlanta,GA,45-54,
B01468,New York,NY,25-34,
B01742,New York,NY,35-44,Y
B16225,Atlanta,GA,25-34,N
B02027,New York,NY,35-44,Y
B05450,Atlanta,GA,35 to 44,
B00741,New York,NY,25-34,Yes
B07959,Baltimore,MD,25-34yrs,N
B17612,Los Angeles,CA,25-34,Yes
B17419,Philadelphia,PA,25-34,No
B14969,Newark,NJ,25-34yrs,yes
B13462,Newark,NJ,25-34,No
B13494,Philadelphia,PA,35-44,Yes
B13216,Detroit,MI,25-34,Yes
B12661,Austin,TX,25-34,Yes
B15381,Wilmington,DE,35-44,Yes
B12161,Houston,TX,25 to 34,TRUE
B13296,Chicago,IL,25-34,N
B01197,New York,NY,45-54,Yes
B01723,New York,NY,35-44,FALSE
B13665,Camden,NJ,25 to 34,yes
B17267,Detroit,MI,25 to 34,
B00441,New York,NY,55+,yes
B12086,HTX,TX,35-44,yes
B05990,Atlanta,GA,45-54,FALSE
B15795,Las Vegas,NV,18 to 24,Yes
B13629,Birmingham,AL,35 to 44,FALSE
B11621,Houston,TX,18-24,TRUE
B05001,Vegas,NV,35-44,Yes
B08473,Washington,DC,18-24,Y
B09276,Washington,DC,35-44,Y
B06191,Atlanta,GA,18-24,yes
B06543,Atlanta,GA,45-54,No
B10568,Camden,NJ,35 to 44,yes
B07729,Atlanta,GA,25-34,No
B10213,Philadelphia,PA,55+,No
B13147,HTX,TX,25-34,yes
B11278,Wilmington,DE,35-44,N
B16568,,TX,25-34,FALSE
B03414,Las Vegas,NV,55+,TRUE
B13306,Richmond,VA,55 plus,Y
B07583,Atlanta,GA,35-44,N
B02640,Las Vegas,NV,35-44,TRUE
B12137,HTX,TX,55+,N
B15105,San Antonio,TX,55+,N
B01495,New York,NY,25-34,No
B14201,Chicago,IL,25-34,Y
B01970,"new york, ny",NY,55+,No
B14961,Los Angeles,CA,18-24,FALSE
B00261,NYC,NY,18-24,Yes
B07992,Baltimore,MD,25-34,Yes
B18156,Chicago,IL,55 plus,Y
B07532,Atlanta,GA,35-44,Yes
B13373,San Antonio,TX,35-44,
B09987,Wilmington,DE,18-24,FALSE
B03199,Las Vegas,NV,35 to 44,Y
B09082,Washington,DC,35-44,Yes
B13897,Dallas,TX,18-24,No
B12245,San Antonio,TX,35 to 44,
B00406,New York,NY,25-34,FALSE
B09349,Baltimore,MD,25-34,
B17889,Newark,NJ,25-34,N
B09222,Baltimore,MD,25-34,FALSE
B14722,Austin,TX,18 to 24,Y
B12341,San Antonio,TX,25-34,N
B14881,Charlotte,NC,35 to 44,Y
B03432,Las Vegas,NV,35-44,TRUE
B08004,Baltimore,MD,25 to 34,yes
B12567,Austin,TX,18-24,Yes
B06887,Atlanta,GA,18-24,
B18358,Camden,NJ,35-44,TRUE
B09669,Philadelphia,PA,25-34,TRUE
B15399,Atlanta,GA,35-44,Yes
B05382,Atlanta,GA,18 to 24,
B14562,Birmingham,AL,25-34yrs,yes
B10755,Wilmington,DE,35 to 44,TRUE
B14121,Las Vegas,NV,35-44,yes
B13366,New York,NY,25-34,N
B16521,Miami,FL,25 to 34,Y
B18095,Charlotte,NC,55+,Y
B02876,Las Vegas,NV,35-44,yes
B17968,Houston,TX,18 to 24,Yes
B09990,Wilmington,DE,45-54,yes
B10984,Camden,NJ,35 to 44,FALSE
B15802,Miami,FL,45 to 54,Y
B13386,Las Vegas,NV,25-34,yes
B05738,ATL,GA,18-24,FALSE
B14714,Birmingham,AL,45 to 54,
B01278,New York,NY,25-34,N
B10754,Camden,NJ,18-24 ,FALSE
B10953,Wilmington,DE,45-54,Y
B14446,Phoenix,AZ,45-54,Y
B15955,Richmond,VA,25-34,Y
B09755,Philadelphia,PA,25-34,TRUE
B10013,Camden,NJ,25 to 34,Yes
B04346,Las Vegas,NV,45-54,Y
B01115,New York,NY,35-44,Y
B00688,New York,NY,25-34,FALSE
B00646,New York,NY,35-44,N
B00047,New York,NY,25-34,N
B14585,Philadelphia,PA,35-44,No
B14495,Phoenix,AZ,35-44,FALSE
B16039,Las Vegas,NV,45-54,TRUE
B15748,Birmingham,AL,18-24,TRUE
B08129,"Washington, D.C.",DC,25-34,TRUE
B00844,"new york, ny",NY,35 to 44,N
B16048,Los Angeles,CA,18-24,Yes
B07582,Atlanta,GA,25-34,No
B03943,Vegas,NV,35-44,Yes
B11535,San Antonio,TX,35 to 44,
B09840,Wilmington,DE,35-44,Yes
B17008,Los Angeles,CA,35-44,yes
B13987,,DC,35-44,No
B12213,Austin,TX,35-44,yes
B15384,Newark,NJ,45 to 54,Yes
B09774,Camden,NJ,25 to 34,FALSE
B01402,New York,NY,25-34,TRUE
B18250,Newark,NJ,25-34,Y
B14981,Miami,FL,18-24,No
B11328,Wilmington,DE,25-34,yes
B04553,Vegas,NV,35-44,TRUE
B16093,Los Angeles,CA,35-44,N
B17602,NYC,NY,25-34,No
B09215,Baltimore,MD,25-34,yes
B13169,Austin,TX,45-54,yes
B14062,Austin,TX,45-54,FALSE
B13211,San Antonio,TX,25-34,Y
B02623,Las Vegas,NV,18 to 24,Y
B05388,Atlanta,GA,25-34,Y
B00286,New York,NY,25-34yrs,Y
B14710,Austin,TX,18-24,Y
B13526,Houston,TX,55+,Y
B18032,Philadelphia,PA,25-34,yes
B14645,Vegas,NV,25-34,TRUE
B04710,Vegas,NV,18-24,N
B16104,Wilmington,DE,35-44,Y
B10653,Philadelphia,PA,45-54,FALSE
B15515,Baltimore,MD,35-44,Y
B11513,San Antonio,TX,35-44,FALSE
B14165,Baltimore,MD,25 to 34,yes
B02701,Las Vegas,NV,18-24,No
B14599,Dallas,TX,35-44,Yes
B03749,Las Vegas,NV,45 to 54,yes
B12298,HTX,TX,18-24,Yes
B00277,New York,NY,25-34,yes
B12959,Houston,TX,55+,
B13874,San Antonio,TX,25-34,Y
B12413,Austin,TX,55 +,Y
B05219,Atlanta,GA,18-24,Y
B05846,ATL,GA,25-34,FALSE
B15169,Washington,DC,45 to 54,Yes
B11592,Austin,TX,35 to 44,Yes
B03914,Las Vegas,NV,35-44,TRUE
B00188,New York,NY,18-24,N
B17434,Miami,FL,35-44,No
B16500,Camden,NJ,45 to 54,TRUE
B00874,New York,NY,35-44,N
B12397,San Antonio,TX,45-54,No
B17468,Charlotte,NC,25-34,Y
B17624,Las Vegas,NV,55+,
B10629,Wilmington,DE,18-24,Y
B17060,"new york, ny",NY,45-54,Y
B13377,Washington,DC,45-54,Y
B01765,New York,NY,35-44,FALSE
B04829,Las Vegas,NV,18-24,Yes
B14037,Las Vegas,NV,45 to 54,N
B12443,,TX,25-34,Yes
B12897,Austin,TX,25-34,FALSE
B15935,Richmond,VA,25-34,TRUE
B09107,Baltimore,MD,25-34,FALSE
B17695,Dallas,TX,25-34,
B08309,Baltimore,MD,18-24,yes
B14255,Washington,DC,35-44,TRUE
B05381,Atlanta,GA,18-24,Y
B02785,Las Vegas,NV,55+,Y
B04608,Las Vegas,NV,45-54,yes
B00566,New York,NY,25-34yrs,No
B15456,Austin,TX,35-44,No
B03939,,NV,35-44,yes
B14621,New York,NY,25-34,No
B00717,New York,NY,18 to 24,
B17311,Charlotte,NC,35-44,yes
B00669,NYC,NY,45-54,Y
B14452,Phoenix,AZ,18-24,
B09638,Philadelphia,PA,25-34,TRUE
B00875,New York,NY,55 plus,N
B15033,Wilmington,DE,25-34yrs,FALSE
B01483,New York,NY,35-44,N
B10700,Philadelphia,PA,55+,No
B11988,HTX,TX,35-44,Yes
B02111,New York,NY,45-54,Yes
B00399,New York,NY,18-24 ,TRUE
B17779,Phoenix,AZ,45 to 54,TRUE
B02946,Las Vegas,NV,35 to 44,Y
B14256,Los Angeles,CA,25-34,Y
B02630,Las Vegas,NV,45-54,yes
B07018,atlanta,GA,25-34,Y
B09377,DC,DC,55+,No
B11492,Houston,TX,18-24,TRUE
B13991,Chicago,IL,45-54,Y
B05587,ATL,GA,35-44,No
B09979,Camden,NJ,25-34,No
B15896,Camden,NJ,18-24,FALSE
B01408,New York,NY,18-24 ,yes
B01559,"new york, ny",NY,25-34yrs,TRUE
B16886,Birmingham,AL,18-24,Yes
B03783,Las Vegas,NV,25-34,Y
B09834,Camden,NJ,35-44,FALSE
B00116,,NY,45-54,TRUE
B10677,Wilmington,DE,18-24,No
B03415,Las Vegas,NV,35-44,Yes
B08293,Baltimore,MD,35-44,Y
B00833,New York,NY,35-44,No
B12466,Houston,TX,18-24,No
B02848,Las Vegas,NV,25-34,FALSE
B11534,Houston,TX,25-34,Y
B15481,Miami,FL,25 to 34,Yes
B06740,Atlanta,GA,25-34,Y
B18051,San Antonio,TX,35-44,yes
B00303,NYC,NY,35-44,Yes
B11475,Houston,TX,55+,Y
B08289,,MD,35-44,yes
B14956,Dallas,TX,45-54,
B06644,Atlanta,GA,25-34,N
B05500,ATL,GA,35 to 44,Yes
B17010,Charlotte,NC,35-44,Yes
B03243,Las Vegas,NV,18-24,N
B00545,New York,NY,25-34,Y
B15188,Richmond,VA,25-34,FALSE
B01141,New York,NY,35 to 44,FALSE
B15077,New York,NY,35 to 44,No
B10908,Camden,NJ,18-24,
B03041,Las Vegas,NV,25-34,
B07961,DC,DC,25-34,TRUE
B12452,San Antonio,TX,25-34yrs,yes
B14415,Los Angeles,CA,18-24,yes
B12273,Houston,TX,35 to 44,Y
B16309,Richmond,VA,18-24,yes
B00521,"new york, ny",NY,18-24,Yes
B03828,Las Vegas,NV,18-24,N
B09664,Wilmington,DE,18-24,N
B13443,Detroit,MI,35-44,Yes
B05873,Atlanta,GA,35-44,No
B14461,Chicago,IL,25-34,N
B07661,Atlanta,GA,18-24,yes
B13735,Washington,DC,35 to 44,N
B15021,Houston,TX,25-34,Y
B05340,Atlanta,GA,35-44,FALSE
B17736,Los Angeles,CA,35-44,yes
B16573,Newark,NJ,55+,yes
B16471,Los Angeles,CA,35-44,No
B11179,Camden,NJ,18 to 24,FALSE
B13477,Houston,TX,55+,N
B17472,Los Angeles,CA,55+,TRUE
B03067,Las Vegas,NV,25-34,No
B03942,Las Vegas,NV,45-54,FALSE
B12226,San Antonio,TX,35-44,TRUE
B11504,Houston,TX,35-44,FALSE
B12063,San Antonio,TX,25-34,FALSE
B18011,Charlotte,NC,35-44,TRUE
B02602,Las Vegas,NV,18-24,
B10453,Philadelphia,PA,35-44,TRUE
B09294,"Washington, D.C.",DC,25-34,Yes
B13362,Camden,NJ,45-54,Y
B16229,Washington,DC,25-34,No
B13453,Birmingham,AL,18-24,No
B04658,Las Vegas,NV,18-24,FALSE
B04422,Las Vegas,NV,35-44,FALSE
B04245,Las Vegas,NV,55+,Yes
B18034,Austin,TX,55+,yes
B04708,Las Vegas,NV,25-34,
B15806,Los Angeles,CA,35-44,yes
B02236,New York,NY,35-44,TRUE
B02355,NYC,NY,35-44,Y
B08958,Washington,DC,25-34,yes
B00595,NYC,NY,35-44,N
B08236,Baltimore,MD,55+,
B09901,Wilmington,DE,25-34,Yes
B02907,,NV,45 to 54,Y
B14259,Las Vegas,NV,45 to 54,Yes
B01743,NYC,NY,35 to 44,TRUE
B17404,Newark,NJ,55 +,N
B08089,Baltimore,MD,25-34yrs,FALSE
B00462,New York,NY,25-34,yes
B17305,Philadelphia,PA,35 to 44,Y
B02637,Las Vegas,NV,35 to 44,TRUE
B14694,Los Angeles,CA,35-44,yes
B11031,Wilmington,DE,55+,Yes
B14678,Wilmington,DE,35-44,Y
B03076,Vegas,NV,55+,TRUE
B02240,New York,NY,25-34yrs,FALSE
B05788,Atlanta,GA,55+,TRUE
B00747,New York,NY,18-24,Yes
B08487,"Washington, D.C.",DC,25-34yrs,No
B06913,Atlanta,GA,45-54,yes
B13857,Charlotte,NC,18-24,N
B11510,Houston,TX,45-54,Yes
B17429,Richmond,VA,18-24,N
B00108,New York,NY,35-44,N
B02823,Las Vegas,NV,18-24,Yes
B00135,New York,NY,55+,FALSE
B11456,San Antonio,TX,25-34,Yes
B02151,"new york, ny",NY,25-34,N
B01276,"new york, ny",NY,45-54,No
B09401,Baltimore,MD,25-34,TRUE
B15975,Birmingham,AL,25-34yrs,TRUE
B15277,Birmingham,AL,35-44,yes
B01657,New York,NY,55 +,
B11590,Houston,TX,18-24,TRUE
B09571,Baltimore,MD,25 to 34,N
B03280,Las Vegas,NV,25-34yrs,yes
B03320,Las Vegas,NV,35-44,Y
B02398,New York,NY,45-54,
B04333,Vegas,NV,55 +,Y
B13538,Atlanta,GA,35-44,Y
B17849,Atlanta,GA,25-34,No
B16045,Houston,TX,35-44,Y
B15930,"new york, ny",NY,18 to 24,Yes
B15966,Newark,NJ,25-34,TRUE
B13729,Washington,DC,25 to 34,TRUE
B00361,New York,NY,35-44,No
B14690,Atlanta,GA,35 to 44,TRUE
B13164,Houston,TX,35-44,TRUE
B14098,Austin,TX,25 to 34,
B00433,NYC,NY,25-34,No
B00665,New York,NY,55+,FALSE
B10405,Philadelphia,PA,18 to 24,Yes
B16809,Wilmington,DE,35 to 44,N
B08291,Baltimore,MD,25 to 34,
B00059,"new york, ny",NY,35 to 44,No
B07869,"Washington, D.C.",DC,35-44,No
B13718,Dallas,TX,35-44,N
B10149,Philly,PA,18-24,Y
B15203,Dallas,TX,18-24,
B17583,Philly,PA,45-54,No
B10851,,PA,35-44,Yes
B02873,Las Vegas,NV,35 to 44,TRUE
B15098,Philly,PA,18-24,Yes
B10070,Wilmington,DE,35-44,TRUE
B15535,Philadelphia,PA,18-24,N
B16096,Las Vegas,NV,25-34,Y
B12652,San Antonio,TX,35-44,No
B18346,Austin,TX,25-34yrs,Y
B11980,HTX,TX,25-34,N
B14345,Miami,FL,25-34,TRUE
B15131,HTX,TX,35-44,No
B11523,Austin,TX,55+,FALSE
B05293,Atlanta,GA,35-44,FALSE
B13747,Los Angeles,CA,45 to 54,TRUE
B00174,New York,NY,25-34,No
B00854,NYC,NY,25-34,TRUE
B04172,Las Vegas,NV,25-34,TRUE
B18121,Miami,FL,35-44,Y
B00312,New York,NY,35-44,N
B15521,Charlotte,NC,25-34yrs,yes
B04012,Las Vegas,NV,18-24,FALSE
B14079,Vegas,NV,25-34,Yes
B03594,Las Vegas,NV,25-34yrs,FALSE
B13352,,DE,25-34,Yes
B12238,Austin,TX,18-24,TRUE
B06824,Atlanta,GA,35 to 44,Yes
B05339,Atlanta,GA,25-34yrs,Yes
B13433,Camden,NJ,25-34,No
B08829,Baltimore,MD,25-34,N
B14911,Birmingham,AL,25-34,N
B01676,New York,NY,35-44,Yes
B03865,Las Vegas,NV,25-34,Y
B05296,Atlanta,GA,45-54,yes
B03643,Vegas,NV,35-44,Yes
B00861,New York,NY,35-44,Y
B17785,Wilmington,DE,45-54,TRUE
B17591,Las Vegas,NV,25-34,TRUE
B09971,Philadelphia,PA,55+,Yes
B09059,Baltimore,MD,18-24,yes
B07167,Atlanta,GA,25-34,TRUE
B15699,Birmingham,AL,25-34,
B10035,Camden,NJ,18 to 24,N
B02404,New York,NY,45-54,TRUE
B03530,Las Vegas,NV,25-34,
B01414,New York,NY,35-44,TRUE
B13128,Houston,TX,25-34,Y
B04293,Las Vegas,NV,25-34,TRUE
B15109,Los Angeles,CA,18-24,TRUE
B05704,atlanta,GA,45-54,FALSE
B15008,Wilmington,DE,25-34,N
B12599,San Antonio,TX,55+,
B06250,Atlanta,GA,25-34,N
B14161,Dallas,TX,45-54,TRUE
B01120,New York,NY,35-44,Yes
B13617,Atlanta,GA,55+,yes
B02261,New York,NY,25-34,Y
B05635,atlanta,GA,35-44,TRUE
B02023,New York,NY,25-34yrs,N
B12636,San Antonio,TX,18-24,N
B16267,Houston,TX,45-54,No
B02104,New York,NY,25-34,
B10362,Camden,NJ,35-44,N
B05206,atlanta,GA,35 to 44,Yes
B02188,New York,NY,18-24,TRUE
B13856,Chicago,IL,35 to 44,TRUE
B11695,Austin,TX,25-34,
B17114,Birmingham,AL,55+,FALSE
B10818,Camden,NJ,35 to 44,N
B15657,Dallas,TX,45-54,Y
B10994,Philly,PA,35-44,TRUE
B07955,Baltimore,MD,35-44,Yes
B18323,Charlotte,NC,25-34,
B13489,Camden,NJ,35-44,Y
B05455,,GA,25-34,No
B17872,Houston,TX,25-34,TRUE
B16748,Camden,NJ,18-24,yes
B11598,Austin,TX,35-44,yes
B06866,Atlanta,GA,25-34,No
B09856,Philadelphia,PA,25-34,Y
B13311,Philadelphia,PA,45-54,
B10833,Camden,NJ,25-34,yes
B02932,Las Vegas,NV,45 to 54,yes
B08031,Washington,DC,25-34,TRUE
B16195,Detroit,MI,25-34yrs,Yes
B14463,Wilmington,DE,18-24,Y
B02028,New York,NY,25-34,N
B13717,Dallas,TX,45-54,No
B11979,HTX,TX,45-54,yes
B09359,Baltimore,MD,35-44,Y
B13762,Birmingham,AL,45-54,FALSE
B13894,Atlanta,GA,35-44,No
B09080,Baltimore,MD,25-34,Yes
B07165,Atlanta,GA,25-34,Yes
B01364,New York,NY,25-34,TRUE
B01562,New York,NY,55+,Yes
B13876,Philly,PA,45 to 54,yes
B08636,Baltimore,MD,45 to 54,yes
B08163,Washington,DC,45-54,Y
B17275,Wilmington,DE,25-34,
B09996,Wilmington,DE,55+,FALSE
B14248,Detroit,MI,25-34,Yes
B14358,Philly,PA,35-44,Y
B17003,Birmingham,AL,55+,Yes
B18385,Charlotte,NC,25-34,TRUE
B02587,New York,NY,25-34,yes
B00933,New York,NY,25-34,
B18148,Charlotte,NC,55+,Y
B07554,Atlanta,GA,35-44,N
B13915,Austin,TX,18-24,Yes
B18140,Phoenix,AZ,45-54,N
B16713,Los Angeles,CA,35-44,yes
B01879,New York,NY,35-44,Y
B17841,Phoenix,AZ,35-44,Y
B13255,Philadelphia,PA,18-24,yes
B05484,Atlanta,GA,25 to 34,yes
B05071,Las Vegas,NV,25-34,N
B15463,San Antonio,TX,55+,TRUE
B05024,Las Vegas,NV,45-54,Yes
B07365,Atlanta,GA,45-54,TRUE
B12369,San Antonio,TX,25-34,TRUE
B11880,Houston,TX,45-54,yes
B03847,Las Vegas,NV,45-54,TRUE
B03951,Las Vegas,NV,35 to 44,N
B17310,Miami,FL,35 to 44,yes
B01217,New York,NY,45-54,FALSE
B17303,Los Angeles,CA,35-44,Yes
B09002,"Washington, D.C.",DC,35-44,Yes
B15465,Richmond,VA,18-24,TRUE
B15152,Birmingham,AL,25-34,N
B16993,Miami,FL,35-44,N
B10277,Philadelphia,PA,55+,
B05830,Atlanta,GA,25 to 34,yes
B11471,Austin,TX,35-44,yes
B04296,Las Vegas,NV,35-44,Y
B17413,Birmingham,AL,35 to 44,TRUE
B02798,Las Vegas,NV,55+,Yes
B15192,Los Angeles,CA,35 to 44,No
B01179,New York,NY,18-24,Yes
B17965,Atlanta,GA,25-34,FALSE
B16548,Phoenix,AZ,45 to 54,Yes
B11003,Camden,NJ,18-24,Yes
B01432,New York,NY,18 to 24,
B11828,San Antonio,TX,18 to 24,Yes
B08351,"Washington, D.C.",DC,25-34,
B13708,Dallas,TX,35-44,
B18103,New York,NY,45-54,FALSE
B12753,San Antonio,TX,25-34,TRUE
B16828,New York,NY,45-54,Yes
B05375,Atlanta,GA,18-24,Yes
B10983,Wilmington,DE,35-44,Yes
B11175,Camden,NJ,25-34,Yes
B05682,Atlanta,GA,25 to 34,Y
B00177,"new york, ny",NY,45-54,FALSE
B03218,Las Vegas,NV,35-44,FALSE
B05717,Atlanta,GA,35-44,
B15660,Chicago,IL,25-34,
B07908,Baltimore,MD,35-44,FALSE
B14820,Richmond,VA,25-34yrs,FALSE
B13798,Birmingham,AL,25-34,
B11761,Houston,TX,35-44,N
B17985,Dallas,TX,45-54,Y
B00382,NYC,NY,25-34yrs,Y
B13830,HTX,TX,25-34,yes
B14422,Chicago,IL,35-44,No
B13396,Camden,NJ,25-34,
B17777,Newark,NJ,25-34,
B04340,Las Vegas,NV,18-24,TRUE
B00894,New York,NY,35-44,No
B02819,Las Vegas,NV,25-34yrs,Y
B02705,Las Vegas,NV,35 to 44,N
B11704,San Antonio,TX,18-24,Y
B02220,New York,NY,25-34,FALSE
B13739,Miami,FL,45-54,No
B04747,Las Vegas,NV,45-54,TRUE
B11597,Austin,TX,25-34yrs,FALSE
B01785,NYC,NY,25-34,Y
B08251,Washington,DC,18-24,No
B18269,Los Angeles,CA,35-44,Y
B00961,New York,NY,25-34,FALSE
B13480,San Antonio,TX,25-34,Y
B17501,Newark,NJ,55 +,yes
B17279,Phoenix,AZ,55+,Y
B03323,Las Vegas,NV,35 to 44,N
B00236,"new york, ny",NY,25 to 34,TRUE
B15311,Dallas,TX,45-54,Y
B17981,Washington,DC,25-34,Y
B11440,HTX,TX,35-44,N
B01043,New York,NY,25-34,
B14312,Newark,NJ,25-34yrs,Y
B12872,Austin,TX,35 to 44,Y
B12685,Houston,TX,25-34yrs,Yes
B01936,"new york, ny",NY,45-54,N
B14602,Dallas,TX,18-24 ,yes
B14304,Los Angeles,CA,25-34,TRUE
B15937,Wilmington,DE,25-34,No
B02772,Las Vegas,NV,45-54,Yes
B11561,Austin,TX,18-24 ,TRUE
B10441,Wilmington,DE,25-34,Y
B02898,Las Vegas,NV,25-34,No
B13551,Los Angeles,CA,25-34,FALSE
B02817,Las Vegas,NV,25-34,No
B09977,Camden,NJ,25-34,yes
B03253,Las Vegas,NV,25-34,Yes
B11715,San Antonio,TX,55+,FALSE
B13247,Newark,NJ,25-34,No
B08717,Baltimore,MD,55+,yes
B16776,NYC,NY,18-24,No
B00287,New York,NY,25-34,TRUE
B12822,Austin,TX,45-54,Y
B14800,Phoenix,AZ,25-34,TRUE
B00102,New York,NY,55+,
B08047,Baltimore,MD,18-24,FALSE
B13818,Philadelphia,PA,35-44,No
B02498,New York,NY,18-24,TRUE
B04703,Las Vegas,NV,35-44,
B08741,Washington,DC,25-34,N
B07842,Washington,DC,35-44,FALSE
B15175,Miami,FL,45-54,N
B00311,New York,NY,25-34,yes
B02282,New York,NY,25-34,TRUE
B13286,Los Angeles,CA,25-34,TRUE
B01070,"new york, ny",NY,25-34,Y
B06022,Atlanta,GA,35-44,Yes
B15665,Baltimore,MD,25-34,
B04386,Las Vegas,NV,55+,FALSE
B13353,ATL,GA,25 to 34,yes
B14940,Austin,TX,25-34,Yes
B08381,Washington,DC,45-54,No
B08955,Washington,DC,35-44,Yes
B01042,"new york, ny",NY,25-34,Y
B07210,Atlanta,GA,55+,Y
B17344,Miami,FL,25-34yrs,TRUE
B13853,Charlotte,NC,35-44,Y
B14680,Newark,NJ,25-34yrs,TRUE
B15681,Philadelphia,PA,25-34yrs,yes
B05968,Atlanta,GA,18-24,Yes
B01350,New York,NY,18 to 24,yes
B05460,atlanta,GA,45-54,No
B11073,Camden,NJ,18-24,yes
B10242,Philadelphia,PA,25-34,No
B18230,Los Angeles,CA,35-44,TRUE
B11565,San Antonio,TX,25 to 34,
B17449,Dallas,TX,35-44,FALSE
B16483,Phoenix,AZ,35-44,Y
B10832,Wilmington,DE,45-54,
B16263,Los Angeles,CA,55+,Yes
B02343,New York,NY,25-34,N
B01582,New York,NY,35-44,TRUE
B03004,Vegas,NV,18-24,No
B09076,Baltimore,MD,25-34,N
B16665,Washington,DC,25-34,TRUE
B15869,Dallas,TX,45-54,FALSE
B17657,Newark,NJ,25 to 34,FALSE
B02195,New York,NY,18-24,yes
B16349,Los Angeles,CA,35 to 44,Yes
B07171,Atlanta,GA,45-54,TRUE
B13517,Washington,DC,25-34,
B16624,Los Angeles,CA,55 plus,Y
B10817,Philly,PA,25-34,TRUE
B11836,Austin,TX,25 to 34,N
B07831,Baltimore,MD,18 to 24,TRUE
B02095,New York,NY,25-34,N
B17867,Phoenix,AZ,35-44,N
B01642,New York,NY,45-54,TRUE
B10461,Camden,NJ,18-24,Y
B15686,atlanta,GA,25 to 34,
B05019,Las Vegas,NV,18-24,yes
B10516,Camden,NJ,35-44,Yes
B09368,Washington,DC,55+,Yes
B10940,Wilmington,DE,25-34,yes
B09091,Washington,DC,18-24,FALSE
B01014,NYC,NY,35-44,Y
B12293,Austin,TX,25-34,No
B01254,New York,NY,25-34,No
B12748,Houston,TX,25-34,TRUE
B14914,Las Vegas,NV,18-24,yes
B04854,Las Vegas,NV,25-34,FALSE
B18391,New York,NY,35-44,Yes
B16336,Miami,FL,45-54,No
B14151,Houston,TX,35 to 44,Yes
B11567,San Antonio,TX,35-44,yes
B09605,Philadelphia,PA,45 to 54,No
B00329,New York,NY,55+,N
B12937,San Antonio,TX,25-34,FALSE
B09579,Baltimore,MD,18-24,Yes
B14310,Richmond,VA,25-34,
B00084,New York,NY,18-24,N
B18020,SA,TX,35-44,Y
B08198,Washington,DC,18-24,yes
B00479,New York,NY,25-34,Y
B11107,Philadelphia,PA,18-24,yes
B14803,Los Angeles,CA,25 to 34,TRUE
B12381,Houston,TX,45-54,Yes
B07962,Baltimore,MD,18 to 24,yes
B01711,New York,NY,25-34,Y
B11477,San Antonio,TX,45-54,Yes
B03663,Las Vegas,NV,18-24,Yes
B02168,New York,NY,25-34,yes
B13309,Houston,TX,45 to 54,TRUE
B17085,Richmond,VA,25-34,yes
B06897,Atlanta,GA,35 to 44,N
B12742,Austin,TX,45-54,Yes
B17980,Phoenix,AZ,25-34,Y
B05804,Atlanta,GA,55+,Yes
B05223,ATL,GA,35 to 44,Y
B16449,Los Angeles,CA,45-54,FALSE
B13476,Houston,TX,18-24,yes
B00557,NYC,NY,18-24,FALSE
B07818,Washington,DC,25-34,No
B12870,San Antonio,TX,45-54,No
B17417,Houston,TX,45 to 54,yes
B13706,Camden,NJ,25-34,yes
B13847,Camden,NJ,25-34,TRUE
B09557,Baltimore,MD,35-44,Y
B01756,New York,NY,35-44,TRUE
B14224,Newark,NJ,18-24,TRUE
B04270,Vegas,NV,45-54,
B03724,Las Vegas,NV,25-34,TRUE
B12052,San Antonio,TX,18-24,TRUE
B01381,New York,NY,18-24,N
B12400,Houston,TX,25-34yrs,yes
B15208,Washington,DC,25-34yrs,Y
B17800,Camden,NJ,25-34,Y
B15490,Atlanta,GA,25-34,Yes
B10596,Philadelphia,PA,55 +,Y
B16501,Newark,NJ,18-24,Yes
B04326,Vegas,NV,55+,Yes
B17600,Los Angeles,CA,25-34,N
B02964,Las Vegas,NV,18-24,Y
B13614,San Antonio,TX,25-34,Y
B04401,Las Vegas,NV,35-44,TRUE
B01958,New York,NY,35-44,TRUE
B10418,Camden,NJ,35-44,N
B12295,San Antonio,TX,55+,
B11607,Austin,TX,35-44,N
B02866,Las Vegas,NV,25-34,TRUE
B15871,Austin,TX,45 to 54,Y
B09035,"Washington, D.C.",DC,25-34,Yes
B07866,Baltimore,MD,35-44,
B13318,Atlanta,GA,25-34,Yes
B06750,Atlanta,GA,25-34,TRUE
B02882,Las Vegas,NV,25-34,Yes
B16283,Newark,NJ,25-34,
B11755,Austin,TX,25-34yrs,Yes
B12435,San Antonio,TX,25-34,FALSE
B10397,Camden,NJ,45-54,FALSE
B14068,Miami,FL,18-24,No
B18123,Phoenix,AZ,45-54,yes
B11505,San Antonio,TX,18-24 ,yes
B09520,Baltimore,MD,45 to 54,FALSE
B04782,Las Vegas,NV,45-54,yes
B06146,Atlanta,GA,18-24,Y
B14777,Houston,TX,35-44,TRUE
B13593,Charlotte,NC,25-34,No
B13070,Houston,TX,18-24,
B05267,ATL,GA,25-34,TRUE
B13957,Washington,DC,25-34,TRUE
B16264,Austin,TX,25-34,
B10130,Wilmington,DE,25 to 34,N
B09780,Philadelphia,PA,55+,Yes
B05485,ATL,GA,45-54,TRUE
B16557,Los Angeles,CA,35-44,TRUE
B14517,Miami,FL,25-34,N
B02166,New York,NY,18-24,FALSE
B11712,Houston,TX,25-34,TRUE
B11572,Austin,TX,18-24,No
B02741,Las Vegas,NV,55+,N
B13228,Newark,NJ,25-34,
B12365,HTX,TX,35 to 44,FALSE
B05236,atlanta,GA,25-34yrs,yes
B08815,Baltimore,MD,18-24,
B14249,,NJ,25-34,Y
B02064,"new york, ny",NY,45-54,No
B02354,NYC,NY,45-54,yes
B10936,Camden,NJ,45-54,Y
B12861,Austin,TX,25-34,Y
B18336,Los Angeles,CA,25-34,Yes
B01281,New York,NY,18-24 ,No
B15345,Chicago,IL,45-54,N
B06470,Atlanta,GA,35-44,Y
B15630,Atlanta,GA,45 to 54,No
B04580,Las Vegas,NV,18-24,N
B01617,New York,NY,35-44,N
B01727,New York,NY,45-54,FALSE
B13898,Phoenix,AZ,35-44,No
B13523,Atlanta,GA,35-44,Y
B08204,Washington,DC,35-44,N
B16125,Phoenix,AZ,25 to 34,yes
B17764,Philadelphia,PA,35 to 44,Y
B09289,Washington,DC,55+,Yes
B03807,Las Vegas,NV,35-44,Y
B02197,NYC,NY,45-54,Yes
B16611,Phoenix,AZ,18-24,TRUE
B12855,Houston,TX,35 to 44,No
B12880,Houston,TX,35-44,No
B07990,Baltimore,MD,18-24,Y
B16078,Atlanta,GA,25-34,No
B05833,Atlanta,GA,35-44,FALSE
B17286,Baltimore,MD,35-44,N
B08065,Baltimore,MD,18-24,No
B13922,Birmingham,AL,25-34yrs,yes
B17809,Phoenix,AZ,35 to 44,N
B10052,Wilmington,DE,18-24,TRUE
B15618,Washington,DC,18-24,Yes
B14525,,IL,18-24,
B13940,Detroit,MI,18 to 24,
B03400,Las Vegas,NV,35-44,
B05524,Atlanta,GA,45 to 54,N
B17492,Miami,FL,35 to 44,N
B11714,San Antonio,TX,25-34,yes
B01685,New York,NY,18-24,Yes
B12979,San Antonio,TX,25-34,No
B11457,San Antonio,TX,25 to 34,N
B13446,Detroit,MI,45 to 54,TRUE
B08141,Washington,DC,55+,
B05540,Atlanta,GA,35-44,yes
B03711,Las Vegas,NV,35-44,No
B00240,NYC,NY,35-44,Y
B07253,ATL,GA,18-24 ,Y
B15469,Chicago,IL,25-34,Yes
B16798,Camden,NJ,35 to 44,TRUE
B15967,Austin,TX,35 to 44,No
B03557,Las Vegas,NV,25-34,TRUE
B07943,Baltimore,MD,35-44,Yes
B03098,Las Vegas,NV,35-44,Yes
B14719,Charlotte,NC,25-34,yes
B11846,San Antonio,TX,35-44,FALSE
B00267,New York,NY,18-24,FALSE
B11986,Houston,TX,25-34,TRUE
B02970,Las Vegas,NV,45-54,Yes
B12192,,TX,35-44,No
B17243,Philadelphia,PA,25-34,FALSE
B12101,San Antonio,TX,45-54,yes
B14232,Wilmington,DE,35 to 44,No
B13595,Chicago,IL,18-24,Yes
B00026,New York,NY,55+,Yes
B02290,"new york, ny",NY,35 to 44,yes
B10789,Wilmington,DE,25-34,
B17317,Richmond,VA,35-44,yes
B13458,Wilmington,DE,45-54,No
B06940,Atlanta,GA,35 to 44,TRUE
B03394,Las Vegas,NV,35-44,N
B12442,Houston,TX,25-34,N
B16797,Miami,FL,55+,TRUE
B02300,New York,NY,45-54,Yes
B03341,Las Vegas,NV,25-34,No
B12150,Austin,TX,25-34,No
B06344,Atlanta,GA,35 to 44,Y
B14429,Baltimore,MD,18-24 ,yes
B01006,"new york, ny",NY,25-34,N
B13260,Houston,TX,25-34,
B10514,Philadelphia,PA,25-34,yes
B00640,New York,NY,55+,yes
B10361,Philadelphia,PA,45-54,FALSE
B14129,Miami,FL,25-34,Y
B17100,Birmingham,AL,18-24,yes
B16849,Camden,NJ,25-34,FALSE
B13742,Philadelphia,PA,18-24,TRUE
B00882,New York,NY,45-54,
B02992,Las Vegas,NV,25-34yrs,yes
B07844,"Washington, D.C.",DC,35-44,yes
B03686,Vegas,NV,25-34,FALSE
B16841,Philadelphia,PA,18-24,TRUE
B08088,Baltimore,MD,45-54,No
B06114,Atlanta,GA,18-24,No
B17804,New York,NY,35-44,TRUE
B12187,Houston,TX,45-54,No
B02775,Las Vegas,NV,35 to 44,Y
B16502,,NJ,35-44,Yes
B03203,Las Vegas,NV,55+,
B08593,Washington,DC,25-34,Yes
B16205,Newark,NJ,55+,No
B03741,Vegas,NV,35-44,FALSE
B17217,Wilmington,DE,45-54,Yes
B02418,New York,NY,25 to 34,yes
B11119,Camden,NJ,35-44,yes
B13435,Dallas,TX,25-34,FALSE
B12513,Houston,TX,18-24 ,FALSE
B08489,"Washington, D.C.",DC,25-34,Y
B15841,Wilmington,DE,25-34,No
B17613,Dallas,TX,25-34,N
B17461,Los Angeles,CA,25-34,yes
B04965,Las Vegas,NV,25-34yrs,
B16876,Houston,TX,55+,Yes
B15310,New York,NY,35-44,FALSE
B16499,Miami,FL,25 to 34,N
B07350,Atlanta,GA,35-44,Yes
B02797,Las Vegas,NV,45 to 54,Y
B01064,New York,NY,35-44,Yes
B17649,Houston,TX,35-44,Y
B15843,Philadelphia,PA,45-54,Yes
B18094,Washington,DC,35-44,N
B17859,Philadelphia,PA,35-44,Yes
B13461,Philadelphia,PA,45-54,TRUE
B02335,New York,NY,45-54,No
B04624,Las Vegas,NV,45-54,yes
B15874,Phoenix,AZ,35-44,FALSE
B06611,Atlanta,GA,25-34,N
B00346,New York,NY,55+,Yes
B02425,New York,NY,18-24,N
B15142,Phoenix,AZ,25-34yrs,Y
B12414,San Antonio,TX,25-34,FALSE
B08759,Baltimore,MD,25-34,Y
B01716,New York,NY,18 to 24,Y
B14348,Dallas,TX,25-34,No
B18337,Birmingham,AL,55+,Yes
B09231,Baltimore,MD,25-34,FALSE
B10095,Wilmington,DE,55+,yes
B00150,New York,NY,18-24,Y
B09206,Washington,DC,18 to 24,
B15613,Dallas,TX,35-44,Yes
B18116,Baltimore,MD,35-44,N
B07296,ATL,GA,35-44,FALSE
B01074,New York,NY,45-54,Y
B04712,Las Vegas,NV,25-34,No
B14241,Austin,TX,45 to 54,
B11626,San Antonio,TX,25-34,
B16642,Austin,TX,35-44,TRUE
B00761,"new york, ny",NY,45-54,Yes
B08483,Baltimore,MD,35-44,N
B06297,Atlanta,GA,25-34,Y
B13320,San Antonio,TX,25-34,
B04149,Las Vegas,NV,18-24,N
B09614,Camden,NJ,18-24,N
B15212,New York,NY,45-54,Y
B02986,Las Vegas,NV,45-54,FALSE
B04455,Las Vegas,NV,35-44,TRUE
B10188,Camden,NJ,25-34yrs,N
B14760,Atlanta,GA,35-44,
B13988,Wilmington,DE,18-24,yes
B16579,Charlotte,NC,45-54,yes
B14994,Atlanta,GA,18-24,N
B15921,DC,DC,45 to 54,
B16469,Newark,NJ,25-34,Y
B08539,Washington,DC,25-34,Yes
B15860,Philadelphia,PA,45-54,Yes
B01546,New York,NY,25-34,yes
B14889,Philly,PA,55+,TRUE
B13902,Atlanta,GA,45-54,Yes
B08957,Baltimore,MD,45-54,TRUE
B00212,New York,NY,45 to 54,TRUE
B14258,NYC,NY,55+,
B01518,New York,NY,25 to 34,FALSE
B14299,Los Angeles,CA,45-54,Yes
B08598,Baltimore,MD,25-34,Yes
B14653,Vegas,NV,45-54,FALSE
B02361,New York,NY,18-24,FALSE
B00198,New York,NY,55+,yes
B04745,Las Vegas,NV,35-44,Yes
B15510,Charlotte,NC,25-34,Y
B15393,Austin,TX,35-44,FALSE
B01208,New York,NY,35-44,
B08949,Baltimore,MD,18-24,yes
B09618,Philadelphia,PA,35-44,FALSE
B10766,Wilmington,DE,18-24,Yes
B14132,Washington,DC,35 to 44,Y
B16145,Richmond,VA,45-54,yes
B13423,NYC,NY,25-34,No
B05637,Atlanta,GA,35-44,Yes
B00158,New York,NY,35-44,yes
B11890,Houston,TX,25-34,FALSE
B02933,Las Vegas,NV,25 to 34,yes
B01585,New York,NY,25-34,Yes
B17387,Camden,NJ,35 to 44,FALSE
B16024,Houston,TX,35-44,yes
B15217,San Antonio,TX,25-34,Y
B03297,Las Vegas,NV,45-54,yes
B02371,New York,NY,45-54,Y
B00984,New York,NY,35 to 44,N
B13451,"new york, ny",NY,55 plus,No
B13732,Baltimore,MD,55+,FALSE
B11821,Austin,TX,25-34,
B06891,Atlanta,GA,18-24,No
B08208,Washington,DC,18-24,N
B08734,Baltimore,MD,18-24,FALSE
B11713,San Antonio,TX,45 to 54,FALSE
B01129,New York,NY,18 to 24,
B01677,New York,NY,25-34,TRUE
B17972,Houston,TX,25-34,Y
B01933,New York,NY,25-34,FALSE
B09930,Camden,NJ,25-34,Yes
B07861,Baltimore,MD,35 to 44,Yes
B11707,San Antonio,TX,25-34yrs,Yes
B05930,ATL,GA,18-24,N
B06429,ATL,GA,18-24,yes
B13214,SA,TX,25-34,
B10123,Wilmington,DE,25 to 34,Yes
B17274,Atlanta,GA,18-24,TRUE
B12963,Houston,TX,25-34,Y
B10721,Philadelphia,PA,25 to 34,
B01166,New York,NY,35-44,Yes
B13686,Wilmington,DE,25-34,FALSE
B10183,Philly,PA,18-24,TRUE
B13419,Dallas,TX,55+,TRUE
B13770,Phoenix,AZ,55+,No
B03408,Las Vegas,NV,25-34,FALSE
B05559,Atlanta,GA,35-44,Yes
B07808,Washington,DC,25-34,FALSE
B15523,Houston,TX,55+,Y
B08242,Washington,DC,25 to 34,
B17333,Charlotte,NC,18-24,Yes
B05325,Atlanta,GA,18-24,No
B00856,New York,NY,25-34,Yes
B02835,Las Vegas,NV,18-24,yes
B01383,New York,NY,35-44,yes
B02302,New York,NY,35 to 44,Y
B17953,Los Angeles,CA,45-54,Y
B10155,Philadelphia,PA,35-44,Yes
B00071,New York,NY,35-44,FALSE
B08810,Washington,DC,25-34,No
B00045,New York,NY,25-34,
B14998,Dallas,TX,18-24,
B17876,Washington,DC,35-44,FALSE
B13525,Houston,TX,45 to 54,Y
B16019,Los Angeles,CA,45-54,TRUE
B16509,Philly,PA,25-34,Y
B11411,SA,TX,18-24,Yes
B13692,Vegas,NV,55+,No
B15974,Chicago,IL,25-34,Yes
B15418,Las Vegas,NV,55+,TRUE
B06320,Atlanta,GA,25-34,No
B01792,NYC,NY,18-24,Yes
B01754,New York,NY,25-34,yes
B02650,Las Vegas,NV,18-24 ,N
B05627,Atlanta,GA,18-24,No
B02375,New York,NY,35-44,No
B01853,New York,NY,45-54,
B14634,Detroit,MI,35-44,yes
B09848,Wilmington,DE,25 to 34,Yes
B05662,Atlanta,GA,35-44,FALSE
B01225,New York,NY,45 to 54,Y
B02727,Las Vegas,NV,25-34,FALSE
B16188,Birmingham,AL,25-34yrs,yes
B00825,New York,NY,45-54,Yes
B00707,"new york, ny",NY,35-44,No
B18357,Phoenix,AZ,45 to 54,Y
B11372,Wilmington,DE,55+,N
B03167,Las Vegas,NV,18-24 ,
B16617,Atlanta,GA,35-44,yes
B03456,Las Vegas,NV,25-34,FALSE
B10599,Wilmington,DE,25-34yrs,Y
B16065,San Antonio,TX,45-54,N
B07251,Atlanta,GA,25-34,Y
B01470,New York,NY,35-44,No
B00193,New York,NY,35-44,yes
B04099,Las Vegas,NV,25-34,N
B11493,San Antonio,TX,45 to 54,No
B04579,Las Vegas,NV,25-34yrs,Yes
B11472,Austin,TX,18-24,Y
B13383,Houston,TX,25-34,Yes
B00944,New York,NY,25-34,Y
B16627,Philadelphia,PA,18-24,yes
B18305,Phoenix,AZ,35-44,TRUE
B14895,New York,NY,35-44,Yes
B15272,New York,NY,55 plus,TRUE
B02467,New York,NY,18-24 ,Y
B11789,SA,TX,18-24,N
B15100,Newark,NJ,25-34yrs,FALSE
B18122,Detroit,MI,35-44,FALSE
B05766,Atlanta,GA,25-34,Y
B05963,Atlanta,GA,35-44,No
B12144,San Antonio,TX,35-44,Yes
B14402,Richmond,VA,35 to 44,Y
B00182,New York,NY,45-54,Yes
B02732,Las Vegas,NV,35-44,Yes
B17296,Los Angeles,CA,25-34,Yes
B01341,New York,NY,35-44,TRUE
B06504,Atlanta,GA,25 to 34,N
B08834,Washington,DC,25-34,TRUE
B01886,New York,NY,25-34,Yes
B17156,Charlotte,NC,25-34,Y
B13368,Detroit,MI,25-34,Yes
B12239,San Antonio,TX,45-54,
B14160,Philadelphia,PA,25-34,N
B11959,Houston,TX,18 to 24,No
B17163,Philadelphia,PA,35-44,yes
B11738,HTX,TX,25-34,Yes
B06938,atlanta,GA,55+,TRUE
B07849,Washington,DC,25-34,No
B00326,New York,NY,25-34,yes
B11311,Wilmington,DE,18-24,TRUE
B07025,Atlanta,GA,35-44,yes
B11777,Houston,TX,35-44,Yes
B15436,Austin,TX,18-24,Y
B14090,Atlanta,GA,25-34,Y
B00576,"new york, ny",NY,45-54,N
B08720,Baltimore,MD,35 to 44,FALSE
B16734,Dallas,TX,25-34yrs,Y
B06458,Atlanta,GA,18-24,No
B09738,Camden,NJ,35 to 44,FALSE
B02488,New York,NY,25 to 34,Y
B07514,Atlanta,GA,55+,
B06152,Atlanta,GA,45-54,yes
B06042,,GA,18-24,yes
B01418,New York,NY,35-44,Y
B07422,Atlanta,GA,55 plus,
B12698,San Antonio,TX,55+,yes
B11917,San Antonio,TX,18-24,
B05418,,GA,35-44,FALSE
B01195,NYC,NY,18-24,TRUE
B06262,Atlanta,GA,18-24,TRUE
B05512,ATL,GA,25-34,TRUE
B16149,Miami,FL,25-34,Yes
B13772,Chicago,IL,45-54,
B09315,Baltimore,MD,25 to 34,TRUE
B07130,Atlanta,GA,55+,
B01799,New York,NY,25-34,N
B17063,Chicago,IL,35-44,N
B17938,Birmingham,AL,35-44,
B10037,Wilmington,DE,18-24,TRUE
B16477,Camden,NJ,45-54,
B15103,Camden,NJ,45 to 54,N
B04107,Las Vegas,NV,25-34,
B14503,Richmond,VA,18-24,FALSE
B00986,"new york, ny",NY,35-44,N
B08520,Baltimore,MD,18-24,yes
B00898,New York,NY,18 to 24,
B15641,Miami,FL,35-44,Yes
B02387,New York,NY,35-44,FALSE
B14720,Camden,NJ,18-24,TRUE
B14693,Richmond,VA,18-24,Yes
B01320,New York,NY,25-34,No
B08254,Washington,DC,18-24,Y
B03233,Las Vegas,NV,25-34,Yes
B01591,NYC,NY,18-24,TRUE
B16335,Charlotte,NC,18-24,
B02401,New York,NY,35-44,TRUE
B17040,San Antonio,TX,25-34,yes
B15735,Miami,FL,45 to 54,yes
B00400,New York,NY,25-34,N
B14721,Philadelphia,PA,45-54,Y
B13727,Charlotte,NC,18-24,FALSE
B05319,Atlanta,GA,35-44,yes
B16965,NYC,NY,18-24,
B15161,Wilmington,DE,25-34,FALSE
B00879,New York,NY,45-54,N
B12463,Houston,TX,25-34,
B08168,Washington,DC,25-34,FALSE
B16844,New York,NY,25-34,
B17211,Birmingham,AL,35-44,Yes
B07220,Atlanta,GA,35-44,
B08093,Washington,DC,35-44,N
B11414,Houston,TX,35-44,N
B09617,Philadelphia,PA,18-24,FALSE
B17380,Los Angeles,CA,25-34,N
B17326,Houston,TX,35-44,Y
B03475,Las Vegas,NV,35-44,Yes
B02850,Las Vegas,NV,25-34,FALSE
B15157,Richmond,VA,55+,TRUE
B15552,Chicago,IL,45-54,yes
B14821,Austin,TX,45-54,FALSE
B00227,New York,NY,35 to 44,N
B09968,Camden,NJ,25-34yrs,No
B03940,Las Vegas,NV,25-34yrs,No
B00906,New York,NY,18-24,yes
B04522,Las Vegas,NV,18-24,TRUE
B13936,Chicago,IL,45-54,Yes
B03381,Las Vegas,NV,18-24,Y
B04982,Las Vegas,NV,25 to 34,FALSE
B04253,Las Vegas,NV,35-44,Yes
B15958,Phoenix,AZ,45-54,yes
B13515,Atlanta,GA,18-24 ,Y
B14399,Newark,NJ,25-34,
B09497,Baltimore,MD,45-54,FALSE
B11058,Wilmington,DE,25-34,No
B03005,,NV,55+,
B13872,San Antonio,TX,35-44,FALSE
B04363,Las Vegas,NV,45-54,yes
B03637,Las Vegas,NV,25-34,Y
B17905,"Washington, D.C.",DC,35-44,TRUE
B05813,Atlanta,GA,25-34,yes
B16803,Wilmington,DE,45-54,Yes
B03166,Las Vegas,NV,35-44,N
B17963,Phoenix,AZ,25-34,Yes
B02062,NYC,NY,55+,TRUE
B02685,Las Vegas,NV,25 to 34,N
B18277,Miami,FL,35 to 44,FALSE
B09656,Wilmington,DE,45 to 54,N
B16234,Dallas,TX,18-24,Yes
B15914,Wilmington,DE,25-34,yes
B16485,Camden,NJ,25-34,No
B08793,Baltimore,MD,45 to 54,
B09369,Washington,DC,55+,No
B16081,Las Vegas,NV,25-34,yes
B12728,San Antonio,TX,25-34,yes
B02566,New York,NY,45-54,N
B08083,Baltimore,MD,25 to 34,TRUE
B00537,New York,NY,18-24,No
B01270,New York,NY,45-54,N
B00535,New York,NY,55+,Y
B14631,Newark,NJ,25-34,TRUE
B08678,Washington,DC,35-44,Yes
B12392,Austin,TX,45-54,
B08579,Washington,DC,55+,TRUE
B08250,Baltimore,MD,18-24,Y
B13973,Philadelphia,PA,35 to 44,FALSE
B01118,New York,NY,25-34,Y
B05283,ATL,GA,55 plus,Y
B05245,Atlanta,GA,35 to 44,Yes
B10074,Camden,NJ,18-24,No
B01734,New York,NY,25-34,yes
B01683,New York,NY,35 to 44,Y
B00427,New York,NY,35-44,yes
B08456,Washington,DC,35-44,N
B14639,Atlanta,GA,55+,
B05250,,GA,18-24,yes
B00546,,NY,35-44,No
B16297,Newark,NJ,25-34,Yes
B17078,Los Angeles,CA,25-34,yes
B02967,Vegas,NV,25-34,N
B00714,"new york, ny",NY,18-24,N
B17029,Miami,FL,18-24,Yes
B03988,Las Vegas,NV,35-44,TRUE
B01442,New York,NY,55 +,Y
B08591,"Washington, D.C.",DC,55 +,yes
B14790,Atlanta,GA,55 +,Y
B02881,Vegas,NV,18-24,TRUE
B11497,San Antonio,TX,45-54,Yes
B08976,Washington,DC,35-44,Y
B09220,Baltimore,MD,25-34yrs,Yes
B15126,Richmond,VA,35 to 44,N
B07001,Atlanta,GA,35-44,Yes
B15883,Atlanta,GA,18-24,
B10941,Wilmington,DE,25-34,No
B17827,New York,NY,18 to 24,Y
B13514,San Antonio,TX,35-44,yes
B04877,,NV,45 to 54,Y
B17527,Phoenix,AZ,35-44,Y
B04216,Las Vegas,NV,25-34,Yes
B11717,Austin,TX,25-34,TRUE
B04231,Las Vegas,NV,45 to 54,FALSE
B14472,Detroit,MI,35-44,
B16720,Los Angeles,CA,45-54,TRUE
B17330,San Antonio,TX,35-44,N
B15774,Wilmington,DE,25-34,No
B01123,"new york, ny",NY,25-34,yes
B08133,"Washington, D.C.",DC,35-44,FALSE
B11013,Camden,NJ,45-54,No
B01722,New York,NY,35-44,Y
B17030,Philadelphia,PA,25-34,N
B14244,Washington,DC,45-54,TRUE
B16406,Camden,NJ,18-24,FALSE
B13624,Washington,DC,35-44,Y
B17271,Chicago,IL,35-44,Yes
B17398,Washington,DC,35 to 44,yes
B15705,Las Vegas,NV,25-34,Y
B10485,Philly,PA,55+,
B15083,Vegas,NV,25 to 34,yes
B04988,Las Vegas,NV,55+,Y
B06311,Atlanta,GA,18 to 24,N
B17700,Newark,NJ,18-24,yes
B18284,Miami,FL,18-24,yes
B07055,Atlanta,GA,18 to 24,Yes
B13855,Detroit,MI,35-44,FALSE
B18067,Phoenix,AZ,25-34yrs,FALSE
B16697,San Antonio,TX,55+,yes
B03837,Las Vegas,NV,35-44,No
B09924,Philadelphia,PA,25-34,Yes
B02901,Las Vegas,NV,25-34,TRUE
B09684,Wilmington,DE,35 to 44,N
B14268,Miami,FL,25-34,yes
B18143,Philadelphia,PA,25-34,FALSE
B07283,Atlanta,GA,25-34,
B01119,New York,NY,45 to 54,FALSE
B09652,Camden,NJ,35-44,TRUE
B15366,Philadelphia,PA,25-34,
B11400,Wilmington,DE,25-34,Y
B05305,atlanta,GA,35-44,N
B08052,Washington,DC,25-34,Y
B00486,New York,NY,35-44,FALSE
B09165,Washington,DC,25-34,TRUE
B00790,New York,NY,25-34,No
B13773,Houston,TX,25-34,N
B14535,Baltimore,MD,35-44,yes
B17877,Austin,TX,35-44,No
B15281,Newark,NJ,18-24,yes
B01288,New York,NY,18-24,Yes
B06240,Atlanta,GA,25-34,FALSE
B15467,Los Angeles,CA,18-24 ,Y
B01363,New York,NY,25-34yrs,Y
B07021,Atlanta,GA,45 to 54,No
B02557,New York,NY,18-24,No
B13427,Wilmington,DE,25-34,Yes
B03417,,NV,18-24,yes
B12901,San Antonio,TX,45 to 54,Y
B14279,New York,NY,25-34,Yes
B02373,New York,NY,35-44,No
B00325,New York,NY,18-24,TRUE
B00588,"new york, ny",NY,18-24,FALSE
B04324,Las Vegas,NV,25-34,No
B12021,Austin,TX,25-34,yes
B01024,New York,NY,35-44,TRUE
B13327,Vegas,NV,35 to 44,yes
B00680,NYC,NY,35-44,N
B00754,NYC,NY,45-54,FALSE
B17830,Newark,NJ,25-34yrs,Yes
B00659,New York,NY,25-34,TRUE
B09723,Camden,NJ,45-54,N
B13336,Camden,NJ,35-44,yes
B05279,Atlanta,GA,18-24,TRUE
B07829,Baltimore,MD,35-44,TRUE
B17407,Atlanta,GA,25-34,No
B03322,Las Vegas,NV,35-44,Y
B15172,Detroit,MI,25-34,yes
B07681,Atlanta,GA,25-34,N
B16629,Houston,TX,35-44,Y
B11540,HTX,TX,25-34,N
B02591,New York,NY,35-44,
B16387,Las Vegas,NV,25-34,
B04943,Las Vegas,NV,25-34,No
B13168,Austin,TX,45-54,No
B02575,New York,NY,55 +,Yes
B11905,SA,TX,45-54,TRUE
B13302,Richmond,VA,25-34,yes
B17272,atlanta,GA,18-24,No
B14812,Las Vegas,NV,35 to 44,TRUE
B09456,Washington,DC,18 to 24,
B00648,New York,NY,45 to 54,yes
B08786,Baltimore,MD,35-44,
B01025,New York,NY,18-24,yes
B17955,Miami,FL,18-24,TRUE
B17828,Houston,TX,35 to 44,Yes
B16479,Detroit,MI,25-34,FALSE
B13758,Los Angeles,CA,25-34,yes
B10491,Philly,PA,35 to 44,FALSE
B12304,Austin,TX,35-44,TRUE
B03844,Las Vegas,NV,18-24,yes
B15732,Charlotte,NC,25-34,N
B12146,Houston,TX,45-54,Y
B14346,Chicago,IL,45-54,yes
B08767,Washington,DC,35-44,Y
B11767,Austin,TX,18-24,yes
B01185,New York,NY,35-44,Yes
B08128,Baltimore,MD,18-24 ,No
B09919,Camden,NJ,45-54,FALSE
B06949,Atlanta,GA,35-44,yes
B13072,Austin,TX,25-34,
B13492,Phoenix,AZ,35-44,yes
B00907,"new york, ny",NY,25-34yrs,N
B11000,Philadelphia,PA,18-24 ,
B05400,atlanta,GA,18-24,Yes
B02594,New York,NY,35-44,N
B11809,Houston,TX,35 to 44,Y
B11482,Austin,TX,25-34yrs,No
B14894,Dallas,TX,35-44,N
B15107,Baltimore,MD,25-34,Yes
B13230,Baltimore,MD,25-34,Y
B11693,Austin,TX,35-44,No
B02914,Las Vegas,NV,18-24 ,Y
B13038,Austin,TX,45 to 54,FALSE
B00560,NYC,NY,25-34,Y
B15047,Wilmington,DE,55 +,Y
B14656,Richmond,VA,35-44,N
B15980,Phoenix,AZ,35-44,FALSE
B16700,Chicago,IL,25-34,Y
B17116,Phoenix,AZ,25-34,yes
B04372,Las Vegas,NV,25-34,yes
B09364,Baltimore,MD,45-54,
B14092,Newark,NJ,35-44,TRUE
B03423,Vegas,NV,18-24,Yes
B13479,HTX,TX,25-34,Yes
B17616,Dallas,TX,25-34,TRUE
B00891,,NY,25-34,N
B00146,New York,NY,18-24,N
B13632,Phoenix,AZ,55+,No
B12681,San Antonio,TX,25-34,Y
B02368,New York,NY,25-34,TRUE
B00421,New York,NY,25-34,FALSE
B00613,New York,NY,25-34,yes
B13674,Detroit,MI,35-44,Y
B11586,San Antonio,TX,45-54,TRUE
B13591,New York,NY,45-54,Yes
B10861,Philadelphia,PA,35-44,Yes
B01871,NYC,NY,25-34,FALSE
B00410,New York,NY,25-34,FALSE
B12662,Austin,TX,18-24,TRUE
B08703,Washington,DC,35 to 44,yes
B12330,Austin,TX,45-54,Yes
B14882,Los Angeles,CA,35-44,yes
B01480,New York,NY,35-44,Y
B11479,Houston,TX,35 to 44,
B06709,Atlanta,GA,25-34,Yes
B18139,Phoenix,AZ,35-44,Yes
B05264,atlanta,GA,18 to 24,TRUE
B16963,"new york, ny",NY,25-34,yes
B18396,Baltimore,MD,45-54,TRUE
B14063,Miami,FL,25-34,
B09895,Camden,NJ,25-34,Yes
B04806,Las Vegas,NV,18-24,Yes
B14316,Richmond,VA,45-54,TRUE
B05797,Atlanta,GA,25-34,FALSE
B07696,atlanta,GA,25-34yrs,FALSE
B14243,Atlanta,GA,35 to 44,TRUE
B10523,Wilmington,DE,35-44,N
B13557,Chicago,IL,35-44,Yes
B12229,Austin,TX,25 to 34,yes
B02795,Vegas,NV,25-34,TRUE
B05919,Atlanta,GA,25-34,TRUE
B08258,Baltimore,MD,35-44,TRUE
B16138,Richmond,VA,25-34,Yes
B08164,DC,DC,35-44,No
B07757,Atlanta,GA,45-54,Y
B13833,Baltimore,MD,45-54,yes
B00881,New York,NY,35-44,Yes
B18267,Dallas,TX,45 to 54,Yes
B11706,San Antonio,TX,25-34,N
B17073,Detroit,MI,18-24,No
B00505,"new york, ny",NY,18-24,TRUE
B15509,Atlanta,GA,45-54,Y
B16612,Newark,NJ,45-54,Yes
B00243,New York,NY,25 to 34,FALSE
B17536,New York,NY,55+,Y
B15496,Detroit,MI,25-34yrs,FALSE
B12349,Houston,TX,18-24,N
B16105,Birmingham,AL,45-54,TRUE
B00030,NYC,NY,25-34,yes
B03226,Las Vegas,NV,25-34,TRUE
B13808,Phoenix,AZ,25-34,
B00149,"new york, ny",NY,35-44,
B02092,New York,NY,45-54,Yes
B03540,Las Vegas,NV,35-44,yes
B03124,Vegas,NV,55+,
B16329,Wilmington,DE,18-24 ,yes
B12886,San Antonio,TX,25-34yrs,No
B00262,New York,NY,35-44,Y
B07426,Atlanta,GA,25 to 34,Yes
B14054,Chicago,IL,45 to 54,N
B17264,Camden,NJ,25-34,yes
B11616,Austin,TX,18-24,FALSE
B11752,Austin,TX,55+,Yes
B16544,Newark,NJ,25-34yrs,TRUE
B00589,"new york, ny",NY,18 to 24,No
B03894,Las Vegas,NV,35-44,Y
B09802,Wilmington,DE,25-34,TRUE
B00978,New York,NY,35-44,TRUE
B04564,Las Vegas,NV,18-24,yes
B01661,"new york, ny",NY,25 to 34,yes
B00916,New York,NY,55+,No
B09943,Camden,NJ,25-34,No
B03409,Las Vegas,NV,45-54,yes
B12315,HTX,TX,25-34,TRUE
B02662,Las Vegas,NV,45 to 54,
B07904,Baltimore,MD,25-34yrs,Y
B14762,Birmingham,AL,25 to 34,TRUE
B11478,Houston,TX,18-24,TRUE
B10358,Wilmington,DE,45-54,FALSE
B11562,San Antonio,TX,45 to 54,
B15530,Richmond,VA,25-34,yes
B12175,Austin,TX,45-54,Yes
B13342,"Washington, D.C.",DC,55 plus,TRUE
B12579,Austin,TX,25-34yrs,yes
B04905,Las Vegas,NV,25-34,Yes
B02954,Vegas,NV,35-44,
B17473,,TX,35 to 44,yes
B12083,Houston,TX,45 to 54,Yes
B13860,Charlotte,NC,35-44,TRUE
B02793,Las Vegas,NV,35-44,TRUE
B00103,New York,NY,25 to 34,
B03512,Las Vegas,NV,25-34,Yes
B11560,Austin,TX,25 to 34,Y
B13389,,AL,25-34,Y
B01258,New York,NY,25-34,FALSE
B04009,Vegas,NV,45-54,N
B09716,Wilmington,DE,45-54,No
B00531,New York,NY,35-44,N
B00024,New York,NY,25-34yrs,
B05443,ATL,GA,25-34yrs,N
B17983,Chicago,IL,25-34,Yes
B09809,Philadelphia,PA,18-24 ,Y
B12949,San Antonio,TX,18-24,No
B13344,Newark,NJ,25-34,FALSE
B09974,Wilmington,DE,25-34,TRUE
B14273,Charlotte,NC,45-54,FALSE
B07053,Atlanta,GA,45-54,FALSE
B15934,Birmingham,AL,45 to 54,
B00564,New York,NY,35 to 44,Y
B01436,New York,NY,35-44,No
B09776,Philadelphia,PA,18-24,N
B00853,New York,NY,45-54,TRUE
B05956,Atlanta,GA,18-24,Y
B13939,Charlotte,NC,25-34,N
B04599,Vegas,NV,18-24,Yes
B09783,Philadelphia,PA,55+,Y
B01804,"new york, ny",NY,55+,FALSE
B13919,Philadelphia,PA,25-34yrs,yes
B17455,Los Angeles,CA,35-44,Yes
B16956,Wilmington,DE,18-24,No
B13511,"new york, ny",NY,25-34,TRUE
B00056,New York,NY,25-34,No
B02174,New York,NY,25-34,Y
B13652,Los Angeles,CA,18-24,TRUE
B02144,"new york, ny",NY,35-44,TRUE
B00827,New York,NY,35-44,No
B16033,Newark,NJ,25-34,yes
B02897,Las Vegas,NV,25-34,Y
B04332,Las Vegas,NV,35-44,No
B15451,,AZ,25-34,TRUE
B10395,Philadelphia,PA,25-34,FALSE
B05569,Atlanta,GA,55+,TRUE
B11617,HTX,TX,25-34yrs,
B09737,Camden,NJ,45-54,Y
B12965,Houston,TX,35-44,Y
B14046,Austin,TX,55+,No
B11017,Philadelphia,PA,35-44,No
B16375,Birmingham,AL,25 to 34,TRUE
B01974,New York,NY,55+,Yes
B13554,Los Angeles,CA,35-44,Y
B13463,Camden,NJ,25-34,Yes
B09196,Washington,DC,18-24,Y
B14555,Dallas,TX,35-44,Yes
B01077,New York,NY,25-34,Y
B14598,Detroit,MI,35-44,TRUE
B14948,Camden,NJ,35 to 44,N
B01554,New York,NY,45 to 54,No
B01069,New York,NY,25-34yrs,Yes
B11740,,TX,25-34,TRUE
B14766,Miami,FL,25-34,Yes
B03100,Las Vegas,NV,25-34,No
B01897,New York,NY,35-44,N
B02535,New York,NY,55 plus,yes
B18254,Atlanta,GA,25-34,TRUE
B11634,Austin,TX,35-44,
B02809,Las Vegas,NV,35-44,
B04467,Las Vegas,NV,25-34,N
B01000,"new york, ny",NY,35-44,TRUE
B13918,Detroit,MI,45-54,FALSE
B14897,,CA,18-24,Yes
B10894,Philadelphia,PA,35-44,
B15064,Philly,PA,25-34,Y
B03373,Vegas,NV,25-34,
B15610,Newark,NJ,25-34,TRUE
B02923,Las Vegas,NV,55+,No
B05595,,GA,45-54,yes
B13478,Philadelphia,PA,45-54,Y
B00671,New York,NY,45-54,yes
B08388,Baltimore,MD,25-34,No
B03491,Las Vegas,NV,35-44,N
B05872,Atlanta,GA,35-44,yes
B03660,Las Vegas,NV,35-44,yes
B02904,,NV,25-34,TRUE
B07805,Baltimore,MD,45-54,TRUE
B08640,Baltimore,MD,25-34,Y
B10141,Camden,NJ,18-24,FALSE
B04124,Las Vegas,NV,25-34,Y
B04611,Las Vegas,NV,25-34,No
B13503,Richmond,VA,25-34,FALSE
B13433,Camden,NJ,25-34,No
B18392,Philadelphia,PA,18-24,N
B01515,New York,NY,25-34,N
B00225,New York,NY,35 to 44,No
B11668,San Antonio,TX,35 to 44,yes
B09281,DC,DC,25 to 34,Y
B18179,Dallas,TX,35-44,FALSE
B01750,New York,NY,25-34,N
B16476,Phoenix,AZ,18-24,Yes
B12108,HTX,TX,35-44,N
B17223,Las Vegas,NV,25-34,yes
B16351,Los Angeles,CA,25-34,Y
B13603,Wilmington,DE,18-24 ,Yes
B00037,New York,NY,55+,No
B16800,Houston,TX,35-44,
B14920,Austin,TX,35-44,Yes
B02838,Las Vegas,NV,35-44,yes
B10513,Philadelphia,PA,25-34,FALSE
B12472,,TX,25-34,N
B15314,Birmingham,AL,35-44,yes
B02896,Las Vegas,NV,25-34,TRUE
B14873,New York,NY,18-24,Y
B04813,Vegas,NV,25-34,Yes
B17854,Newark,NJ,25-34,Y
B10261,Philadelphia,PA,25-34yrs,TRUE
B01714,New York,NY,55+,FALSE
B05645,Atlanta,GA,25-34,TRUE
B17509,Wilmington,DE,35-44,No
B03575,Las Vegas,NV,35 to 44,N
B17562,Wilmington,DE,55+,Y
B08926,Baltimore,MD,35-44,
B17946,Philadelphia,PA,25 to 34,N
B00123,New York,NY,35-44,Yes
B09395,Baltimore,MD,18 to 24,FALSE
B14614,Wilmington,DE,35 to 44,FALSE
B16710,Phoenix,AZ,35-44,No
B05825,atlanta,GA,35-44,yes
B13619,Austin,TX,18-24,FALSE
B10857,Philadelphia,PA,25-34,TRUE
B15173,Phoenix,AZ,25-34,
B03873,Las Vegas,NV,18-24,
B11933,Houston,TX,25-34,No
B12429,Austin,TX,35-44,N
B02172,New York,NY,18-24,Y
B01510,NYC,NY,25 to 34,FALSE
B03075,Las Vegas,NV,55+,FALSE
B08227,Baltimore,MD,35-44,Y
B00553,New York,NY,18-24,Y
B13493,Miami,FL,25-34,yes
B02806,Las Vegas,NV,18-24,yes
B08895,"Washington, D.C.",DC,25-34,Yes
B10061,Camden,NJ,18-24,Yes
B15678,Las Vegas,NV,45-54,Y
B01731,New York,NY,35-44,Yes
B12594,Austin,TX,18-24 ,No
B13929,Houston,TX,18-24,TRUE
B03094,Las Vegas,NV,35 to 44,yes
B03537,Las Vegas,NV,18-24,Yes
B13981,Phoenix,AZ,25-34,TRUE
B11140,Wilmington,DE,18-24,Y
B00338,New York,NY,55 plus,Y
B16846,Baltimore,MD,35 to 44,No
B13031,San Antonio,TX,45-54,No
B00258,NYC,NY,25-34,Yes
B16639,"Washington, D.C.",DC,25-34,
B16935,Detroit,MI,25-34,No
B08856,Baltimore,MD,25-34yrs,N
B16082,Charlotte,NC,18-24 ,TRUE
B02232,New York,NY,18-24,N
B10672,Wilmington,DE,25-34,Y
B10480,Philly,PA,18-24,TRUE
B14439,Baltimore,MD,25-34,
B08868,Baltimore,MD,35-44,TRUE
B14116,SA,TX,55+,N
B02737,Las Vegas,NV,25-34,Yes
B16702,Philadelphia,PA,35-44,N
B03768,Las Vegas,NV,18-24,yes
B15416,Dallas,TX,18-24 ,yes
B02761,Las Vegas,NV,18-24,FALSE
B07247,ATL,GA,25-34,Yes
B12821,HTX,TX,45-54,yes
B15153,Birmingham,AL,55 +,Y
B01861,New York,NY,25-34,N
B14823,Houston,TX,25-34,Y
B13189,San Antonio,TX,45-54,Yes
B06183,Atlanta,GA,35-44,yes
B16729,Detroit,MI,18-24,
B07751,Atlanta,GA,35-44,Y
B04213,Vegas,NV,25-34,FALSE
B05261,Atlanta,GA,35-44,TRUE
B14748,Phoenix,AZ,18-24,yes
B14923,Wilmington,DE,35-44,N
B13413,San Antonio,TX,35 to 44,yes
B13700,Las Vegas,NV,35-44,FALSE
B14039,Los Angeles,CA,35-44,No
B05076,Las Vegas,NV,18 to 24,Y
B16900,Houston,TX,25-34,TRUE
B04784,Vegas,NV,45 to 54,
B17354,New York,NY,25-34,N
B00490,New York,NY,35-44,Y
B05053,Las Vegas,NV,55+,
B00538,"new york, ny",NY,35 to 44,yes
B03655,Las Vegas,NV,25-34,yes
B08585,Baltimore,MD,35-44,Y
B11593,HTX,TX,35-44,
B03383,Las Vegas,NV,25-34,FALSE
B00201,New York,NY,55+,TRUE
B04390,Las Vegas,NV,18-24,yes
B13819,Newark,NJ,18 to 24,
B17289,San Antonio,TX,25-34,TRUE
B13088,Houston,TX,18-24,TRUE
B16928,Philadelphia,PA,35 to 44,Yes
B00756,New York,NY,45 to 54,No
B07817,Baltimore,MD,25 to 34,yes
B02629,Las Vegas,NV,45-54,N
B06955,Atlanta,GA,35-44,Yes
B06030,Atlanta,GA,35-44,No
B01124,New York,NY,35 to 44,Y
B03021,Las Vegas,NV,25-34,Yes
B13470,Charlotte,NC,35 to 44,Yes
B09875,Wilmington,DE,45-54,
B04803,Las Vegas,NV,25-34,TRUE
B01305,New York,NY,18-24,Y
B15858,Newark,NJ,18-24,TRUE
B10028,Wilmington,DE,25 to 34,Y
B17588,,IL,25-34,N
B15880,Dallas,TX,35 to 44,N
B09254,Baltimore,MD,35-44,TRUE
B13740,San Antonio,TX,25-34yrs,Yes
B06589,Atlanta,GA,35-44,Y
B15150,New York,NY,18-24,Y
B14474,Atlanta,GA,25-34,TRUE
B03757,Vegas,NV,35 to 44,
B05555,Atlanta,GA,25-34,Yes
B06654,atlanta,GA,25-34,TRUE
B07385,ATL,GA,25-34,Y
B12499,Austin,TX,55+,N
B02714,Las Vegas,NV,25-34,TRUE
B14182,Dallas,TX,55+,Y
B16598,Philadelphia,PA,55 +,FALSE
B07973,Baltimore,MD,45-54,N
B05389,Atlanta,GA,25-34,N
B13039,Austin,TX,25-34,
B18237,Los Angeles,CA,25-34,yes
B07873,Baltimore,MD,25-34,No
B15447,Philly,PA,45 to 54,FALSE
B15765,Richmond,VA,55+,Y
B07401,Atlanta,GA,35-44,Y
B02338,New York,NY,35-44,TRUE
B12403,Houston,TX,45-54,
B18259,Richmond,VA,35-44,No
B14172,New York,NY,35-44,TRUE
B05173,Las Vegas,NV,35-44,yes
B01388,NYC,NY,35-44,FALSE
B16522,Austin,TX,35-44,Y
B17071,Las Vegas,NV,18-24,Y
B07978,Baltimore,MD,55+,
B03729,Vegas,NV,25-34,N
B05027,Las Vegas,NV,35-44,yes
B12128,San Antonio,TX,35-44,Y
B08023,Baltimore,MD,35-44,yes
B11649,Austin,TX,35-44,Yes
B12407,Austin,TX,25 to 34,Y
B04622,Las Vegas,NV,25-34yrs,No
B00513,New York,NY,25-34,No
B12459,San Antonio,TX,35-44,No
B15480,Philadelphia,PA,25-34,Y
B15926,Detroit,MI,18-24,yes
B14291,Houston,TX,45-54,No
B07924,Washington,DC,35-44,TRUE
B15555,Phoenix,AZ,45-54,yes
B11660,Austin,TX,25-34,yes
B08256,"Washington, D.C.",DC,18 to 24,
B08839,DC,DC,55+,FALSE
B13892,Camden,NJ,25-34,FALSE
B01171,New York,NY,35-44,
B02481,,NY,18-24,yes
B07205,Atlanta,GA,25-34,TRUE
B08420,Baltimore,MD,35-44,
B13416,Newark,NJ,25-34,yes
B11461,Houston,TX,18-24,TRUE
B11758,San Antonio,TX,25-34,FALSE
B09019,Washington,DC,25-34,yes
B07176,Atlanta,GA,35 to 44,No
B05255,Atlanta,GA,35-44,
B16533,Phoenix,AZ,35-44,yes
B12851,Austin,TX,18-24,No
B05210,Atlanta,GA,25-34yrs,TRUE
B12707,San Antonio,TX,18-24,yes
B13455,Los Angeles,CA,25-34yrs,FALSE
B02196,New York,NY,45-54,
B10014,Camden,NJ,55 +,TRUE
B10166,Wilmington,DE,25-34,TRUE
B12119,Austin,TX,45-54,Yes
B04400,Las Vegas,NV,25-34,FALSE
B15267,Birmingham,AL,35 to 44,Yes
B13271,Dallas,TX,25-34,Yes
B10428,Camden,NJ,45 to 54,TRUE
B15268,Miami,FL,25-34,yes
B09371,Washington,DC,25 to 34,Yes
B05851,Atlanta,GA,35 to 44,Y
B03639,Las Vegas,NV,25-34,Yes
B12711,San Antonio,TX,35-44,FALSE
B03292,Las Vegas,NV,25-34,N
B13490,Washington,DC,25-34,Yes
B09123,Baltimore,MD,45 to 54,Yes
B16966,Phoenix,AZ,45-54,No
B15353,SA,TX,35-44,TRUE
B09720,Wilmington,DE,18-24,TRUE
B14454,Birmingham,AL,35-44,No
B17293,Newark,NJ,25-34,
B00712,New York,NY,45-54,TRUE
B06245,Atlanta,GA,35 to 44,No
B17631,Chicago,IL,35-44,yes
B13805,Atlanta,GA,55+,
B15964,Wilmington,DE,45-54,Y
B01424,New York,NY,25-34,FALSE
B04101,Las Vegas,NV,55+,Yes
B13293,Houston,TX,55+,
B13824,Wilmington,DE,45-54,FALSE
B10077,Philadelphia,PA,25 to 34,Y
B07424,Atlanta,GA,35-44,
B06660,Atlanta,GA,18-24,
B00473,New York,NY,18-24 ,Y
B03026,Las Vegas,NV,25-34,
B12981,San Antonio,TX,55+,yes
B05311,Atlanta,GA,18-24,Yes
B09745,Wilmington,DE,35 to 44,Yes
B16432,Las Vegas,NV,45-54,FALSE
B11041,Philadelphia,PA,18-24,
B10314,,NJ,45-54,yes
B01477,"new york, ny",NY,45-54,Yes
B04054,Las Vegas,NV,25-34,Y
B00463,New York,NY,45-54,N
B00079,"new york, ny",NY,25-34,
B16060,Dallas,TX,25-34,N
B03463,Las Vegas,NV,35-44,FALSE
B10819,Philadelphia,PA,55+,FALSE
B15927,Las Vegas,NV,25 to 34,TRUE
B16208,Austin,TX,25-34,FALSE
B00154,"new york, ny",NY,25-34,No
B13752,Miami,FL,25-34,Yes
B14449,Phoenix,AZ,35-44,Y
B05684,atlanta,GA,25-34,
B12066,Houston,TX,35-44,FALSE
B00698,New York,NY,55+,FALSE
B02349,New York,NY,45-54,N
B06137,atlanta,GA,35-44,
B16370,Phoenix,AZ,35-44,
B16707,Birmingham,AL,45 to 54,TRUE
B02312,NYC,NY,18-24 ,No
B05411,Atlanta,GA,25-34,Y
B04459,Las Vegas,NV,55+,TRUE
B14011,Miami,FL,25-34,TRUE
B11903,Austin,TX,25-34,FALSE
B01713,New York,NY,55+,No
B12247,Houston,TX,25-34,No
B07918,Washington,DC,45-54,Yes
B04707,Las Vegas,NV,25-34yrs,No
B00396,New York,NY,18-24,No
B01097,"new york, ny",NY,35 to 44,TRUE
B07267,Atlanta,GA,35-44,Yes
B06304,Atlanta,GA,35-44,FALSE
B11569,Houston,TX,35 to 44,yes
B13947,Charlotte,NC,55+,Y
B01718,NYC,NY,18-24,Yes
B02741,Las Vegas,NV,55+,N
B05768,Atlanta,GA,18-24,No
B12541,San Antonio,TX,35 to 44,TRUE
B04581,Las Vegas,NV,35-44,TRUE
B16739,San Antonio,TX,18-24,yes
B01815,New York,NY,25 to 34,TRUE
B11104,Wilmington,DE,25-34,yes
B17249,,PA,45-54,
B18016,Miami,FL,25-34,yes
B00835,New York,NY,25-34,yes
B15001,Detroit,MI,25-34,yes
B02093,New York,NY,45-54,Y
B10031,Camden,NJ,25 to 34,yes
B06080,Atlanta,GA,18-24,yes
B09730,Philadelphia,PA,55 plus,TRUE
B00415,New York,NY,45-54,Y
B15115,Philadelphia,PA,18-24 ,yes
B06060,Atlanta,GA,25-34,
B17453,Chicago,IL,18-24,yes
B12346,San Antonio,TX,25-34,Yes
B03425,Las Vegas,NV,45-54,Y
B17604,NYC,NY,35-44,Yes
B02715,Las Vegas,NV,18-24,
B03461,Vegas,NV,45-54,yes
B01062,New York,NY,45-54,
B15872,Richmond,VA,25-34,TRUE
B16957,New York,NY,55+,No
B06179,Atlanta,GA,35-44,yes
B01459,New York,NY,35 to 44,yes
B09957,Philadelphia,PA,35 to 44,yes
B08135,"Washington, D.C.",DC,45 to 54,N
B05444,Atlanta,GA,35-44,yes
B01333,New York,NY,25-34,N
B11014,Camden,NJ,25-34,N
B17101,Phoenix,AZ,45-54,Y
B00397,New York,NY,18-24 ,Yes
B05262,atlanta,GA,35 to 44,Yes
B01916,NYC,NY,25-34,N
B15054,Houston,TX,35 to 44,TRUE
B03469,Las Vegas,NV,35-44,Yes
B13702,Baltimore,MD,55+,TRUE
B11848,San Antonio,TX,45-54,N
B17038,Austin,TX,25-34,Y
B00819,New York,NY,18-24,N
B15542,Charlotte,NC,25-34yrs,FALSE
B14100,Los Angeles,CA,25 to 34,Yes
B00534,New York,NY,35 to 44,TRUE
B11701,San Antonio,TX,45-54,Y
B11827,Houston,TX,35 to 44,yes
B03570,,NV,18-24,Yes
B09624,Philadelphia,PA,25-34,Yes
B09816,Wilmington,DE,25-34,Yes
B07871,DC,DC,25-34yrs,yes
B15441,Birmingham,AL,45-54,TRUE
B15218,Los Angeles,CA,18-24,Y
B16372,Dallas,TX,25-34,No
B14197,Los Angeles,CA,25 to 34,yes
B14085,Atlanta,GA,25-34,Yes
B06970,Atlanta,GA,45-54,TRUE
B15548,,VA,45-54,Y
B16898,Miami,FL,25-34,yes
B08763,"Washington, D.C.",DC,18-24,No
B17947,Los Angeles,CA,35-44,TRUE
B16845,Philadelphia,PA,45-54,TRUE
B08447,Washington,DC,18 to 24,yes
B00002,New York,NY,18-24,FALSE
B06773,Atlanta,GA,25-34yrs,No
B13877,Chicago,IL,35-44,
B02126,New York,NY,45-54,
B02754,Vegas,NV,45-54,yes
B02150,New York,NY,35-44,Yes
B14087,Richmond,VA,55+,TRUE
B07464,Atlanta,GA,45-54,yes
B15977,Birmingham,AL,25 to 34,FALSE
B01040,New York,NY,18-24,TRUE
B03034,Las Vegas,NV,35-44,Yes
B07974,DC,DC,45-54,FALSE
B18125,Detroit,MI,45-54,Yes
B16940,Miami,FL,25-34,No
B17262,Philly,PA,35-44,N
B03056,Las Vegas,NV,35-44,TRUE
B13380,Detroit,MI,25-34,TRUE
B01844,New York,NY,45-54,Y
B13899,Las Vegas,NV,25-34,
B17836,Birmingham,AL,55+,Yes
B16767,Houston,TX,25-34yrs,
B16701,Austin,TX,18-24,N
B07095,Atlanta,GA,35-44,Y
B12790,San Antonio,TX,18 to 24,yes
B01365,New York,NY,35-44,TRUE
B05560,Atlanta,GA,25-34,yes
B11481,Houston,TX,35-44,yes
B08344,,DC,25-34,Yes
B17424,Los Angeles,CA,35-44,
B06748,Atlanta,GA,45-54,
B06719,Atlanta,GA,25-34yrs,yes
B13001,San Antonio,TX,25-34,FALSE
B13719,,TX,18-24,No
B13622,Miami,FL,35-44,FALSE
B03051,Las Vegas,NV,45-54,yes
B13295,Los Angeles,CA,55 +,TRUE
B06139,Atlanta,GA,35-44,Yes
B00359,"new york, ny",NY,45 to 54,TRUE
B14034,Atlanta,GA,18-24,TRUE
B13626,Wilmington,DE,35-44,TRUE
B00880,New York,NY,35-44,
B16938,Baltimore,MD,25-34,Y
B14130,New York,NY,45-54,Yes
B04214,Las Vegas,NV,45-54,
B00204,New York,NY,35-44,
B03012,Las Vegas,NV,35-44,
B00471,New York,NY,35 to 44,Y
B05352,Atlanta,GA,45-54,No
B01745,New York,NY,35-44,Yes
B00565,"new york, ny",NY,55+,No
B16282,Miami,FL,45-54,Y
B07862,Washington,DC,18-24,Yes
B06414,Atlanta,GA,25-34,TRUE
B14960,Richmond,VA,25-34yrs,FALSE
B01668,New York,NY,18-24,
B03480,Las Vegas,NV,55+,Y
B13043,San Antonio,TX,35-44,Yes
B05926,Atlanta,GA,55+,yes
B16550,Atlanta,GA,25 to 34,Yes
B04640,Las Vegas,NV,25-34,yes
B15274,San Antonio,TX,25-34,Yes
B06046,ATL,GA,25-34,TRUE
B07945,Washington,DC,25-34,FALSE
B07624,ATL,GA,18 to 24,N
B03137,Las Vegas,NV,35-44,yes
B17516,Miami,FL,25-34,Yes
B00048,NYC,NY,25-34,Yes
B09912,Camden,NJ,18-24,Y
B16276,Phoenix,AZ,18-24,N
B02416,New York,NY,35-44,Yes
B01691,New York,NY,25-34,
B14543,Miami,FL,25-34,yes
B05285,Atlanta,GA,25-34,Yes
B17225,Richmond,VA,35 to 44,No
B13731,Detroit,MI,25 to 34,Yes
B00220,New York,NY,35-44,yes
B13000,Houston,TX,35-44,yes
B00450,New York,NY,25-34,No
B05596,Atlanta,GA,18-24,TRUE
B11904,San Antonio,TX,35-44,yes
B15164,Wilmington,DE,25 to 34,yes
B05542,Atlanta,GA,25-34,Yes
B14513,Dallas,TX,35-44,N
B10414,Wilmington,DE,45-54,No
B15632,Los Angeles,CA,25-34,FALSE
B14594,Washington,DC,45 to 54,No
B06567,Atlanta,GA,45-54,FALSE
B18158,Philadelphia,PA,18-24,Y
B12049,HTX,TX,55+,FALSE
B10157,Wilmington,DE,45-54,Y
B09795,Camden,NJ,25-34,FALSE
B00170,New York,NY,25-34,
B07810,Washington,DC,25-34yrs,No
B16481,Dallas,TX,35-44,No
B13291,Washington,DC,25-34,TRUE
B12640,San Antonio,TX,35-44,Y
B14296,New York,NY,18-24,
B04013,Las Vegas,NV,45-54,yes
B03444,Las Vegas,NV,35-44,
B16296,Los Angeles,CA,25-34,Yes
B12340,San Antonio,TX,25-34,yes
B14860,Baltimore,MD,25-34yrs,Y
B14420,Los Angeles,CA,25-34,Yes
B17284,San Antonio,TX,25-34,Y
B15786,Detroit,MI,45-54,TRUE
B09590,Baltimore,MD,25-34,N
B14498,Camden,NJ,45-54,TRUE
B12135,San Antonio,TX,35-44,Y
B14433,Washington,DC,25-34,No
B13572,Miami,FL,18-24 ,Yes
B00141,New York,NY,25-34yrs,Yes
B00310,New York,NY,45-54,Y
B05522,Atlanta,GA,35-44,TRUE
B04243,Vegas,NV,25-34yrs,N
B06092,Atlanta,GA,35-44,N
B08247,Baltimore,MD,25 to 34,No
B04716,Las Vegas,NV,18-24,N
B04018,Las Vegas,NV,45-54,
B04632,Vegas,NV,25-34,N
B15391,Phoenix,AZ,45-54,
B07091,Atlanta,GA,35-44,FALSE
B07607,Atlanta,GA,55+,TRUE
B01736,New York,NY,25-34,No
B01005,New York,NY,25-34,FALSE
B11413,Austin,TX,25-34,FALSE
B11271,Camden,NJ,35-44,TRUE
B07883,Baltimore,MD,45-54,N
B05588,Atlanta,GA,35-44,FALSE
B17361,Atlanta,GA,35 to 44,Yes
B12553,Austin,TX,25-34,
B16894,San Antonio,TX,45 to 54,yes
B06603,Atlanta,GA,25-34yrs,yes
B07819,Baltimore,MD,18 to 24,TRUE
B13737,Austin,TX,35-44,TRUE
B05080,Las Vegas,NV,18-24,FALSE
B12528,Houston,TX,35-44,N
B08287,"Washington, D.C.",DC,18-24,TRUE
B10951,Camden,NJ,25-34,yes
B06117,Atlanta,GA,18-24,yes
B16897,Philadelphia,PA,55+,Y
B14817,Camden,NJ,18 to 24,Y
B15519,Austin,TX,45-54,
B14854,Charlotte,NC,25-34,
B17207,Miami,FL,25-34,Y
B07809,Washington,DC,25-34,yes
B18076,Atlanta,GA,35-44,yes
B18221,Phoenix,AZ,25-34,N
B17238,New York,NY,35-44,FALSE
B06791,Atlanta,GA,25-34,
B02539,New York,NY,25-34,
B15939,Birmingham,AL,25-34yrs,Y
B13994,Dallas,TX,45-54,Yes
B05277,Atlanta,GA,45-54,FALSE
B14935,Miami,FL,45-54,yes
B17467,Chicago,IL,25-34,Y
B10866,Camden,NJ,35 to 44,Y
B17215,Newark,NJ,18-24 ,N
B09647,Camden,NJ,25 to 34,No
B13411,Los Angeles,CA,25-34,
B17295,atlanta,GA,35 to 44,yes
B01520,New York,NY,55+,yes
B00516,New York,NY,35 to 44,Yes
B06407,Atlanta,GA,35-44,Yes
B13795,New York,NY,18-24,Y
B14356,Phoenix,AZ,35-44,TRUE
B01870,New York,NY,35-44,yes
B04082,Las Vegas,NV,18-24,
B14888,Detroit,MI,35-44,
B12025,San Antonio,TX,25-34,No
B06163,Atlanta,GA,25-34,Yes
B07215,ATL,GA,25-34,yes
B14839,Atlanta,GA,25-34,yes
B00632,New York,NY,45-54,N
B02708,Vegas,NV,18-24,FALSE
B03998,Las Vegas,NV,35-44,FALSE
B05438,Atlanta,GA,25-34yrs,N
B12214,Houston,TX,45-54,
B11743,Austin,TX,25-34,yes
B05351,Atlanta,GA,45-54,N
B03144,Las Vegas,NV,35-44,TRUE
B09044,Baltimore,MD,18-24,yes
B00573,New York,NY,45-54,No
B00395,New York,NY,18-24,yes
B15553,SA,TX,25-34,Yes
B12714,Austin,TX,35-44,Yes
B00929,New York,NY,35 to 44,
B00796,New York,NY,35-44,N
B13584,Charlotte,NC,25-34yrs,yes
B10327,Philadelphia,PA,55+,Y
B14421,Wilmington,DE,55+,TRUE
B12818,San Antonio,TX,35-44,yes
B05436,Atlanta,GA,25-34,yes
B15889,Detroit,MI,35 to 44,Yes
B10472,Camden,NJ,35-44,TRUE
B05921,Atlanta,GA,45-54,TRUE
B06712,Atlanta,GA,25-34,yes
B16368,,TX,25 to 34,
B06904,Atlanta,GA,55+,N
B03355,Las Vegas,NV,55+,Yes
B07827,Washington,DC,25 to 34,FALSE
B07803,Baltimore,MD,35-44,Y
B16418,San Antonio,TX,35-44,TRUE
B13245,Birmingham,AL,25-34yrs,yes
B11428,San Antonio,TX,45 to 54,TRUE
B13100,Austin,TX,35-44,yes
B02504,New York,NY,35 to 44,TRUE
B03326,Las Vegas,NV,55 +,TRUE
B17768,Newark,NJ,35-44,Yes
B08412,Baltimore,MD,25-34,TRUE
B17164,Miami,FL,25-34,
B13219,Richmond,VA,25-34,TRUE
B00085,New York,NY,35-44,TRUE
B11545,Austin,TX,25-34,Yes
B00117,New York,NY,45-54,Yes
B17197,Las Vegas,NV,45-54,No
B00126,NYC,NY,25-34,Yes
B17671,Baltimore,MD,25-34,
B16294,Newark,NJ,45 to 54,yes
B16090,Charlotte,NC,25 to 34,
B00015,New York,NY,25-34,Y
B06581,Atlanta,GA,45 to 54,No
B01971,New York,NY,25-34,Y
B04434,Las Vegas,NV,18-24,FALSE
B17241,Houston,TX,35-44,Yes
B06803,atlanta,GA,25-34,
B05647,Atlanta,GA,55+,Yes
B14715,Los Angeles,CA,18-24,yes
B11099,Camden,NJ,35-44,Yes
B00081,New York,NY,35-44,No
B11339,Philadelphia,PA,18-24,Y
B07980,Washington,DC,35-44,FALSE
B02687,Las Vegas,NV,35-44,Yes
B03168,Las Vegas,NV,35-44,Yes
B00876,New York,NY,18-24,No
B01336,New York,NY,35 to 44,Yes
B17780,Phoenix,AZ,45 to 54,N
B01404,New York,NY,25-34,Yes
B17307,Newark,NJ,35-44,TRUE
B02792,Las Vegas,NV,35-44,No
B14758,Birmingham,AL,35-44,Yes
B14811,Miami,FL,25-34,yes
B11705,Austin,TX,35-44,yes
B00178,New York,NY,25-34,yes
B10631,Philly,PA,45-54,Yes
B13292,Austin,TX,45 to 54,Yes
B01503,New York,NY,35-44,yes
B04771,Vegas,NV,25-34yrs,TRUE
B04279,Las Vegas,NV,18-24,No
B12969,San Antonio,TX,25-34,Y
B14082,Miami,FL,25-34,Yes
B15321,Baltimore,MD,45-54,yes
B12277,Austin,TX,55 +,
B00334,New York,NY,18-24,TRUE
B04277,Las Vegas,NV,35-44,Y
B10805,Wilmington,DE,18-24,Yes
B16875,New York,NY,25-34,N
B08956,"Washington, D.C.",DC,35-44,Y
B14110,Newark,NJ,45-54,
B02112,New York,NY,25-34,Yes
B06339,Atlanta,GA,18-24,yes
B08929,Washington,DC,25-34,N
B00213,New York,NY,25-34,No
B03205,Las Vegas,NV,35 to 44,No
B07847,Washington,DC,25-34,Yes
B10499,Camden,NJ,25 to 34,TRUE
B07886,Baltimore,MD,45 to 54,N
B17396,Phoenix,AZ,25-34yrs,No
B04060,Las Vegas,NV,25-34yrs,Yes
B13986,HTX,TX,35-44,No
B07475,Atlanta,GA,18-24,Yes
B11326,Camden,NJ,25-34,
B16532,New York,NY,45-54,No
B07589,Atlanta,GA,18-24,Y
B11773,Austin,TX,25-34,Y
B17542,New York,NY,18-24,
B02678,Las Vegas,NV,35-44,
B02115,New York,NY,45-54,yes
B13425,Houston,TX,45-54,yes
B02690,Las Vegas,NV,55+,Y
B15350,Detroit,MI,35-44,yes
B11921,San Antonio,TX,25-34,yes
B13363,Wilmington,DE,18-24 ,Yes
B17722,Philadelphia,PA,25-34,yes
B17745,Miami,FL,18-24,No
B16824,Miami,FL,25-34,TRUE
B12769,Austin,TX,18-24,Y
B00651,New York,NY,18-24,FALSE
B11938,Austin,TX,25-34,TRUE
B13982,Philadelphia,PA,25 to 34,yes
B13588,San Antonio,TX,18-24,No
B05115,Las Vegas,NV,35-44,FALSE
B05078,Las Vegas,NV,35-44,No
B14141,Camden,NJ,18-24,yes
B13580,Camden,NJ,35-44,yes
B02276,New York,NY,25-34,TRUE
B14055,Philadelphia,PA,25-34,No
B06367,ATL,GA,35-44,Yes
B03745,Las Vegas,NV,25-34,TRUE
B02472,New York,NY,25-34,N
B12506,Austin,TX,35-44,TRUE
B05425,ATL,GA,18-24 ,
B11847,San Antonio,TX,45 to 54,No
B11883,Houston,TX,18-24,
B02446,,NY,55+,
B01658,NYC,NY,18-24 ,yes
B16224,,CA,45-54,FALSE
B15820,Houston,TX,18-24,yes
B04007,Las Vegas,NV,25-34,No
B13866,Richmond,VA,45-54,TRUE
B10380,Camden,NJ,25-34,Y
B05290,Atlanta,GA,45-54,Yes
B11611,SA,TX,25-34,yes
B01698,New York,NY,25-34,Y
B05726,Atlanta,GA,18-24,yes
B13418,Richmond,VA,35 to 44,Y
B16464,Miami,FL,25-34,yes
B06024,Atlanta,GA,35-44,TRUE
B08442,Baltimore,MD,35-44,No
B00457,New York,NY,25-34,FALSE
B12204,Austin,TX,55 plus,TRUE
B15844,Birmingham,AL,35 to 44,TRUE
B15856,Washington,DC,18-24 ,Yes
B02614,Las Vegas,NV,35-44,Yes
B04652,Las Vegas,NV,25-34,FALSE
B05447,Atlanta,GA,35 to 44,TRUE
B03599,Las Vegas,NV,35-44,TRUE
B01858,"new york, ny",NY,18-24,No
B18091,"new york, ny",NY,55+,N
B15380,New York,NY,45 to 54,No
B09411,Baltimore,MD,18-24,N
B05853,atlanta,GA,25-34,TRUE
B04141,Las Vegas,NV,45-54,
B00489,New York,NY,35-44,TRUE
B15912,Phoenix,AZ,25-34,yes
B13328,Phoenix,AZ,35-44,TRUE
B01995,New York,NY,45 to 54,Y
B12592,Houston,TX,35-44,No
B07225,atlanta,GA,18-24,Y
B11637,San Antonio,TX,25-34,
B11211,Wilmington,DE,35-44,Yes
B17694,Houston,TX,35-44,Y
B15214,San Antonio,TX,25-34,FALSE
B03129,Las Vegas,NV,25-34,No
B13313,Atlanta,GA,18-24 ,Y
B00113,"new york, ny",NY,55+,yes
B11972,Houston,TX,18-24,No
B12625,HTX,TX,25-34,Y
B14190,Miami,FL,35-44,TRUE
B15087,Baltimore,MD,55+,Y
B17044,Phoenix,AZ,25-34,Y
B14804,Los Angeles,CA,55 +,TRUE
B01935,New York,NY,18 to 24,yes
B01883,New York,NY,35-44,TRUE
B17935,Birmingham,AL,18-24,TRUE
B00828,New York,NY,25 to 34,yes
B14563,Detroit,MI,35-44,TRUE
B15339,Camden,NJ,25-34,FALSE
B03574,Las Vegas,NV,25-34,Yes
B17619,Newark,NJ,55 plus,
B04306,Las Vegas,NV,25-34,
B13863,Phoenix,AZ,25-34,
B15622,DC,DC,35 to 44,N
B09862,Camden,NJ,25-34,No
B06010,Atlanta,GA,35-44,Y
B08201,Washington,DC,25-34yrs,N
B14633,Washington,DC,45-54,No
B00577,NYC,NY,25-34,Y
B10740,Philadelphia,PA,45 to 54,TRUE
B15433,Birmingham,AL,25-34,Y
B00683,New York,NY,35-44,Y
B02157,NYC,NY,35 to 44,Yes
B15526,Las Vegas,NV,35-44,yes
B04836,,NV,35-44,TRUE
B17184,Atlanta,GA,45-54,FALSE
B14086,Las Vegas,NV,18-24,Yes
B07340,Atlanta,GA,25-34,N
B06366,Atlanta,GA,35-44,No
B13641,Detroit,MI,35-44,Yes
B10160,Philadelphia,PA,35-44,FALSE
B10436,Wilmington,DE,25-34,yes
B02807,Las Vegas,NV,25-34,TRUE
B12444,San Antonio,TX,25-34,
B12923,Austin,TX,25-34,
B15546,Los Angeles,CA,25-34,Y
B14707,Richmond,VA,25-34,FALSE
B16552,Los Angeles,CA,25-34,Yes
B09178,Washington,DC,18-24,No
B07966,"Washington, D.C.",DC,35-44,yes
B16511,Charlotte,NC,25-34,Yes
B08624,Baltimore,MD,25-34,Y
B12494,Houston,TX,25 to 34,TRUE
B16017,Birmingham,AL,18 to 24,FALSE
B14088,Richmond,VA,18-24,FALSE
B09615,Camden,NJ,25-34,No
B16512,Washington,DC,35-44,Yes
B00657,New York,NY,25-34,yes
B03108,Las Vegas,NV,45-54,FALSE
B10085,Wilmington,DE,25-34,Y
B00019,New York,NY,35-44,
B04239,Las Vegas,NV,25-34,Yes
B15383,New York,NY,18-24,No
B17711,Dallas,TX,25-34,N
B11507,Austin,TX,35-44,yes
B13865,Washington,DC,25-34,
B09689,Wilmington,DE,35-44,No
B04453,Las Vegas,NV,45 to 54,TRUE
B01732,"new york, ny",NY,45-54,Yes
B01355,New York,NY,45-54,yes
B02791,Las Vegas,NV,25-34,FALSE
B04720,Las Vegas,NV,35-44,FALSE
B08779,Washington,DC,35-44,
B04561,Vegas,NV,18-24,N
B02682,Las Vegas,NV,25-34,TRUE
B14245,Miami,FL,18-24,Y
B01376,New York,NY,25-34,yes
B00846,New York,NY,55+,N
B11608,Houston,TX,45-54,Y
B04871,Las Vegas,NV,35-44,Y
B16128,Newark,NJ,45 to 54,FALSE
B01469,New York,NY,18-24,
B10154,Philadelphia,PA,45-54,N
B00165,New York,NY,35-44,FALSE
B14791,Wilmington,DE,25-34,FALSE
B02671,Las Vegas,NV,35-44,Y
B17456,Philadelphia,PA,25-34,yes
B02672,Vegas,NV,18-24,yes
B16440,Newark,NJ,18 to 24,Yes
B00454,New York,NY,55 plus,No
B03885,Las Vegas,NV,55+,FALSE
B08117,Washington,DC,35-44,
B01648,New York,NY,18-24,Y
B00559,New York,NY,18-24,No
B17448,Atlanta,GA,45-54,yes
B07496,Atlanta,GA,18-24,Yes
B13032,Austin,TX,35-44,Yes
B08154,"Washington, D.C.",DC,18-24,Y
B16429,Birmingham,AL,35-44,Yes
B17728,Atlanta,GA,18-24,FALSE
B08020,Baltimore,MD,35-44,N
B13185,Houston,TX,45 to 54,FALSE
B02141,New York,NY,55+,No
B14337,Detroit,MI,35-44,Y
B08488,Washington,DC,25-34,
B08307,Baltimore,MD,18-24,yes
B00727,New York,NY,55+,Y
B10182,Wilmington,DE,45 to 54,Yes
B04362,Las Vegas,NV,18-24 ,FALSE
B09453,DC,DC,25-34,yes
B14467,Los Angeles,CA,45 to 54,
B18349,Philadelphia,PA,18-24,Y
B08249,Washington,DC,35-44,No
B13555,San Antonio,TX,45-54,Yes
B12639,San Antonio,TX,25-34yrs,
B13278,Birmingham,AL,55+,Yes
B00932,New York,NY,25-34,Yes
B13689,Miami,FL,35-44,No
B08120,Baltimore,MD,35 to 44,yes
B04331,Las Vegas,NV,35-44,Y
B09184,Washington,DC,35-44,Y
B14664,"new york, ny",NY,25-34,FALSE
B04680,Las Vegas,NV,18-24,
B08662,Baltimore,MD,35-44,yes
B02816,Las Vegas,NV,18-24,TRUE
B12846,San Antonio,TX,18-24,TRUE
B01660,New York,NY,35 to 44,Yes
B04110,Vegas,NV,25-34,
B00512,New York,NY,35-44,TRUE
B00584,"new york, ny",NY,25-34,No
B02483,New York,NY,55+,yes
B07154,Atlanta,GA,18-24,TRUE
B05529,Atlanta,GA,45-54,Y
B08794,Baltimore,MD,55+,
B06328,Atlanta,GA,35-44,
B15904,Richmond,VA,25 to 34,TRUE
B09712,,NJ,18-24,No
B18078,Philadelphia,PA,35-44,N
B16047,Los Angeles,CA,25-34,Y
B15738,atlanta,GA,45-54,No
B05629,Atlanta,GA,25-34,TRUE
B09201,Baltimore,MD,45-54,Yes
B00434,New York,NY,35-44,TRUE
B07989,Washington,DC,45-54,FALSE
B13653,Birmingham,AL,18-24,N
B00420,New York,NY,45-54,Yes
B05313,atlanta,GA,25-34,No
B11936,Austin,TX,35-44,TRUE
B12206,Austin,TX,25-34yrs,N
B11996,,TX,25-34,
B05237,Atlanta,GA,25-34,Y
B01864,New York,NY,25-34,Yes
B05567,Atlanta,GA,45-54,Y
B03386,Las Vegas,NV,55+,
B11016,Wilmington,DE,35-44,Y
B14015,Wilmington,DE,55+,
B17079,Charlotte,NC,35-44,yes
B01892,New York,NY,55+,TRUE
B00514,New York,NY,25-34,Y
B05672,Atlanta,GA,35-44,Y
B14432,Vegas,NV,18-24,TRUE
B15790,Philadelphia,PA,35-44,
B02890,Las Vegas,NV,45-54,Yes
B16804,Phoenix,AZ,18-24,FALSE
B07919,,DC,25 to 34,TRUE
B11729,Austin,TX,18-24,FALSE
B01140,New York,NY,55 plus,yes
B10821,Camden,NJ,35-44,TRUE
B07979,Washington,DC,18-24,
B11518,San Antonio,TX,35-44,N
B00269,New York,NY,35 to 44,No
B16980,Los Angeles,CA,25-34yrs,FALSE
B13668,Wilmington,DE,35-44,Y
B08032,Baltimore,MD,35-44,No
B14347,Miami,FL,35 to 44,TRUE
B05174,Las Vegas,NV,35-44,No
B07781,Atlanta,GA,35-44,TRUE
B09692,Camden,NJ,45-54,
B06313,ATL,GA,25-34,
B15651,Baltimore,MD,25-34,Yes
B12752,Austin,TX,35-44,No
B15036,Charlotte,NC,35-44,
B16916,Austin,TX,55+,Y
B04003,Las Vegas,NV,35-44,No
B11026,Wilmington,DE,18 to 24,yes
B15737,Los Angeles,CA,25 to 34,N
B02611,Las Vegas,NV,25-34,TRUE
B00921,New York,NY,25-34,Yes
B03079,Las Vegas,NV,25-34,N
B00377,New York,NY,45-54,yes
B01287,New York,NY,35-44,TRUE
B03477,Las Vegas,NV,35-44,FALSE
B12008,Austin,TX,35-44,FALSE
B05281,Atlanta,GA,35-44,yes
B09213,Baltimore,MD,25-34,TRUE
B09506,Baltimore,MD,35-44,
B03177,Las Vegas,NV,25-34,Y
B16562,Washington,DC,25-34,TRUE
B01759,New York,NY,35-44,FALSE
B15693,Washington,DC,25-34,Yes
B09781,Wilmington,DE,25 to 34,TRUE
B07271,Atlanta,GA,25-34,TRUE
B13264,Wilmington,DE,25-34,
B04770,Las Vegas,NV,45 to 54,yes
B13488,Washington,DC,18-24,No
B16559,Los Angeles,CA,35-44,yes
B08284,Washington,DC,45-54,TRUE
B02423,New York,NY,25-34,Yes
B04584,Las Vegas,NV,45-54,Yes
B09045,Baltimore,MD,18-24,yes
B11823,HTX,TX,25-34,yes
B05795,Atlanta,GA,45-54,Y
B00678,New York,NY,35-44,TRUE
B06546,Atlanta,GA,25-34,TRUE
B08556,Baltimore,MD,35 to 44,
B16405,Los Angeles,CA,25-34,N
B03252,Las Vegas,NV,18-24,Y
B13224,Washington,DC,35-44,yes
B02408,New York,NY,25-34,yes
B15065,Richmond,VA,35 to 44,TRUE
B14847,Wilmington,DE,25-34,FALSE
B09931,Wilmington,DE,18-24 ,FALSE
B00930,"new york, ny",NY,35-44,FALSE
B14254,Charlotte,NC,25 to 34,
B03165,Las Vegas,NV,25-34,Yes
B06073,Atlanta,GA,18-24,Y
B14646,Los Angeles,CA,25-34,Yes
B11070,Philadelphia,PA,25-34yrs,N
B06735,ATL,GA,35-44,Yes
B12045,SA,TX,55+,Y
B10192,Philadelphia,PA,55 plus,FALSE
B00902,,NY,25-34,No
B03932,Las Vegas,NV,25-34,yes
B16791,Atlanta,GA,25-34yrs,FALSE
B05980,Atlanta,GA,18 to 24,yes
B15401,Newark,NJ,18-24 ,No
B05050,Las Vegas,NV,35-44,Y
B01289,NYC,NY,35-44,yes
B04938,Vegas,NV,25-34,Y
B08647,Washington,DC,25-34,yes
B00935,New York,NY,35-44,N
B17074,Newark,NJ,18-24,No
B07390,ATL,GA,45 to 54,N
B10419,Philadelphia,PA,45-54,FALSE
B14052,Wilmington,DE,35-44,yes
B14892,,AL,35-44,yes
B00297,NYC,NY,35-44,TRUE
B05039,Las Vegas,NV,25-34yrs,Y
B09361,Baltimore,MD,45 to 54,
B06655,Atlanta,GA,25-34,Y
B07847,Washington,DC,25-34,Yes
B18093,Richmond,VA,18-24,Y
B16840,New York,NY,35-44,
B13886,Charlotte,NC,35-44,Yes
B05406,Atlanta,GA,45-54,yes
B16823,Richmond,VA,45-54,No
B06609,Atlanta,GA,35 to 44,
B05193,Las Vegas,NV,18-24,yes
B15190,Dallas,TX,55+,No
B03291,Las Vegas,NV,25-34,Yes
B01749,New York,NY,25-34,Y
B09641,Camden,NJ,18-24 ,No
B17112,Houston,TX,18-24,No
B16581,Atlanta,GA,18-24,Y
B12351,San Antonio,TX,35-44,Y
B15412,Wilmington,DE,45-54,yes
B18131,Philadelphia,PA,45 to 54,No
B05453,Atlanta,GA,35-44,yes
B10101,Philadelphia,PA,25-34,TRUE
B02586,New York,NY,25-34yrs,
B13381,Birmingham,AL,18-24,Y
B18209,Wilmington,DE,25-34,N
B02679,Las Vegas,NV,25 to 34,TRUE
B12841,Houston,TX,45-54,Yes
B16113,Dallas,TX,35-44,yes
B02608,Las Vegas,NV,18-24,Y
B05502,atlanta,GA,35-44,N
B10616,Camden,NJ,35 to 44,yes
B18056,Newark,NJ,18-24,
B17799,Houston,TX,35-44,FALSE
B06796,Atlanta,GA,45 to 54,Y
B14143,San Antonio,TX,25-34,N
B02447,New York,NY,45-54,FALSE
B00812,New York,NY,25-34,N
B12773,San Antonio,TX,45-54,TRUE
B05616,Atlanta,GA,55+,No
B12478,SA,TX,35-44,FALSE
B09040,Washington,DC,25-34yrs,yes
B16307,Miami,FL,45 to 54,Y
B16538,Philly,PA,18-24,No
B00132,"new york, ny",NY,45-54,Y
B11490,Austin,TX,35-44,FALSE
B08820,Washington,DC,18-24 ,N
B01193,New York,NY,25-34,Y
B14281,Miami,FL,25-34,Y
B13258,DC,DC,45-54,Y
B00007,New York,NY,35-44,N
B12087,Austin,TX,45 to 54,N
B16889,San Antonio,TX,55+,
B15666,Richmond,VA,55 +,Y
B00627,New York,NY,25-34,yes
B14101,Baltimore,MD,18-24,Y
B17718,Chicago,IL,25-34,Y
B14514,San Antonio,TX,35-44,No
B18073,Los Angeles,CA,55 +,TRUE
B13331,,TX,18 to 24,FALSE
B16331,Detroit,MI,45-54,Y
B14071,NYC,NY,18-24,Yes
B16878,Richmond,VA,18-24,N
B12409,San Antonio,TX,25-34,
B01725,New York,NY,25-34,No
B14180,Austin,TX,25-34,No
B10520,Camden,NJ,18-24,FALSE
B16868,Richmond,VA,25-34,FALSE
B15252,Newark,NJ,35-44,Y
B00484,"new york, ny",NY,35-44,Yes
B05489,Atlanta,GA,18-24,N
B15104,Richmond,VA,35-44,Yes
B11508,Austin,TX,25-34,Yes
B03670,Vegas,NV,25-34yrs,Yes
B03198,Las Vegas,NV,25-34,Y
B16463,Newark,NJ,25-34,Y
B08612,Washington,DC,45-54,N
B12815,San Antonio,TX,25-34,N
B07852,Baltimore,MD,25-34,TRUE
B00194,New York,NY,45-54,TRUE
B16968,Los Angeles,CA,55 plus,TRUE
B14204,Baltimore,MD,35-44,Yes
B07814,DC,DC,25-34,Yes
B13506,Las Vegas,NV,35-44,N
B13268,Detroit,MI,45-54,Yes
B00730,New York,NY,35-44,
B14302,San Antonio,TX,25-34,
B16724,Charlotte,NC,35 to 44,Yes
B03393,Las Vegas,NV,35-44,
B02393,New York,NY,18-24 ,TRUE
B16156,Wilmington,DE,25-34,No
B15409,Atlanta,GA,25-34,yes
B13711,Detroit,MI,35-44,yes
B09606,Camden,NJ,18-24,Y
B11452,SA,TX,45 to 54,N
B18295,Detroit,MI,35-44,N
B06224,Atlanta,GA,25-34,Yes
B16250,Miami,FL,25-34,yes
B14746,Philly,PA,25-34yrs,TRUE
B10565,Camden,NJ,25-34yrs,Y
B15680,Washington,DC,25-34,
B10543,Wilmington,DE,55+,TRUE
B15116,Los Angeles,CA,25-34,N
B00719,New York,NY,18-24,N
B02879,Las Vegas,NV,35-44,
B15772,Miami,FL,35-44,Y
B12334,Houston,TX,18-24,Yes
B15653,Los Angeles,CA,25-34,TRUE
B14510,San Antonio,TX,55+,FALSE
B17416,Houston,TX,45-54,
B17750,Chicago,IL,25-34,Yes
B02497,New York,NY,45-54,
B17001,Austin,TX,35-44,Y
B16059,Miami,FL,35-44,N
B17489,,VA,35-44,
B15285,San Antonio,TX,25-34,Yes
B12871,Austin,TX,55+,TRUE
B01855,New York,NY,25-34,N
B14712,Chicago,IL,35-44,
B00529,New York,NY,45-54,yes
B14558,Wilmington,DE,25-34,TRUE
B01466,NYC,NY,35-44,No
B00086,New York,NY,25-34,FALSE
B16348,Chicago,IL,25-34,yes
B15956,Birmingham,AL,25-34,yes
B12301,Austin,TX,35-44,Yes
B04646,Las Vegas,NV,18-24,FALSE
B05568,Atlanta,GA,25-34,
B06621,Atlanta,GA,35-44,Y
B00238,New York,NY,18-24,Y
B09861,,PA,25-34,N
B01594,New York,NY,55 plus,yes
B10726,Philadelphia,PA,45-54,yes
B14896,Dallas,TX,18-24,TRUE
B09507,DC,DC,25-34,TRUE
B01104,New York,NY,35-44,No
B07447,Atlanta,GA,25-34,Y
B13113,Houston,TX,18-24 ,yes
B00010,New York,NY,45 to 54,No
B10323,,NJ,18-24,Yes
B15336,Baltimore,MD,35-44,yes
B15163,Dallas,TX,35 to 44,TRUE
B08564,Baltimore,MD,35-44,yes
B18319,Phoenix,AZ,18-24,yes
B01380,New York,NY,45-54,N
B03728,Las Vegas,NV,35 to 44,Y
B13769,Camden,NJ,18-24,yes
B18376,Chicago,IL,25-34,N
B02704,Las Vegas,NV,25-34,Y
B00870,New York,NY,35 to 44,yes
B05531,Atlanta,GA,35 to 44,
B14018,Chicago,IL,18-24,Y
B02916,Las Vegas,NV,35-44,N
B09687,Philly,PA,25-34,
B10882,Camden,NJ,45-54,Y
B13314,Chicago,IL,18-24 ,N
B03501,Las Vegas,NV,25-34,Yes
B06057,Atlanta,GA,25 to 34,
B02718,Las Vegas,NV,25-34,N
B11685,Houston,TX,18-24,TRUE
B03061,Vegas,NV,35 to 44,Y
B10313,Wilmington,DE,35-44,N
B14354,Dallas,TX,35-44,N
B11798,Austin,TX,35-44,
B05736,Atlanta,GA,45-54,Yes
B01709,New York,NY,25-34,N
B12817,Austin,TX,45 to 54,No
B14335,Charlotte,NC,35-44,No
B07270,Atlanta,GA,25-34,Y
B16819,Charlotte,NC,35-44,TRUE
B14938,Birmingham,AL,18-24,Yes
B01232,"new york, ny",NY,35-44,yes
B11662,San Antonio,TX,45-54,Yes
B00027,"new york, ny",NY,35-44,
B17893,Charlotte,NC,25-34yrs,yes
B02345,NYC,NY,18-24,TRUE
B09187,"Washington, D.C.",DC,35 to 44,No
B12940,San Antonio,TX,25 to 34,Y
B04189,Las Vegas,NV,55+,No
B05727,Atlanta,GA,35-44,
B18268,San Antonio,TX,35-44,TRUE
B15238,Birmingham,AL,25-34yrs,Y
B09477,Washington,DC,25-34,yes
B15073,Philadelphia,PA,25 to 34,Yes
B16015,Chicago,IL,25-34,Yes
B09260,Baltimore,MD,35 to 44,Yes
B03916,Las Vegas,NV,25-34,FALSE
B04142,Las Vegas,NV,35-44,FALSE
B02585,New York,NY,35-44,Y
B01463,New York,NY,25-34,Yes
B16628,Birmingham,AL,35-44,Y
B06452,Atlanta,GA,45-54,Y
B13319,Houston,TX,18-24,Y
B00446,New York,NY,35-44,FALSE
B08320,"Washington, D.C.",DC,35-44,N
B12865,Austin,TX,18-24,No
B05746,Atlanta,GA,25-34,yes
B04514,Las Vegas,NV,25-34,TRUE
B18300,Newark,NJ,18-24,TRUE
B02342,NYC,NY,18-24,Yes
B03092,Las Vegas,NV,55+,Y
B07495,Atlanta,GA,35-44,Yes
B11263,Wilmington,DE,25-34,TRUE
B02089,New York,NY,35 to 44,Yes
B07836,DC,DC,45-54,TRUE
B02661,Vegas,NV,18-24,TRUE
B00710,New York,NY,18-24,No
B08904,Baltimore,MD,55+,
B15309,Wilmington,DE,35-44,yes
B16794,Detroit,MI,25-34,No
B00539,New York,NY,35 to 44,Yes
B07272,Atlanta,GA,18-24,N
B13333,,NJ,35-44,Y
B11639,Austin,TX,25-34,Y
B14838,San Antonio,TX,35-44,N
B04970,Las Vegas,NV,25-34,Yes
B12874,Houston,TX,25-34,FALSE
B11682,Houston,TX,18-24,Y
B12605,San Antonio,TX,55+,N
B11582,Austin,TX,35-44,
B03895,Las Vegas,NV,35-44,No
B06386,Atlanta,GA,25-34,yes
B10985,Philadelphia,PA,18-24 ,FALSE
B14683,Dallas,TX,25-34,TRUE
B02733,Las Vegas,NV,25-34,No
B18240,Newark,NJ,25-34,Y
B13687,Houston,TX,25-34,Y
B14266,Chicago,IL,18-24,No
B13967,Wilmington,DE,18-24,No
B12328,San Antonio,TX,25 to 34,FALSE
B00226,New York,NY,25-34yrs,No
B13412,San Antonio,TX,25-34,yes
B02814,Las Vegas,NV,25 to 34,FALSE
B16312,Philadelphia,PA,55+,Yes
B16210,Washington,DC,35-44,FALSE
B17519,Las Vegas,NV,45-54,N
B13890,Charlotte,NC,18-24,TRUE
B04079,Las Vegas,NV,18-24,yes
B13985,,NY,35-44,TRUE
B00561,New York,NY,25 to 34,FALSE
B11819,Austin,TX,18-24,yes
B17556,Richmond,VA,18-24,yes
B12664,Houston,TX,35-44,yes
B09519,Baltimore,MD,18-24,Yes
B05745,Atlanta,GA,35-44,
B10273,Wilmington,DE,45-54,Yes
B02762,Las Vegas,NV,18-24,FALSE
B08378,Baltimore,MD,55 +,TRUE
B01712,New York,NY,55+,
B02262,New York,NY,25-34,N
B05064,Las Vegas,NV,35 to 44,
B15745,Austin,TX,45-54,Yes
B15166,Philadelphia,PA,25-34,No
B00985,New York,NY,35-44,Yes
B17774,Miami,FL,35-44,
B17713,Miami,FL,35 to 44,yes
B13903,Phoenix,AZ,35-44,FALSE
B03027,Vegas,NV,25-34,Y
B15234,Richmond,VA,35-44,FALSE
B12786,Austin,TX,25-34,Y
B03404,Vegas,NV,25-34,No
B03358,Las Vegas,NV,55+,No
B15246,Houston,TX,35-44,
B09636,Wilmington,DE,18-24,No
B02636,Las Vegas,NV,55+,yes
B01214,New York,NY,25-34,TRUE
B17554,Detroit,MI,25-34,Yes
B08655,Baltimore,MD,25-34,yes
B17610,Wilmington,DE,25-34,
B12450,San Antonio,TX,18-24,yes
B13643,Baltimore,MD,18-24,Y
B02599,New York,NY,55+,Y
B09285,Washington,DC,35 to 44,yes
B11462,Austin,TX,18 to 24,TRUE
B15540,Los Angeles,CA,35-44,Yes
B03816,Las Vegas,NV,35-44,FALSE
B02350,New York,NY,45 to 54,N
B07858,Washington,DC,55+,FALSE
B11467,Houston,TX,45-54,Y
B02163,NYC,NY,25 to 34,N
B16754,Richmond,VA,25-34,Yes
B10752,Camden,NJ,18-24,Y
B13484,Austin,TX,35-44,TRUE
B07946,Baltimore,MD,35-44,N
B06658,atlanta,GA,25-34,Yes
B01652,New York,NY,55+,Y
B10046,Camden,NJ,45 to 54,No
B01751,New York,NY,25-34,Y
B01592,New York,NY,25-34yrs,No
B17328,Chicago,IL,35-44,TRUE
B09171,Baltimore,MD,35-44,Yes
B11784,Houston,TX,35-44,TRUE
B03161,Vegas,NV,35-44,
B01664,New York,NY,18-24,No
B05860,Atlanta,GA,45-54,No
B13422,San Antonio,TX,45 to 54,FALSE
B08000,DC,DC,45-54,yes
B14451,San Antonio,TX,25-34,TRUE
B17339,,PA,35-44,
B16435,Charlotte,NC,18 to 24,N
B18248,Dallas,TX,55+,
B00301,New York,NY,18-24,FALSE
B06079,Atlanta,GA,25-34,yes
B13250,Wilmington,DE,55+,yes
B02177,NYC,NY,35-44,FALSE
B16408,Miami,FL,25-34yrs,TRUE
B11240,Camden,NJ,35-44,No
B16154,Birmingham,AL,18 to 24,yes
B16274,New York,NY,25 to 34,N
B16678,Dallas,TX,25-34,TRUE
B15464,Los Angeles,CA,18 to 24,No
B15331,New York,NY,25 to 34,No
B05121,Las Vegas,NV,35-44,N
B14629,Los Angeles,CA,25-34,N
B16738,Camden,NJ,25-34yrs,FALSE
B05621,ATL,GA,35-44,Y
B15597,Phoenix,AZ,18-24,TRUE
B06680,Atlanta,GA,35 to 44,Y
B00620,New York,NY,45-54,FALSE
B17838,New York,NY,25-34,yes
B06329,Atlanta,GA,18-24,Y
B10693,Philadelphia,PA,25-34,No
B11455,Austin,TX,25-34,
B14261,San Antonio,TX,25-34,
B03210,Las Vegas,NV,25-34,
B01511,New York,NY,25-34,TRUE
B00587,New York,NY,35-44,Y
B03335,Las Vegas,NV,55+,FALSE
B09095,Baltimore,MD,55 plus,yes
B18347,Richmond,VA,25-34,yes
B15373,Dallas,TX,18-24,Yes
B00851,New York,NY,45 to 54,Yes
B05348,ATL,GA,35 to 44,
B02323,New York,NY,25-34,N
B00975,New York,NY,18-24,Y
B02910,,NV,25-34,N
B17494,Newark,NJ,55+,No
B01907,New York,NY,45-54,Y
B03626,Las Vegas,NV,18-24,Y
B18077,Chicago,IL,35-44,Y
B05231,Atlanta,GA,45-54,FALSE
B14280,Los Angeles,CA,25-34,Yes
B15417,HTX,TX,25-34,Y
B08206,Washington,DC,25-34,Yes
B08161,Baltimore,MD,35-44,
B06566,Atlanta,GA,55+,yes
B17611,Dallas,TX,25-34,yes
B15306,Austin,TX,25-34,Yes
B16341,Detroit,MI,45-54,TRUE
B00290,New York,NY,55 plus,No
B13324,Charlotte,NC,18-24,No
B03293,,NV,25-34,TRUE
B01636,New York,NY,35-44,yes
B08036,Baltimore,MD,45-54,Y
B12292,HTX,TX,35-44,No
B09072,Washington,DC,45-54,
B15557,Camden,NJ,18-24,yes
B15263,Charlotte,NC,18-24,Yes
B16001,Birmingham,AL,35-44,
B08200,Baltimore,MD,25 to 34,
B02110,New York,NY,25-34yrs,Yes
B16273,Wilmington,DE,25-34,Yes
B14541,Austin,TX,55+,Yes
B13562,Wilmington,DE,18-24,yes
B10703,Wilmington,DE,35-44,
B10867,Wilmington,DE,45-54,yes
B16858,Atlanta,GA,25-34,FALSE
B00283,New York,NY,25-34,N
B10246,Camden,NJ,18-24,
B05214,Atlanta,GA,35-44,No
B11476,Houston,TX,45-54,Y
B02280,New York,NY,35 to 44,No
B09611,Wilmington,DE,18-24,N
B03622,Las Vegas,NV,18 to 24,No
B02738,Las Vegas,NV,25-34,TRUE
B00950,New York,NY,25-34,N
B00313,New York,NY,35-44,TRUE
B15543,Philadelphia,PA,35-44,
B11788,Houston,TX,35-44,
B11418,San Antonio,TX,35-44,No
B13590,Baltimore,MD,55+,Y
B02118,New York,NY,35-44,Yes
B02736,Las Vegas,NV,18-24,
B02277,New York,NY,35-44,yes
B09629,Philadelphia,PA,25-34,N
B16377,Los Angeles,CA,45-54,TRUE
B10962,Wilmington,DE,45-54,TRUE
B06058,,GA,25-34,Yes
B11244,Camden,NJ,25 to 34,yes
B02213,"new york, ny",NY,18-24,TRUE
B15202,Philadelphia,PA,25-34,FALSE
B03606,Las Vegas,NV,18-24,Yes
B13659,Birmingham,AL,45-54,TRUE
B03077,Las Vegas,NV,35 to 44,yes
B05226,Atlanta,GA,25-34,TRUE
B15220,Camden,NJ,45-54,yes
B15811,Vegas,NV,35-44,
B07731,Atlanta,GA,35-44,TRUE
B11433,Houston,TX,25-34,FALSE
B10464,Camden,NJ,25-34,N
B01921,New York,NY,45-54,yes
B13417,Austin,TX,25-34,
B01568,"new york, ny",NY,18-24,FALSE
B04187,Las Vegas,NV,25-34,TRUE
B00129,New York,NY,18-24,
B11723,Houston,TX,25-34,FALSE
B13372,Detroit,MI,45 to 54,FALSE
B03800,Vegas,NV,18-24,No
B08064,Baltimore,MD,35-44,
B16834,Chicago,IL,35-44,
B16663,Newark,NJ,25 to 34,Y
B05201,Atlanta,GA,35-44,N
B06998,Atlanta,GA,18-24,
B00649,NYC,NY,45 to 54,Y
B09525,Baltimore,MD,45-54,FALSE
B16519,Birmingham,AL,45-54,TRUE
B03922,Vegas,NV,55+,Yes
B13570,,AZ,35-44,No
B17025,Richmond,VA,35-44,yes
B17643,Birmingham,AL,35-44,TRUE
B02948,Las Vegas,NV,35-44,No
B02521,New York,NY,25-34,
B15923,Las Vegas,NV,18-24,
B13785,Phoenix,AZ,35-44,Yes
B00625,NYC,NY,55 plus,yes
B09872,Philadelphia,PA,18-24,TRUE
B15804,Los Angeles,CA,35 to 44,Yes
B03898,Las Vegas,NV,25-34,No
B00288,NYC,NY,55+,Y
B00525,New York,NY,25-34,Yes
B08314,Washington,DC,35-44,TRUE
B15205,Camden,NJ,18-24,yes
B18286,Detroit,MI,55+,Yes
B11466,Austin,TX,18-24,
B14207,Charlotte,NC,25-34,TRUE
B16755,Newark,NJ,25 to 34,Yes
B05075,Las Vegas,NV,25-34,yes
B00343,NYC,NY,55+,FALSE
B04899,Las Vegas,NV,18-24,TRUE
B03173,Las Vegas,NV,45-54,
B15162,Dallas,TX,35 to 44,
B06113,Atlanta,GA,55+,Yes
B08140,Baltimore,MD,25-34,TRUE
B02930,Las Vegas,NV,25-34,No
B01052,New York,NY,25-34,Y
B00075,New York,NY,35-44,No
B17740,Camden,NJ,55+,TRUE
B04817,Las Vegas,NV,55+,No
B03251,Las Vegas,NV,18-24,yes
B15562,Baltimore,MD,18-24,yes
B15741,San Antonio,TX,45-54,N
B09610,Wilmington,DE,18-24,No
B09625,Wilmington,DE,35-44,Y
B08765,Baltimore,MD,25-34yrs,yes
B18307,Philly,PA,45-54,Y
B01821,New York,NY,35-44,FALSE
B13213,New York,NY,35-44,FALSE
B02264,"new york, ny",NY,45-54,Yes
B11768,Austin,TX,18-24 ,Yes
B17840,Dallas,TX,35-44,TRUE
B15361,Charlotte,NC,25-34,Y
B13889,Birmingham,AL,25-34,Y
B02226,"new york, ny",NY,25 to 34,TRUE
B14196,Washington,DC,35 to 44,TRUE
B13840,Charlotte,NC,18 to 24,TRUE
B05972,Atlanta,GA,35-44,Y
B07879,Baltimore,MD,18-24,yes
B11570,Austin,TX,35-44,FALSE
B08268,Washington,DC,35 to 44,
B01536,New York,NY,25-34,Yes
B13873,Austin,TX,25-34,Y
B14020,Miami,FL,35-44,Y
B05564,atlanta,GA,45-54,yes
B08654,Washington,DC,18-24,FALSE
B01966,New York,NY,45-54,Y
B04760,Las Vegas,NV,35-44,Y
B08551,Baltimore,MD,35-44,No
B11791,Houston,TX,35-44,
B04264,Las Vegas,NV,25-34yrs,N
B17742,Austin,TX,55+,yes
B05465,Atlanta,GA,35-44,No
B16785,Newark,NJ,18-24,No
B12676,SA,TX,25-34,No
B16352,New York,NY,18-24,Y
B14252,Dallas,TX,18-24 ,yes
B05260,ATL,GA,45-54,FALSE
B12491,Austin,TX,55+,TRUE
B02562,New York,NY,25-34,yes
B02800,Las Vegas,NV,45-54,TRUE
B00754,NYC,NY,45-54,FALSE
B08085,DC,DC,18-24,No
B12776,SA,TX,18-24,Y
B08033,Washington,DC,55 +,TRUE
B03186,Las Vegas,NV,35-44,No
B15063,Newark,NJ,18-24,Yes
B11720,Houston,TX,25-34,Y
B10012,Wilmington,DE,35-44,TRUE
B13195,Austin,TX,25-34,Yes
B01319,New York,NY,35-44,yes
B04238,Las Vegas,NV,45-54,
B17958,Philly,PA,25-34,FALSE
B03402,Vegas,NV,35-44,FALSE
B18149,Phoenix,AZ,35-44,No
B18387,Phoenix,AZ,25-34,Yes
B10730,Camden,NJ,45-54,FALSE
B05084,Las Vegas,NV,45-54,
B00054,New York,NY,35-44,Y
B11542,Austin,TX,18 to 24,yes
B02324,"new york, ny",NY,18-24,
B13279,Miami,FL,45-54,TRUE
B12430,Austin,TX,35-44,
B05841,Atlanta,GA,25-34,
B01297,New York,NY,25-34,No
B03239,Las Vegas,NV,25-34,Yes
B04577,Las Vegas,NV,35-44,yes
B17140,New York,NY,55+,
B10830,Wilmington,DE,45-54,FALSE
B15216,Austin,TX,18-24,Y
B06537,ATL,GA,18-24,Y
B01412,"new york, ny",NY,45 to 54,FALSE
B03832,Las Vegas,NV,18-24,Yes
B02669,Vegas,NV,45-54,Y
B04406,Las Vegas,NV,35 to 44,Yes
B06558,Atlanta,GA,45-54,FALSE
B00829,New York,NY,45-54,Y
B17017,Birmingham,AL,35 to 44,Y
B00006,New York,NY,45-54,Yes
B01367,NYC,NY,18-24,Y
B10627,Wilmington,DE,18-24,
B00725,New York,NY,25-34yrs,Y
B02222,"new york, ny",NY,35-44,Yes
B08025,"Washington, D.C.",DC,55 +,Yes
B03330,Las Vegas,NV,35-44,Y
B15628,Miami,FL,25-34,No
B02434,New York,NY,25-34,
B05086,Las Vegas,NV,18-24,yes
B00650,New York,NY,18-24,TRUE
B07042,Atlanta,GA,25-34yrs,TRUE
B11509,San Antonio,TX,25 to 34,Yes
B02468,New York,NY,25-34yrs,No
B15084,Philadelphia,PA,25-34,yes
B08863,Washington,DC,35-44,Y
B02616,Las Vegas,NV,25-34,TRUE
B16289,Newark,NJ,55 +,N
B18191,Las Vegas,NV,35-44,TRUE
B00199,New York,NY,35-44,
B08086,Washington,DC,18-24,FALSE
B10641,Wilmington,DE,55+,No
B17193,Miami,FL,35-44,yes
B13350,Houston,TX,55 plus,FALSE
B13077,San Antonio,TX,35-44,
B11835,San Antonio,TX,25-34,N
B04659,Las Vegas,NV,45-54,yes
B15155,Phoenix,AZ,35 to 44,Y
B01441,"new york, ny",NY,45-54,FALSE
B15171,Miami,FL,45-54,yes
B10716,Wilmington,DE,35 to 44,
B15785,Miami,FL,35 to 44,yes
B14588,Dallas,TX,25-34,TRUE
B08191,Baltimore,MD,45 to 54,No
B04525,Las Vegas,NV,25-34,TRUE
B09705,Philadelphia,PA,35-44,yes
B12434,Houston,TX,45 to 54,N
B14365,Los Angeles,CA,45-54,FALSE
B11785,Houston,TX,35 to 44,yes
B06462,Atlanta,GA,25-34,Yes
B18340,Philadelphia,PA,25-34,TRUE
B11537,San Antonio,TX,35-44,TRUE
B02875,Las Vegas,NV,25-34,N
B13907,Chicago,IL,35-44,Y
B01390,,NY,25-34,Yes
B16162,Miami,FL,35-44,Yes
B12629,SA,TX,25-34,Yes
B16175,Washington,DC,25-34,FALSE
B12177,Austin,TX,45-54,No
B16983,Newark,NJ,18-24,TRUE
B02210,New York,NY,35-44,TRUE
B16361,DC,DC,25-34,TRUE
B17410,Charlotte,NC,45-54,yes
B05944,Atlanta,GA,25-34,Y
B14640,Phoenix,AZ,25-34,FALSE
B12387,San Antonio,TX,55 plus,FALSE
B01015,New York,NY,35-44,FALSE
B06853,atlanta,GA,25-34,FALSE
B01735,New York,NY,35-44,yes
B08947,Baltimore,MD,25-34,yes
B14507,Detroit,MI,45-54,FALSE
B11307,Wilmington,DE,18 to 24,TRUE
B09511,Baltimore,MD,25-34,No
B04191,Las Vegas,NV,18-24,
B13474,Philadelphia,PA,25-34,
B06159,ATL,GA,25-34,TRUE
B17221,Dallas,TX,55+,Y
B05140,Las Vegas,NV,25-34yrs,Y
B15474,Phoenix,AZ,35-44,FALSE
B05269,Atlanta,GA,25-34,
B11161,Philadelphia,PA,18 to 24,N
B00611,"new york, ny",NY,35-44,N
B11423,San Antonio,TX,35-44,yes
B07499,Atlanta,GA,35-44,Y
B08718,Baltimore,MD,45-54,yes
B04777,Las Vegas,NV,25-34,Y
B12805,Austin,TX,45-54,No
B14002,Philadelphia,PA,25-34yrs,FALSE
B14518,Austin,TX,45-54,TRUE
B08828,Washington,DC,25-34,No
B12183,San Antonio,TX,25 to 34,N
B00017,New York,NY,35-44,Y
B17826,Los Angeles,CA,55+,
B14643,Birmingham,AL,25-34yrs,N
B18007,Newark,NJ,55+,N
B02644,Las Vegas,NV,18-24,
B00951,New York,NY,25-34,FALSE
B17991,San Antonio,TX,35-44,TRUE
B13283,Dallas,TX,18-24,Yes
B01631,New York,NY,25 to 34,Y
B10363,Camden,NJ,18-24,Yes
B14448,Philadelphia,PA,45-54,
B04163,Las Vegas,NV,55+,TRUE
B05970,ATL,GA,45 to 54,Yes
B13823,Wilmington,DE,25-34,
B16443,Los Angeles,CA,18-24,TRUE
B11431,SA,TX,55 +,Yes
B08931,Baltimore,MD,25 to 34,TRUE
B08784,Baltimore,MD,25-34yrs,N
B08993,"Washington, D.C.",DC,18-24,TRUE
B11737,Houston,TX,35-44,Y
B02773,Las Vegas,NV,55 +,TRUE
B03063,Las Vegas,NV,55+,Y
B17129,Chicago,IL,25-34,yes
B04038,Las Vegas,NV,55+,Y
B01529,New York,NY,25 to 34,
B10829,Wilmington,DE,25-34,TRUE
B17907,Baltimore,MD,18-24 ,TRUE
B00654,New York,NY,45-54,Y
B01934,New York,NY,25-34yrs,yes
B13751,Philadelphia,PA,25 to 34,
B09248,Washington,DC,18-24,Yes
B10194,Camden,NJ,25-34,N
B14392,Richmond,VA,45-54,N
B15468,Camden,NJ,45-54,yes
B11571,Austin,TX,35-44,
B08733,Washington,DC,18-24,TRUE
B05398,Atlanta,GA,35-44,Y
B15498,San Antonio,TX,25-34,
B05998,Atlanta,GA,25-34,Yes
B14728,Newark,NJ,35-44,yes
B15710,New York,NY,25-34,Yes
B01837,New York,NY,18 to 24,TRUE
B08965,Baltimore,MD,18-24,yes
B07995,Baltimore,MD,35-44,Y
B13730,Detroit,MI,45-54,No
B17247,Los Angeles,CA,18-24,FALSE
B05931,Atlanta,GA,25-34,FALSE
B02103,New York,NY,25-34,N
B07394,atlanta,GA,35-44,Yes
B13531,,IL,35-44,N
B17034,Los Angeles,CA,18-24 ,Yes
B14416,Austin,TX,25-34,Y
B14450,Newark,NJ,35-44,yes
B17161,Detroit,MI,25-34,No
B01644,New York,NY,25 to 34,Y
B02625,Las Vegas,NV,25 to 34,TRUE
B00304,New York,NY,25-34,Y
B04262,Las Vegas,NV,35 to 44,Yes
B00316,New York,NY,25-34,Yes
B17588,,IL,25-34,N
B18320,Houston,TX,45-54,
B16433,Baltimore,MD,45-54,Yes
B17724,Houston,TX,25-34,Yes
B14573,Los Angeles,CA,35-44,N
B09657,Wilmington,DE,35 to 44,TRUE
B16277,Miami,FL,18 to 24,yes
B14564,Atlanta,GA,25-34,Yes
B16011,Dallas,TX,35-44,Y
B02909,Las Vegas,NV,18-24,Yes
B16041,Newark,NJ,35-44,Yes
B02208,New York,NY,35-44,FALSE
B14808,Phoenix,AZ,18-24,Yes
B14697,Austin,TX,25-34,Y
B11412,Austin,TX,35-44,yes
B05758,Atlanta,GA,25-34yrs,yes
B06318,Atlanta,GA,45 to 54,yes
B13671,Newark,NJ,25-34,N
B15394,Philadelphia,PA,18-24,TRUE
B01540,,NY,35-44,TRUE
B03619,Las Vegas,NV,25-34,TRUE
B01345,New York,NY,25-34,TRUE
B14395,Miami,FL,25 to 34,TRUE
B00550,New York,NY,45-54,FALSE
B05525,Atlanta,GA,25-34,yes
B12697,Houston,TX,35 to 44,TRUE
B11539,Houston,TX,25 to 34,FALSE
B11629,San Antonio,TX,55+,Y
B01229,"new york, ny",NY,45-54,Y
B13848,Phoenix,AZ,35-44,FALSE
B04164,Las Vegas,NV,35-44,Y
B10925,Wilmington,DE,45-54,Y
B01455,New York,NY,25-34,
B17302,Dallas,TX,25-34,yes
B16384,Charlotte,NC,18-24,No
B11469,HTX,TX,35 to 44,Y
B02243,New York,NY,35 to 44,yes
B15282,Newark,NJ,25-34yrs,yes
B13755,New York,NY,18-24,N
B01337,New York,NY,55 +,No
B10108,Philadelphia,PA,45 to 54,No
B01155,New York,NY,55+,Y
B03045,Las Vegas,NV,25-34,No
B06436,ATL,GA,18-24,yes
B11533,San Antonio,TX,45-54,yes
B13644,Baltimore,MD,35-44,
B14526,Newark,NJ,18-24,FALSE
B04410,Las Vegas,NV,35-44,Y
B10977,Philadelphia,PA,45 to 54,Yes
B13569,Miami,FL,55+,FALSE
B03363,Las Vegas,NV,25-34,Yes
B12575,Houston,TX,18-24 ,Y
B17521,Los Angeles,CA,55+,
B13308,Wilmington,DE,25-34yrs,TRUE
B10787,Wilmington,DE,25-34,yes
B02348,New York,NY,35-44,Yes
B15062,Los Angeles,CA,55+,Yes
B11711,Houston,TX,55 plus,
B05562,Atlanta,GA,35-44,N
B13605,Newark,NJ,35-44,yes
B09793,Wilmington,DE,25-34,Yes
B05649,Atlanta,GA,35-44,Yes
B11962,Austin,TX,35-44,Y
B06869,atlanta,GA,45-54,No
B14297,Dallas,TX,35-44,FALSE
B13931,HTX,TX,25-34,N
B09491,Baltimore,MD,25-34,
B16595,Phoenix,AZ,55 plus,yes
B03547,Las Vegas,NV,25-34,yes
B15026,Richmond,VA,55+,
B17716,Chicago,IL,35-44,Yes
B02828,Las Vegas,NV,25-34,TRUE
B01741,New York,NY,45-54,yes
B00716,New York,NY,35-44,TRUE
B10080,Philadelphia,PA,45 to 54,FALSE
B12894,Austin,TX,25-34,No
B08360,Baltimore,MD,18-24,No
B16520,Richmond,VA,18-24,yes
B09009,Washington,DC,35 to 44,Y
B02802,Vegas,NV,35 to 44,
B07806,Washington,DC,45-54,yes
B17710,Austin,TX,25-34,
B18210,Charlotte,NC,25-34,Yes
B13672,Las Vegas,NV,25-34,
B06483,Atlanta,GA,25-34,yes
B03721,Las Vegas,NV,18-24,TRUE
B16356,Newark,NJ,45-54,
B11635,San Antonio,TX,45-54,N
B11146,Camden,NJ,35 to 44,yes
B11047,Philadelphia,PA,18 to 24,yes
B05062,Las Vegas,NV,35-44,TRUE
B05893,ATL,GA,45-54,Y
B13105,Austin,TX,35-44,Y
B12548,Austin,TX,55+,No
B07947,Baltimore,MD,35-44,yes
B02655,Las Vegas,NV,35-44,Y
B01798,New York,NY,18 to 24,FALSE
B13512,Richmond,VA,55+,Y
B15577,Camden,NJ,35-44,yes
B12850,Austin,TX,25-34,yes
B04861,Las Vegas,NV,45-54,TRUE
B04606,Vegas,NV,18-24,TRUE
B09935,Camden,NJ,25-34,Yes
B11301,Camden,NJ,55+,Yes
B09126,Baltimore,MD,45-54,Yes
B10956,Philly,PA,35-44,
B14864,Philadelphia,PA,25-34,Yes
B14341,Austin,TX,55+,FALSE
B08599,Baltimore,MD,18-24,FALSE
B01987,"new york, ny",NY,45-54,Yes
B07313,ATL,GA,55 +,Yes
B13937,Las Vegas,NV,35-44,Yes
B14168,Richmond,VA,25-34,yes
B01451,New York,NY,25-34,
B15174,Phoenix,AZ,35-44,N
B10552,Wilmington,DE,25-34,Y
B01595,New York,NY,25-34yrs,yes
B02306,New York,NY,35-44,FALSE
B05506,Atlanta,GA,25 to 34,TRUE
B03429,Las Vegas,NV,18-24,N
B05866,Atlanta,GA,25-34,N
B06818,Atlanta,GA,55+,Y
B17638,Los Angeles,CA,25-34yrs,FALSE
B14181,New York,NY,35 to 44,
B14457,Miami,FL,45 to 54,
B14992,Miami,FL,55+,
B03890,Las Vegas,NV,55+,No
B14858,SA,TX,35-44,
B09465,Washington,DC,18-24,
B02731,Las Vegas,NV,55+,FALSE
B07522,Atlanta,GA,45 to 54,Yes
B01035,New York,NY,18-24,
B05330,,GA,25-34,TRUE
B08396,Washington,DC,35-44,yes
B14953,Dallas,TX,35-44,Yes
B06377,Atlanta,GA,18-24,yes
B00092,New York,NY,35-44,Y
B03778,Las Vegas,NV,25-34yrs,Yes
B16915,Los Angeles,CA,45-54,Yes
B13303,Dallas,TX,45-54,Y
B13202,Camden,NJ,25-34,Yes
B16209,Miami,FL,18-24,FALSE
B14123,ATL,GA,35-44,Y
B14575,Detroit,MI,35-44,
B06684,Atlanta,GA,35-44,Yes
B09989,Wilmington,DE,18-24,
B10525,Philadelphia,PA,35-44,Y
B14314,Newark,NJ,35 to 44,FALSE
B08230,Washington,DC,55+,No
B03268,Las Vegas,NV,25-34,No
B06652,Atlanta,GA,18-24 ,yes
B11873,Austin,TX,25-34,No
B02681,Las Vegas,NV,35-44,FALSE
B15296,Camden,NJ,25-34,Yes
B06703,Atlanta,GA,18-24,No
B02707,Las Vegas,NV,35-44,yes
B14413,Philadelphia,PA,18-24,yes
B01516,NYC,NY,35-44,yes
B05696,Atlanta,GA,25-34,yes
B15960,Richmond,VA,35-44,Yes
B02201,New York,NY,25-34yrs,Yes
B06936,ATL,GA,25-34,TRUE
B17572,Newark,NJ,45-54,No
B11201,Philly,PA,45-54,Yes
B14441,"Washington, D.C.",DC,35-44,Yes
B14301,Wilmington,DE,18-24,
B05378,Atlanta,GA,25-34,Y
B03249,Las Vegas,NV,55+,
B01196,New York,NY,18-24,Y
B00624,New York,NY,25-34,Y
B07285,Atlanta,GA,35-44,TRUE
B02086,New York,NY,35-44,yes
B14326,Atlanta,GA,25-34,FALSE
B00082,New York,NY,35-44,yes
B12136,Austin,TX,35-44,FALSE
B14622,Philadelphia,PA,25-34,No
B00404,New York,NY,25-34,yes
B00744,New York,NY,55+,TRUE
B02583,NYC,NY,25-34,
B00333,New York,NY,55+,Y
B03399,Las Vegas,NV,45-54,FALSE
B14706,Newark,NJ,18-24,No
B08362,Washington,DC,35-44,No
B13677,Dallas,TX,35-44,
B09635,Wilmington,DE,25-34,yes
B08358,Baltimore,MD,45-54,FALSE
B11934,Austin,TX,35-44,
B00172,New York,NY,25-34yrs,Y
B15061,Houston,TX,25-34,Yes
B11636,San Antonio,TX,25-34,yes
B04367,Vegas,NV,35-44,FALSE
B12216,Austin,TX,35 to 44,No
B02659,Las Vegas,NV,25-34,Y
B09404,Washington,DC,35-44,Yes
B11666,San Antonio,TX,25-34,No
B13235,Richmond,VA,18-24,yes
B01986,New York,NY,35-44,FALSE
B17975,Richmond,VA,18 to 24,No
B14727,Dallas,TX,18-24,yes
B03050,Las Vegas,NV,35 to 44,
B02130,New York,NY,25 to 34,yes
B00653,New York,NY,35 to 44,Y
B16392,Detroit,MI,45-54,No
B14274,Baltimore,MD,35-44,Yes
B01493,New York,NY,18-24,Y
B11548,,TX,18-24,FALSE
B17383,Washington,DC,25-34,No
B02039,New York,NY,25-34,
B11577,Austin,TX,35-44,Yes
B06519,Atlanta,GA,35-44,Y
B14480,Austin,TX,18-24,Y
B06012,ATL,GA,25-34,yes
B13989,Baltimore,MD,25-34,Y
B14993,Houston,TX,18-24 ,FALSE
B11656,Houston,TX,18-24,Yes
B03324,Vegas,NV,18-24,N
B00429,New York,NY,35 to 44,TRUE
B03296,Las Vegas,NV,55+,yes
B07766,Atlanta,GA,25-34,Y
B12811,San Antonio,TX,35 to 44,TRUE
B18109,Baltimore,MD,35-44,Yes
B16508,Newark,NJ,18-24 ,Yes
B16971,Las Vegas,NV,25 to 34,No
B01449,New York,NY,18-24,Y
B11926,Houston,TX,25-34yrs,N
B10253,Wilmington,DE,25-34,Y
B14534,Newark,NJ,25-34,Y
B05468,Atlanta,GA,18-24,
B11308,Wilmington,DE,25-34yrs,Yes
B04334,Las Vegas,NV,25-34,
B14452,Phoenix,AZ,18-24,
B11776,Houston,TX,35-44,Yes
B12109,Austin,TX,25-34,No
B14931,Houston,TX,25-34,No
B08913,"Washington, D.C.",DC,35-44,Yes
B04484,Las Vegas,NV,35-44,yes
B09824,Philadelphia,PA,25-34,yes
B00839,New York,NY,45-54,
B01975,NYC,NY,25-34,FALSE
B09814,Wilmington,DE,55+,Y
B17483,Miami,FL,25-34,Y
B16728,Charlotte,NC,25-34,
B13724,Miami,FL,18-24,TRUE
B05189,Las Vegas,NV,35-44,Yes
B17229,Dallas,TX,25-34,No
B15051,Wilmington,DE,55+,Yes
B08210,"Washington, D.C.",DC,25-34,TRUE
B02311,New York,NY,35 to 44,Y
B02020,New York,NY,35-44,
B14595,Washington,DC,35-44,FALSE
B12648,Austin,TX,35-44,No
B16892,Las Vegas,NV,25-34,Yes
B01945,New York,NY,35-44,N
B09431,Baltimore,MD,35-44,Yes
B14891,Baltimore,MD,25-34,Y
B13223,Dallas,TX,25-34yrs,No
B00739,NYC,NY,18-24 ,N
B14983,Dallas,TX,25 to 34,Y
B16906,Charlotte,NC,35-44,yes
B03776,Las Vegas,NV,35-44,yes
B03582,Las Vegas,NV,25 to 34,No
B16383,San Antonio,TX,45-54,FALSE
B06347,Atlanta,GA,35-44,No
B01682,New York,NY,25-34,Y
B15692,,FL,25-34,yes
B00282,New York,NY,25-34,
B15123,Birmingham,AL,25-34,
B00699,New York,NY,35-44,No
B10039,Philly,PA,18-24,TRUE
B16200,Newark,NJ,25-34,No
B16705,Phoenix,AZ,35-44,No
B05397,Atlanta,GA,25-34,FALSE
B09204,Washington,DC,25-34,Yes
B11894,Austin,TX,25-34,Yes
B08240,Baltimore,MD,45-54,Yes
B04853,Las Vegas,NV,35-44,yes
B17595,Houston,TX,55+,No
B00094,NYC,NY,25-34,Y
B14537,Baltimore,MD,25-34,Yes
B14373,Birmingham,AL,25-34yrs,yes
B15825,Newark,NJ,35-44,Y
B15478,Baltimore,MD,18 to 24,FALSE
B18013,Charlotte,NC,45-54,TRUE
B02941,Las Vegas,NV,45-54,yes
B14699,Los Angeles,CA,45 to 54,
B17615,Los Angeles,CA,35-44,TRUE
B11092,,DE,25-34,
B12606,Houston,TX,18-24,yes
B16291,Charlotte,NC,25-34,yes
B01625,NYC,NY,55+,FALSE
B09658,Philadelphia,PA,25-34,TRUE
B01203,New York,NY,18-24,yes
B00788,New York,NY,25-34yrs,FALSE
B02000,New York,NY,35-44,yes
B15149,Las Vegas,NV,18-24 ,yes
B03562,Las Vegas,NV,18-24,TRUE
B06875,Atlanta,GA,25-34,
B14059,Phoenix,AZ,35-44,Yes
B16716,Miami,FL,25-34,TRUE
B07127,Atlanta,GA,25-34,FALSE
B00318,New York,NY,35-44,Yes
B06076,Atlanta,GA,25-34,Yes
B15978,Phoenix,AZ,25-34,N
B09830,Wilmington,DE,35-44,N
B14778,Camden,NJ,18-24,No
B16157,Las Vegas,NV,25 to 34,TRUE
B13487,,MD,18-24,Yes
B03353,Las Vegas,NV,18-24,Yes
B02778,Las Vegas,NV,35-44,Yes
B17446,Phoenix,AZ,18-24,FALSE
B01501,New York,NY,25-34,Yes
B12157,Austin,TX,18-24 ,FALSE
B15598,Richmond,VA,18-24,Yes
B15998,Phoenix,AZ,35-44,N
B08267,Baltimore,MD,35-44,No
B15427,San Antonio,TX,45 to 54,FALSE
B14223,Dallas,TX,35-44,TRUE
B02651,Las Vegas,NV,25-34,TRUE
B10238,Wilmington,DE,18-24,yes
B10526,Philly,PA,25 to 34,Yes
B14386,Washington,DC,35-44,No
B01411,NYC,NY,35-44,FALSE
B14921,Richmond,VA,35-44,Y
B09539,Washington,DC,35-44,N
B09640,Philadelphia,PA,45-54,TRUE
B02619,Las Vegas,NV,25-34,
B00893,NYC,NY,25-34,No
B13546,New York,NY,35-44,Yes
B03901,Las Vegas,NV,18 to 24,Yes
B03412,Las Vegas,NV,35-44,Y
B00315,New York,NY,35-44,TRUE
B08888,Washington,DC,25 to 34,FALSE
B12051,SA,TX,25-34,No
B15491,Charlotte,NC,18-24,yes
B14962,Newark,NJ,18-24,Yes
B11105,Philadelphia,PA,25-34,FALSE
B15936,Dallas,TX,35 to 44,N
B00623,NYC,NY,35-44,No
B05300,Atlanta,GA,35-44,N
B07987,Baltimore,MD,45-54,Y
B12693,Houston,TX,25-34yrs,FALSE
B03032,Las Vegas,NV,25-34,FALSE
B00841,New York,NY,18-24,FALSE
B05693,Atlanta,GA,35-44,Yes
B03365,Vegas,NV,35-44,
B14219,Newark,NJ,35 to 44,yes
B00321,New York,NY,18-24,FALSE
B14234,Miami,FL,45-54,No
B05251,Atlanta,GA,45-54,TRUE
B11444,Houston,TX,35-44,Y
B14625,Baltimore,MD,45-54,yes
B14401,San Antonio,TX,25-34,Yes
B15411,Philly,PA,35-44,FALSE
B08809,,MD,35-44,Yes
B13074,Austin,TX,18-24,
B02609,Vegas,NV,35-44,Y
B15696,Miami,FL,35-44,N
B16363,Camden,NJ,25-34,Y
B16960,Birmingham,AL,45-54,Y
B10236,Camden,NJ,35-44,No
B04100,Las Vegas,NV,25-34,yes
B05047,Vegas,NV,18 to 24,TRUE
B02977,Las Vegas,NV,35-44,Y
B16549,Washington,DC,35-44,TRUE
B04447,Las Vegas,NV,35-44,N
B11547,,TX,35-44,Yes
B03272,Vegas,NV,35-44,yes
B09255,Baltimore,MD,25-34,Yes
B00914,New York,NY,35-44,
B11450,SA,TX,35-44,TRUE
B06043,Atlanta,GA,45-54,No
B15639,Baltimore,MD,25-34,TRUE
B14177,Detroit,MI,18-24,TRUE
B11750,San Antonio,TX,45-54,No
B05553,Atlanta,GA,55 +,Y
B03989,Vegas,NV,18-24,No
B16744,atlanta,GA,18-24,TRUE
B18288,Washington,DC,35-44,
B00296,New York,NY,25-34,yes
B00355,New York,NY,25-34yrs,Yes
B14091,Camden,NJ,18-24,N
B16371,Phoenix,AZ,35 to 44,
B10511,Camden,NJ,35-44,Yes
B16539,New York,NY,25-34,Y
B06225,,GA,45-54,FALSE
B13583,Miami,FL,35-44,No
B09655,Philadelphia,PA,35-44,Y
B06496,Atlanta,GA,18-24,
B11480,Houston,TX,18-24 ,N
B11906,Houston,TX,25-34,yes
B11186,Wilmington,DE,45-54,Y
B13382,New York,NY,18-24,Yes
B00586,New York,NY,25-34yrs,Yes
B11781,San Antonio,TX,18-24,Yes
B03703,Vegas,NV,55+,
B17757,San Antonio,TX,55 +,N
B01664,New York,NY,18-24,No
B16114,Dallas,TX,55+,
B05225,atlanta,GA,35-44,Y
B10295,Wilmington,DE,25-34,FALSE
B02783,Las Vegas,NV,35-44,No
B16863,Washington,DC,55 plus,yes
B08892,Washington,DC,35-44,FALSE
B09146,Baltimore,MD,25-34,yes
B13276,Charlotte,NC,18-24,TRUE
B17048,Richmond,VA,25-34yrs,Yes
B15312,Birmingham,AL,25-34yrs,FALSE
B01268,New York,NY,18-24 ,Y
B13289,Wilmington,DE,18-24 ,Y
B07878,DC,DC,18-24,N
B02307,New York,NY,35-44,Y
B14014,Austin,TX,25-34,Yes
B02622,Las Vegas,NV,35-44,yes
B02021,"new york, ny",NY,25-34,Y
B05429,Atlanta,GA,25 to 34,FALSE
B02906,Las Vegas,NV,35-44,
B13558,Atlanta,GA,18-24,yes
B07545,Atlanta,GA,18-24,TRUE
B10406,Philadelphia,PA,25-34,No
B18092,Camden,NJ,35-44,TRUE
B05471,Atlanta,GA,25 to 34,yes
B06041,atlanta,GA,25 to 34,
B14486,Miami,FL,18-24,yes
B02544,NYC,NY,25-34,yes
B00939,New York,NY,18-24,Yes
B12460,San Antonio,TX,25-34,N
B04087,Las Vegas,NV,18-24,TRUE
B17076,Miami,FL,18-24,FALSE
B16399,Austin,TX,45-54,Y
B04873,Las Vegas,NV,25-34,FALSE
B05217,Atlanta,GA,25-34,Y
B03704,Vegas,NV,55 plus,yes
B08444,Washington,DC,25 to 34,N
B01340,New York,NY,35-44,Yes
B15262,Austin,TX,25-34,N
B12438,San Antonio,TX,35 to 44,Y
B17351,Vegas,NV,18-24,TRUE
B16833,Birmingham,AL,35-44,Yes
B17550,Charlotte,NC,55+,FALSE
B04404,Las Vegas,NV,18-24,Y
B14869,Richmond,VA,25-34,yes
B13242,Baltimore,MD,45-54,Y
B16035,Philadelphia,PA,55+,TRUE
B13827,Birmingham,AL,45-54,No
B00808,New York,NY,45-54,FALSE
B01116,New York,NY,25-34,N
B01149,NYC,NY,35-44,No
B13347,Philadelphia,PA,45-54,
B15729,Birmingham,AL,25-34,yes
B00957,New York,NY,25-34yrs,FALSE
B10585,Camden,NJ,18-24,
B03785,Vegas,NV,45-54,TRUE
B17515,Los Angeles,CA,25 to 34,yes
B15522,Los Angeles,CA,35-44,yes
B02127,New York,NY,25-34,No
B05609,Atlanta,GA,18-24 ,No
B12893,Austin,TX,35-44,Y
B01150,New York,NY,35-44,yes
B07393,Atlanta,GA,25-34,TRUE
B14928,Dallas,TX,25-34,FALSE
B05781,Atlanta,GA,45-54,FALSE
B03743,Las Vegas,NV,18-24,TRUE
B11525,Austin,TX,25 to 34,N
B00348,New York,NY,25-34,Y
B15664,Baltimore,MD,55+,TRUE
B13923,Houston,TX,25 to 34,Y
B02084,New York,NY,35-44,TRUE
B11918,Houston,TX,18-24,Yes
B10245,Camden,NJ,45 to 54,Yes
B13925,Houston,TX,25-34,Yes
B12532,SA,TX,55+,TRUE
B01556,NYC,NY,55+,Y
B00705,New York,NY,25-34,
B00685,"new york, ny",NY,25-34,TRUE
B02572,NYC,NY,18-24,No
B15617,Newark,NJ,18-24,Y
B10496,Philadelphia,PA,45-54,N
B01820,New York,NY,25-34yrs,No
B13540,Austin,TX,55+,yes
B17626,Phoenix,AZ,18-24,Y
B14049,New York,NY,35-44,yes
B04485,Las Vegas,NV,25-34yrs,Yes
B04662,Las Vegas,NV,35 to 44,N
B13912,Vegas,NV,25-34,
B08495,"Washington, D.C.",DC,45-54,Yes
B04962,Las Vegas,NV,45-54,FALSE
B09631,Wilmington,DE,45-54,
B15080,NYC,NY,35-44,yes
B16424,Los Angeles,CA,55 plus,FALSE
B09710,Camden,NJ,45-54,Yes
B10791,Camden,NJ,45 to 54,No
B18124,Houston,TX,25-34,FALSE
B10670,Wilmington,DE,25-34,N
B11953,Austin,TX,45-54,Yes
B17791,New York,NY,45-54,TRUE
B10143,Philadelphia,PA,25-34,TRUE
B15731,Birmingham,AL,35-44,Yes
B08737,Baltimore,MD,45-54,yes
B08542,Baltimore,MD,18-24,TRUE
B11142,Camden,NJ,35-44,
B15301,Richmond,VA,18-24,Yes
B11645,Houston,TX,25-34,N
B15284,Richmond,VA,25-34yrs,Y
B10265,Philadelphia,PA,25-34,yes
B08790,Baltimore,MD,35 to 44,N
B03329,Las Vegas,NV,35-44,TRUE
B11123,Wilmington,DE,35-44,
B00323,New York,NY,35-44,Yes
B03524,Las Vegas,NV,45-54,FALSE
B00917,New York,NY,35-44,Y
B00779,New York,NY,25-34,Y
B13426,Detroit,MI,18-24,Y
B05475,Atlanta,GA,18-24,No
B10667,Wilmington,DE,25-34,yes
B04129,Las Vegas,NV,55+,yes
B13215,Wilmington,DE,55+,yes
B14747,Charlotte,NC,18-24,yes
B03295,Las Vegas,NV,35-44,N
B00614,New York,NY,45-54,Yes
B15325,Birmingham,AL,25-34,
B14608,Dallas,TX,35-44,FALSE
B07111,Atlanta,GA,35-44,yes
B05790,Atlanta,GA,18-24,yes
B06990,Atlanta,GA,25 to 34,Y
B08959,Baltimore,MD,35-44,yes
B05949,Atlanta,GA,25 to 34,TRUE
B08516,Washington,DC,35 to 44,Y
B14292,New York,NY,35-44,yes
B17691,Atlanta,GA,25-34,Y
B04211,Las Vegas,NV,25 to 34,TRUE
B00832,New York,NY,25-34,TRUE
B15894,Newark,NJ,18-24 ,
B18371,Philadelphia,PA,35-44,Y
B07564,Atlanta,GA,55 +,
B17313,New York,NY,18-24,yes
B16995,Austin,TX,25-34,yes
B16063,Baltimore,MD,45-54,
B00772,New York,NY,45-54,Yes
B02057,New York,NY,25-34,TRUE
B02495,,NY,45 to 54,Y
B16265,Detroit,MI,45 to 54,TRUE
B11544,Austin,TX,35-44,N
B04582,Vegas,NV,45-54,Y
B17960,Austin,TX,18-24,No
B08901,Baltimore,MD,18-24,N
B15024,Detroit,MI,35-44,No
B01601,New York,NY,25-34,FALSE
B03502,Las Vegas,NV,35-44,Yes
B04122,Las Vegas,NV,45-54,TRUE
B17508,Houston,TX,35 to 44,Yes
B11449,San Antonio,TX,18-24,No
B02317,New York,NY,18-24,No
B13662,SA,TX,45-54,N
B14478,Baltimore,MD,25-34,FALSE
B00021,"new york, ny",NY,25-34,FALSE
B09046,Washington,DC,35-44,FALSE
B01039,New York,NY,45 to 54,TRUE
B01567,New York,NY,18-24,FALSE
B05276,ATL,GA,45-54,Yes
B02289,New York,NY,45-54,yes
B06481,ATL,GA,18-24,N
B04454,Vegas,NV,25-34,Y
B00847,New York,NY,25-34,Yes
B14125,Chicago,IL,35-44,FALSE
B14515,Los Angeles,CA,25-34,N
B17323,Los Angeles,CA,35-44,yes
B18294,Philadelphia,PA,18 to 24,Yes
B14958,Richmond,VA,35 to 44,Yes
B18395,Miami,FL,18-24,N
B02639,Las Vegas,NV,35-44,yes
B16931,Los Angeles,CA,25-34,yes
B11419,HTX,TX,45-54,Y
B15602,Wilmington,DE,35-44,No
B04996,Las Vegas,NV,35-44,TRUE
B14351,Newark,NJ,25-34yrs,N
B06175,Atlanta,GA,35-44,N
B14769,Los Angeles,CA,18-24,Yes
B07960,DC,DC,18-24,TRUE
B16999,Detroit,MI,25-34,FALSE
B16778,Newark,NJ,35-44,yes
B16821,Dallas,TX,55+,Yes
B14112,Philadelphia,PA,25-34,No
B01587,New York,NY,25-34,FALSE
B04910,Las Vegas,NV,25-34,yes
B13843,Las Vegas,NV,18-24,Y
B10075,Philadelphia,PA,35-44,yes
B00335,New York,NY,35-44,N
B09835,Philly,PA,25-34,
B14717,Chicago,IL,55+,No
B03065,Vegas,NV,35-44,
B03307,Las Vegas,NV,25 to 34,yes
B05887,Atlanta,GA,45 to 54,TRUE
B05399,Atlanta,GA,45 to 54,yes
B16111,Philly,PA,18-24,Yes
B08407,Baltimore,MD,18-24,Yes
B09921,Wilmington,DE,25-34,Y
B05138,Las Vegas,NV,25-34,Y
B13621,Philadelphia,PA,35-44,Yes
B17950,Birmingham,AL,45-54,
B16491,Las Vegas,NV,25-34,
B14396,Atlanta,GA,25-34,No
B12580,San Antonio,TX,35-44,
B17725,Los Angeles,CA,18-24 ,N
B15650,New York,NY,35-44,N
B03154,Las Vegas,NV,55+,yes
B15763,Philadelphia,PA,25-34,
B10841,Camden,NJ,25-34,Yes
B03883,Las Vegas,NV,18-24,
B15736,Houston,TX,18-24,TRUE
B02147,New York,NY,45-54,TRUE
B13259,Wilmington,DE,45-54,TRUE
B16714,Dallas,TX,45-54,
B00638,New York,NY,35-44,TRUE
B05034,Vegas,NV,18-24,Y
B12194,Houston,TX,25 to 34,No
B06707,Atlanta,GA,55+,Yes
B15232,New York,NY,35-44,No
B02942,Las Vegas,NV,18-24,FALSE
B11390,Camden,NJ,18-24,Yes
B02353,New York,NY,25-34,FALSE
B16222,New York,NY,18-24 ,TRUE
B17314,Chicago,IL,18-24,TRUE
B00888,New York,NY,25-34,
B08498,Baltimore,MD,25-34,Yes
B14313,New York,NY,25-34yrs,Yes
B14242,Detroit,MI,25-34,yes
B18273,Newark,NJ,25-34,yes
B00773,New York,NY,25-34yrs,Yes
B13246,Wilmington,DE,35-44,
B00229,New York,NY,45-54,No
B05235,ATL,GA,25-34,
B07891,Baltimore,MD,25-34,TRUE
B15375,Atlanta,GA,35-44,FALSE
B14179,Birmingham,AL,35-44,No
B16403,Dallas,TX,35-44,yes
B14186,Chicago,IL,55+,Y
B00347,New York,NY,35 to 44,FALSE
B16088,Charlotte,NC,35-44,yes
B17992,Philly,PA,25-34,yes
B03125,,NV,25-34,yes
B13636,Baltimore,MD,35 to 44,FALSE
B02902,Vegas,NV,25-34,Y
B04071,Vegas,NV,25-34,No
B05640,Atlanta,GA,18-24,TRUE
B12618,Austin,TX,18-24,Y
B00196,New York,NY,35-44,Yes
B00203,NYC,NY,25 to 34,N
B03755,Las Vegas,NV,18 to 24,yes
B12775,San Antonio,TX,25-34,TRUE
B01659,New York,NY,25-34,Yes
B09949,Wilmington,DE,25-34,Y
B08860,Baltimore,MD,45 to 54,No
B09015,Washington,DC,35-44,No
B17226,Chicago,IL,35-44,FALSE
B14038,Los Angeles,CA,35-44,TRUE
B02186,New York,NY,35-44,Yes
B14250,Richmond,VA,25-34,yes
B12516,Houston,TX,25-34,Yes
B03374,Las Vegas,NV,25-34,Y
B13337,,DC,35-44,No
B00901,New York,NY,45-54,yes
B08960,Baltimore,MD,25 to 34,TRUE
B13954,Detroit,MI,45-54,yes
B14753,Baltimore,MD,35-44,Yes
B04207,Las Vegas,NV,35-44,No
B08187,Baltimore,MD,55+,Yes
B01638,New York,NY,25-34,yes
B01280,"new york, ny",NY,18-24,FALSE
B07620,Atlanta,GA,18-24,Yes
B13543,Austin,TX,45-54,
B03078,Las Vegas,NV,55 +,Y
B17940,Baltimore,MD,45-54,yes
B09478,Baltimore,MD,25-34,FALSE
B11536,San Antonio,TX,25-34,Y
B17109,Dallas,TX,25 to 34,yes
B17170,Charlotte,NC,35-44,N
B11886,Austin,TX,55+,No
B16493,Wilmington,DE,35-44,Yes
B01570,New York,NY,25-34,Y
B00140,New York,NY,55+,No
B06017,atlanta,GA,25 to 34,Y
B02399,New York,NY,55+,TRUE
B00088,NYC,NY,35-44,Y
B02257,New York,NY,18-24,No
B07143,Atlanta,GA,25-34,Y
B15607,Dallas,TX,25-34,
B00352,New York,NY,35-44,Yes
B00292,NYC,NY,25-34,Yes
B13253,New York,NY,45-54,yes
B00342,New York,NY,18-24,yes
B15303,Miami,FL,25-34,Y
B09964,Wilmington,DE,25-34,No
B14076,Houston,TX,35-44,
B12916,Houston,TX,35 to 44,TRUE
B14868,Los Angeles,CA,35-44,yes
B17485,atlanta,GA,55 plus,TRUE
B15571,Newark,NJ,35-44,N
B15271,Detroit,MI,55+,
B16316,Atlanta,GA,45-54,Y
B08522,Baltimore,MD,18-24,No
B16527,Newark,NJ,18-24,Yes
B05003,Las Vegas,NV,45-54,yes
B14927,Philadelphia,PA,25 to 34,Y
B08669,Baltimore,MD,25 to 34,Y
B08012,Washington,DC,25-34yrs,No
B15405,Birmingham,AL,35-44,FALSE
B00242,New York,NY,45-54,N
B14443,San Antonio,TX,25-34,yes
B17479,ATL,GA,25-34,TRUE
B04235,Las Vegas,NV,45-54,Y
B11887,San Antonio,TX,25 to 34,TRUE
B05894,Atlanta,GA,35 to 44,TRUE
B16566,Miami,FL,25 to 34,No
B11792,HTX,TX,45-54,N
B00926,New York,NY,35-44,Y
B09581,DC,DC,25-34,TRUE
B00042,"new york, ny",NY,18-24,Yes
B03271,Las Vegas,NV,35-44,N
B00138,New York,NY,25 to 34,N
B15694,Newark,NJ,35-44,Yes
B12218,Austin,TX,25-34,Y
B09748,Philadelphia,PA,18-24 ,yes
B14329,Dallas,TX,18 to 24,Yes
B05566,Atlanta,GA,25-34,yes
B17091,Washington,DC,35-44,yes
B17916,Miami,FL,35 to 44,Yes
B10120,Philadelphia,PA,35 to 44,yes
B05092,Las Vegas,NV,25 to 34,TRUE
B17721,Miami,FL,55+,yes
B02653,Las Vegas,NV,45-54,TRUE
B17306,Philadelphia,PA,25-34yrs,
B03380,Las Vegas,NV,18-24 ,No
B01425,New York,NY,25 to 34,No
B10132,Wilmington,DE,25-34,FALSE
B00209,New York,NY,35 to 44,N
B16139,Philadelphia,PA,18-24,TRUE
B10869,Wilmington,DE,18-24,TRUE
B09961,Wilmington,DE,35-44,No
B11035,Philadelphia,PA,25-34,
B01359,NYC,NY,25-34,Yes
B04629,Las Vegas,NV,55+,
B14596,Birmingham,AL,25-34,yes
B14787,Charlotte,NC,45-54,TRUE
B02484,New York,NY,25-34yrs,FALSE
B08371,DC,DC,25-34yrs,FALSE
B00114,NYC,NY,18-24,yes
B03047,Las Vegas,NV,45-54,N
B15727,Detroit,MI,35-44,N
B17384,Baltimore,MD,25-34,N
B15453,Phoenix,AZ,55 +,Yes
B03052,Vegas,NV,55+,FALSE
B01474,New York,NY,18-24,Y
B15646,Birmingham,AL,35-44,yes
B00783,New York,NY,25-34,
B07642,Atlanta,GA,35-44,Yes
B16753,Phoenix,AZ,45-54,No
B14404,Camden,NJ,35-44,N
B12736,Houston,TX,18-24,FALSE
B15572,Newark,NJ,18-24,Yes
B06141,Atlanta,GA,35-44,Y
B03959,Las Vegas,NV,18-24,TRUE
B12350,Houston,TX,35-44,TRUE
B11963,Houston,TX,18-24,
B13816,Chicago,IL,35-44,N
B00372,New York,NY,45 to 54,FALSE
B04601,Las Vegas,NV,25-34,TRUE
B08190,Baltimore,MD,18-24 ,yes
B11473,Houston,TX,35-44,Yes
B10650,Camden,NJ,35-44,Yes
B01812,"new york, ny",NY,45-54,N
B14360,Chicago,IL,45-54,yes
B09084,Baltimore,MD,35 to 44,No
B02410,New York,NY,45-54,TRUE
B09696,Philadelphia,PA,35-44,TRUE
B11521,,TX,18-24,TRUE
B17778,Detroit,MI,45-54,N
B07907,Baltimore,MD,25-34,
B10550,Philadelphia,PA,45 to 54,N
B00327,New York,NY,18-24,yes
B02613,Las Vegas,NV,25-34,yes
B02688,Las Vegas,NV,25-34,Yes
B10566,Wilmington,DE,25-34,Yes
B17172,Los Angeles,CA,18-24,No
B13057,Houston,TX,25-34,yes
B11753,Austin,TX,35-44,Yes
B16649,Chicago,IL,25-34,N
B00596,New York,NY,55 plus,TRUE
B01507,New York,NY,18-24,yes
B02951,Las Vegas,NV,25-34,TRUE
B00211,New York,NY,45-54,yes
B13556,NYC,NY,18-24,N
B16805,Richmond,VA,25-34,TRUE
B16293,New York,NY,25-34,Yes
B17639,Philadelphia,PA,25-34,No
B00501,New York,NY,25-34yrs,No
B08905,Baltimore,MD,25 to 34,No
B08587,Baltimore,MD,35-44,Yes
B06066,Atlanta,GA,18-24,yes
B09198,Baltimore,MD,18-24,Yes
B04402,Las Vegas,NV,45-54,TRUE
B03029,Las Vegas,NV,25-34,Y
B09760,Camden,NJ,25-34,yes
B05706,atlanta,GA,35 to 44,Y
B03450,Las Vegas,NV,45-54,No
B05652,Atlanta,GA,25-34,
B16913,Austin,TX,35-44,No
B13139,Houston,TX,25-34,TRUE
B14058,Richmond,VA,35-44,Yes
B14257,SA,TX,35-44,Y
B14447,Baltimore,MD,25-34,TRUE
B18025,Richmond,VA,25-34,FALSE
B15088,Phoenix,AZ,35-44,FALSE
B07089,Atlanta,GA,25-34,TRUE
B14579,Los Angeles,CA,35-44,TRUE
B07531,Atlanta,GA,45-54,Y
B03151,Las Vegas,NV,35 to 44,yes
B13567,Austin,TX,25 to 34,FALSE
B14684,Newark,NJ,55+,TRUE
B00270,New York,NY,25-34,Y
B00843,New York,NY,18-24,No
B12445,Austin,TX,18-24,yes
B02674,Las Vegas,NV,35 to 44,Y
B12031,Austin,TX,18 to 24,yes
B09828,Philadelphia,PA,25-34,Y
B05486,Atlanta,GA,25-34yrs,TRUE
B12670,Houston,TX,25-34,No
B05386,Atlanta,GA,35-44,No
B16712,Philadelphia,PA,45-54,
B16400,Charlotte,NC,45 to 54,TRUE
B16167,Los Angeles,CA,35-44,Y
B01034,New York,NY,35-44,FALSE
B00222,New York,NY,18-24 ,
B11739,Austin,TX,25-34,Yes
B08272,Baltimore,MD,55 plus,
B11652,Austin,TX,55 +,FALSE
B01231,"new york, ny",NY,35-44,N
B15656,Los Angeles,CA,25-34,Y
B05476,Atlanta,GA,25-34,No
B14070,Baltimore,MD,55+,TRUE
B13218,Atlanta,GA,45 to 54,FALSE
B08789,Baltimore,MD,25-34,FALSE
B16961,Richmond,VA,25-34,TRUE
B16163,New York,NY,35-44,Yes
B01275,New York,NY,35-44,Y
B13712,Birmingham,AL,18-24,
B13594,Austin,TX,25-34,Y
B17075,New York,NY,45-54,FALSE
B09786,Camden,NJ,18-24,
B00090,New York,NY,25-34,Yes
B14022,Dallas,TX,18-24 ,yes
B05247,Atlanta,GA,45-54,
B10082,Wilmington,DE,25-34,
B17389,Los Angeles,CA,45-54,Y
B05258,Atlanta,GA,25-34,Y
B03748,Las Vegas,NV,25-34yrs,N
B12199,Houston,TX,18-24,yes
B10098,Wilmington,DE,18-24,No
B09988,Camden,NJ,45-54,N
B00456,New York,NY,35-44,Yes
B05148,Las Vegas,NV,18-24,TRUE
B11632,Houston,TX,45-54,No
B18255,Los Angeles,CA,35-44,No
B11844,San Antonio,TX,25-34,yes
B12623,HTX,TX,55+,yes
B17705,Wilmington,DE,25-34,Y
B14831,Newark,NJ,25-34,Yes
B13050,Austin,TX,25 to 34,Y
B17871,Los Angeles,CA,18-24,N
B11079,Wilmington,DE,25-34,TRUE
B14620,Austin,TX,45-54,yes
B02390,New York,NY,25-34,Yes
B14843,Dallas,TX,18-24,FALSE
B09510,Washington,DC,35-44,Y
B15715,Dallas,TX,35-44,TRUE
B17646,New York,NY,35 to 44,Yes
B01076,New York,NY,25-34,Y
B07999,"Washington, D.C.",DC,35 to 44,yes
B09785,Wilmington,DE,25-34,N
B03459,Las Vegas,NV,25-34,FALSE
B15549,Newark,NJ,35-44,Y
B16692,Chicago,IL,35-44,Yes
B07428,Atlanta,GA,45-54,yes
B13564,Camden,NJ,25-34,Yes
B09992,Camden,NJ,35-44,yes
B00033,New York,NY,25-34,FALSE
B14506,Miami,FL,35-44,
B17477,Las Vegas,NV,25-34,N
B09027,Baltimore,MD,18-24,Yes
B12495,San Antonio,TX,35-44,Y
B08804,Washington,DC,45 to 54,No
B16219,Baltimore,MD,25-34,TRUE
B04023,Las Vegas,NV,25-34,
B06916,atlanta,GA,45-54,TRUE
B05986,Atlanta,GA,25-34,TRUE
B13681,SA,TX,25-34,Y
B01998,New York,NY,35-44,N
B02391,New York,NY,25-34yrs,Yes
B13136,Houston,TX,18-24,yes
B16932,Miami,FL,55 plus,Y
B07245,ATL,GA,55+,Yes
B04202,Las Vegas,NV,55+,No
B16034,Chicago,IL,35-44,Y
B08238,Baltimore,MD,25-34,
B10078,Camden,NJ,35 to 44,yes
B01417,New York,NY,25-34,yes
B13814,Miami,FL,25-34,yes
B02137,New York,NY,55+,FALSE
B03756,Las Vegas,NV,55 plus,Y
B08248,Washington,DC,18-24,N
B11516,San Antonio,TX,25-34,FALSE
B00066,New York,NY,35-44,Yes
B06928,Atlanta,GA,35-44,TRUE
B17891,DC,DC,25-34,TRUE
B07938,Washington,DC,55+,TRUE
B17504,Miami,FL,25-34,Yes
B15749,Newark,NJ,25-34,No
B00818,New York,NY,25-34,TRUE
B00453,NYC,NY,25-34,TRUE
B14045,Vegas,NV,35-44,Y
B17621,Baltimore,MD,25-34,Y
B12367,SA,TX,45-54,Y
B11076,Wilmington,DE,18 to 24,FALSE
B12040,Houston,TX,25-34yrs,Y
B03158,Las Vegas,NV,25-34,Yes
B05299,Atlanta,GA,18-24,No
B13341,Atlanta,GA,25-34,FALSE
B08361,"Washington, D.C.",DC,35-44,TRUE
B14982,Richmond,VA,25-34,No
B10648,Philadelphia,PA,45-54,N
B11439,San Antonio,TX,45-54,Yes
B14151,Houston,TX,35 to 44,Yes
B13261,San Antonio,TX,35 to 44,Yes
B02765,Las Vegas,NV,55+,TRUE
B09983,Wilmington,DE,25-34,Y
B16675,Phoenix,AZ,55+,FALSE
B17579,Miami,FL,45-54,TRUE
B05228,Atlanta,GA,18-24,
B14276,Philadelphia,PA,25-34,FALSE
B11619,HTX,TX,55+,Yes
B09352,Washington,DC,35-44,TRUE
B06653,Atlanta,GA,25 to 34,FALSE
B11322,Wilmington,DE,45-54,No
B16029,Las Vegas,NV,45-54,TRUE
B05327,Atlanta,GA,55+,Yes
B04955,Vegas,NV,25 to 34,yes
B07807,DC,DC,35 to 44,Y
B14615,Miami,FL,25-34,TRUE
B03953,Las Vegas,NV,25 to 34,
B14029,Chicago,IL,35-44,Y
B08171,"Washington, D.C.",DC,35-44,TRUE
B03520,Las Vegas,NV,45 to 54,No
B13608,Los Angeles,CA,18-24,TRUE
B05253,Atlanta,GA,45-54,yes
B10309,Wilmington,DE,55+,
B06336,Atlanta,GA,18-24,N
B16178,Philadelphia,PA,18-24,N
B18159,Birmingham,AL,45-54,Y
B10954,Wilmington,DE,55 plus,Yes
B11402,San Antonio,TX,25-34,Y
B08659,Baltimore,MD,35-44,N
B01261,New York,NY,45 to 54,TRUE
B05477,,GA,25-34,
B06454,Atlanta,GA,55+,No
B13156,HTX,TX,25 to 34,TRUE
B15769,Washington,DC,18-24,TRUE
B10790,Wilmington,DE,35-44,yes
B09385,Baltimore,MD,35-44,No
B17174,,TX,55+,N
B09064,"Washington, D.C.",DC,18-24,yes
B15722,Philadelphia,PA,35-44,TRUE
B17997,Miami,FL,35-44,TRUE
B16962,Richmond,VA,18-24,TRUE
B02437,New York,NY,35 to 44,
B01296,New York,NY,25-34,Y
B13628,"Washington, D.C.",DC,35-44,yes
B07509,Atlanta,GA,35-44,
B13533,San Antonio,TX,18-24,FALSE
B07823,Baltimore,MD,55+,Y
B09626,Philly,PA,35-44,N
B07876,Washington,DC,55+,TRUE
B06473,Atlanta,GA,35-44,Y
B04075,Las Vegas,NV,25 to 34,Y
B17329,Austin,TX,18-24 ,FALSE
B15094,Wilmington,DE,18-24,yes
B01729,New York,NY,25-34,TRUE
B14320,,PA,45-54,Yes
B00095,New York,NY,35-44,Y
B03618,Las Vegas,NV,35-44,Y
B13997,Los Angeles,CA,25-34,N
B12072,Austin,TX,25-34,No
B04998,Vegas,NV,35 to 44,FALSE
B02320,New York,NY,55+,Y
B14626,Austin,TX,25-34,TRUE
B01085,"new york, ny",NY,55+,Yes
B13472,Philadelphia,PA,35-44,FALSE
B09393,Baltimore,MD,25-34,No
B00941,New York,NY,55+,yes
B04985,Las Vegas,NV,18-24,N
B02087,New York,NY,35-44,
B15245,Austin,TX,25-34,No
B13949,Detroit,MI,45 to 54,Y
B15677,Austin,TX,25-34,yes
B14093,Birmingham,AL,25-34,Yes
B08642,Baltimore,MD,45-54,Y
B07988,Washington,DC,25-34,TRUE
B00886,New York,NY,25 to 34,yes
B03652,Las Vegas,NV,18-24,TRUE
B08092,Washington,DC,25-34,N
B02524,New York,NY,25-34,FALSE
B13304,Camden,NJ,18-24,TRUE
B10121,Philadelphia,PA,25-34,yes
B06515,atlanta,GA,35 to 44,Yes
B16231,Detroit,MI,55 plus,
B01514,NYC,NY,35-44,No
B16136,Phoenix,AZ,35-44,TRUE
B02632,Las Vegas,NV,18-24,Yes
B00439,New York,NY,35-44,
B00233,New York,NY,18-24,yes
B18165,Detroit,MI,18-24,Yes
B11088,Philly,PA,35-44,yes
B09356,Baltimore,MD,25-34,No
B08628,Baltimore,MD,45-54,No
B06128,Atlanta,GA,35-44,No
B01428,New York,NY,25-34,yes
B06040,atlanta,GA,35-44,yes
B16769,Washington,DC,18-24,
B13170,Austin,TX,25-34yrs,Yes
B14729,Miami,FL,35-44,yes
B03068,Las Vegas,NV,45-54,Y
B07821,Washington,DC,25-34yrs,Yes
B05934,Atlanta,GA,25-34,FALSE
B05448,Atlanta,GA,25-34,Yes
B14551,Chicago,IL,25-34,N
B05410,Atlanta,GA,35-44,Yes
B16359,Miami,FL,25-34,N
B11725,San Antonio,TX,35-44,N
B10335,Camden,NJ,18-24,FALSE
B15898,New York,NY,35-44,Yes
B15580,New York,NY,25-34yrs,yes
B17513,Los Angeles,CA,35 to 44,Y
B13408,Philadelphia,PA,35-44,FALSE
B11957,San Antonio,TX,35-44,Y
B12493,SA,TX,35-44,No
B14369,Detroit,MI,18-24,TRUE
B00414,New York,NY,25-34,Y
B11065,Philadelphia,PA,35-44,N
B06921,Atlanta,GA,18-24,FALSE
B04375,Las Vegas,NV,35 to 44,FALSE
B07140,Atlanta,GA,35-44,Yes
B01755,"new york, ny",NY,35-44,Yes
B08040,Baltimore,MD,25-34,TRUE
B04788,Las Vegas,NV,25-34,FALSE
B04212,Las Vegas,NV,25-34yrs,yes
B14840,Baltimore,MD,18-24,yes
B17105,,CA,25-34,yes
B08927,Baltimore,MD,25-34,TRUE
B05329,Atlanta,GA,25-34,
B11669,San Antonio,TX,25-34,Yes
B06601,Atlanta,GA,35-44,No
B04008,Las Vegas,NV,45-54,FALSE
B01239,New York,NY,35-44,yes
B11468,Houston,TX,25-34,No
B00349,New York,NY,35 to 44,TRUE
B15068,Los Angeles,CA,45-54,yes
B05878,ATL,GA,45-54,Y
B03698,Las Vegas,NV,45-54,yes
B13410,Los Angeles,CA,45-54,Yes
B10931,Camden,NJ,25-34,N
B03766,Las Vegas,NV,25-34,Y
B12432,Houston,TX,25-34,Y
B13810,Las Vegas,NV,35-44,N
B08923,DC,DC,18-24,Y
B06348,Atlanta,GA,35-44,FALSE
B04673,Las Vegas,NV,25-34yrs,
B15674,Camden,NJ,18-24,Y
B00189,New York,NY,45-54,Yes
B02633,Las Vegas,NV,18-24,Yes
B08844,"Washington, D.C.",DC,25-34,yes
B02607,Las Vegas,NV,55 plus,
B09279,Washington,DC,18-24,
B13746,Philadelphia,PA,25-34,TRUE
B02722,Las Vegas,NV,35 to 44,
B11638,Houston,TX,18-24,
B01845,New York,NY,35-44,yes
B00937,"new york, ny",NY,35-44,No
B04838,Las Vegas,NV,35-44,FALSE
B13822,Newark,NJ,25-34,yes
B09622,Philly,PA,25-34yrs,yes
B13964,Las Vegas,NV,35-44,
B13351,atlanta,GA,25-34,yes
B13469,Camden,NJ,45-54,TRUE
B15776,Philadelphia,PA,45-54,Yes
B07539,Atlanta,GA,18-24,No
B11813,San Antonio,TX,25-34,Yes
B02058,NYC,NY,18-24,FALSE
B06522,Atlanta,GA,25-34,
B08390,Washington,DC,25-34,No
B00785,New York,NY,25-34,Y
B08547,Washington,DC,18-24,
B05337,Atlanta,GA,35-44,yes
B17633,Camden,NJ,25-34,N
B18174,Richmond,VA,18-24,No
B11381,Philadelphia,PA,18-24,Y
B15545,Austin,TX,35-44,yes
B14115,Chicago,IL,45-54,yes
B14647,Chicago,IL,35 to 44,Y
B04748,Las Vegas,NV,35 to 44,Y
B01565,New York,NY,25-34,FALSE
B08673,Baltimore,MD,25-34,Yes
B02750,Las Vegas,NV,25-34,TRUE
B06432,Atlanta,GA,35-44,FALSE
B10489,Philadelphia,PA,45-54,N
B14026,Austin,TX,25-34,No
B02781,Las Vegas,NV,18-24,FALSE
B14695,Detroit,MI,18-24,Y
B10986,Camden,NJ,45-54,Yes
B16622,Dallas,TX,25-34,TRUE
B13587,Atlanta,GA,25-34,yes
B05254,Atlanta,GA,18-24,
B11694,Austin,TX,25-34,N
B03343,Las Vegas,NV,35 to 44,FALSE
B17359,Washington,DC,18-24,Yes
B13642,Phoenix,AZ,18-24,Yes
B13440,Chicago,IL,55 plus,FALSE
B13952,Detroit,MI,35-44,TRUE
B00802,,NY,35-44,yes
B17222,Phoenix,AZ,25-34,FALSE
B17142,Chicago,IL,25-34,Y
B05430,Atlanta,GA,25 to 34,TRUE
B02692,,NV,35-44,
B08675,Washington,DC,25-34,TRUE
B14682,Newark,NJ,25-34,Yes
B15767,Newark,NJ,35-44,TRUE
B13436,Detroit,MI,45-54,
B01634,New York,NY,35-44,TRUE
B09667,Wilmington,DE,35-44,yes
B03267,Vegas,NV,25-34,
B08882,Baltimore,MD,35-44,yes
B10084,Philly,PA,25-34,No
B03357,,NV,25-34,
B12364,Austin,TX,45-54,Y
B11969,Houston,TX,55+,TRUE
B13948,Atlanta,GA,25-34,No
B02748,Las Vegas,NV,25-34,N
B09336,Washington,DC,25-34,N
B02618,Las Vegas,NV,35-44,N
B01984,New York,NY,25-34,yes
B13501,Detroit,MI,25-34,yes
B03526,Las Vegas,NV,18-24,N
B02502,New York,NY,25-34,N
B14460,Los Angeles,CA,18-24,yes
B12666,Houston,TX,45-54,yes
B08194,Baltimore,MD,35-44,No
B09330,Washington,DC,55+,Y
B13611,Los Angeles,CA,45-54,
B07914,Washington,DC,35-44,Y
B00449,New York,NY,25-34,N
B10354,Philadelphia,PA,35-44,yes
B14642,Atlanta,GA,18-24,yes
B15028,Chicago,IL,35-44,Y
B13138,San Antonio,TX,18-24,Yes
B01925,New York,NY,25-34,N
B10775,Wilmington,DE,25-34yrs,No
B13432,Philadelphia,PA,35-44,Y
B08884,Washington,DC,35-44,Y
B14529,Detroit,MI,25-34,yes
B02971,Vegas,NV,35-44,N
B16021,Philadelphia,PA,35 to 44,yes
B17663,Newark,NJ,35 to 44,Yes
B05199,Las Vegas,NV,45-54,Yes
B17787,Charlotte,NC,25-34,TRUE
B01806,"new york, ny",NY,18-24,FALSE
B15835,Philadelphia,PA,18-24 ,Y
B16344,Newark,NJ,55+,yes
B10470,Wilmington,DE,35 to 44,TRUE
B17949,Austin,TX,35-44,FALSE
B02693,Las Vegas,NV,18-24,TRUE
B12132,Houston,TX,55 +,Yes
B02432,New York,NY,25-34,FALSE
B16565,Philadelphia,PA,18-24,No
B09554,Washington,DC,25-34,
B13891,Baltimore,MD,25-34,Y
B13080,Austin,TX,45-54,FALSE
B09717,Philadelphia,PA,45-54,
B16094,Richmond,VA,45-54,FALSE
B18160,Baltimore,MD,18-24,yes
B00098,New York,NY,18-24,Y
B01599,New York,NY,25-34,FALSE
B11579,Houston,TX,18-24 ,
B08216,Baltimore,MD,25 to 34,N
B09811,Wilmington,DE,35-44,FALSE
B03212,Vegas,NV,25-34,yes
B00110,New York,NY,18-24,Y
B01246,New York,NY,35-44,FALSE
B14384,Charlotte,NC,45-54,TRUE
B11519,San Antonio,TX,18 to 24,Y
B00009,New York,NY,35-44,TRUE
B13633,Austin,TX,18-24,TRUE
B12563,Houston,TX,18-24,Y
B13459,Charlotte,NC,25-34,
B02029,New York,NY,35-44,FALSE
B13085,San Antonio,TX,25-34,yes
B13849,Wilmington,DE,25-34yrs,yes
B13233,Dallas,TX,25-34yrs,TRUE
B09662,Philadelphia,PA,18 to 24,N
B02950,Las Vegas,NV,25-34,Y
B03460,Las Vegas,NV,55+,TRUE
B05326,Atlanta,GA,35-44,
B15897,Birmingham,AL,25-34,FALSE
B14238,Charlotte,NC,18-24,yes
B02202,New York,NY,25-34yrs,Y
B05286,Atlanta,GA,25-34,
B02180,New York,NY,35-44,TRUE
B13835,Las Vegas,NV,35 to 44,yes
B07510,Atlanta,GA,35-44,TRUE
B08353,Washington,DC,25-34yrs,FALSE
B05676,Atlanta,GA,25-34,
B14080,Birmingham,AL,25-34,Yes
B14556,Newark,NJ,25-34,yes
B05521,ATL,GA,18-24,No
B04004,Vegas,NV,25-34,FALSE
B13006,SA,TX,25-34,Y
B01846,"new york, ny",NY,35-44,No
B18302,Los Angeles,CA,25-34,yes
B13715,Washington,DC,25-34,TRUE
B15332,Chicago,IL,18-24,N
B07243,Atlanta,GA,45 to 54,Y
B11213,Philadelphia,PA,35-44,Yes
B00781,New York,NY,25-34,yes
B16644,Las Vegas,NV,25-34,Yes
B00014,New York,NY,45-54,Yes
B17658,Phoenix,AZ,35-44,Y
B06260,ATL,GA,55+,N
B01893,New York,NY,25-34,FALSE
B10783,Camden,NJ,35-44,yes
B14178,Los Angeles,CA,45-54,N
B15186,Phoenix,AZ,25-34,N
B15226,Richmond,VA,18 to 24,Yes
B00920,"new york, ny",NY,25-34,Yes
B13428,Richmond,VA,55 plus,yes
B05780,Atlanta,GA,25-34yrs,FALSE
B10389,Wilmington,DE,18-24,N
B15603,New York,NY,35 to 44,N
B11081,Wilmington,DE,35-44,Yes
B08680,"Washington, D.C.",DC,18-24,TRUE
B13916,Detroit,MI,25-34,
B11408,San Antonio,TX,25-34yrs,yes
B12189,San Antonio,TX,35-44,TRUE
B08192,Baltimore,MD,45 to 54,Y
B00374,New York,NY,25-34,Y
B14661,New York,NY,35-44,FALSE
B02227,New York,NY,55+,FALSE
B09994,Camden,NJ,35-44,No
B18318,Newark,NJ,35 to 44,No
B15378,Philly,PA,55+,N
B05997,Atlanta,GA,18-24,FALSE
B13688,Los Angeles,CA,45-54,TRUE
B16856,Washington,DC,25-34,
B09287,DC,DC,35-44,FALSE
B17252,Camden,NJ,35-44,yes
B11355,Wilmington,DE,35-44,Y
B13960,Detroit,MI,25-34,FALSE
B10911,Philadelphia,PA,35-44,
B14136,Detroit,MI,35-44,Y
B14146,Houston,TX,55+,
B04267,Las Vegas,NV,25-34,Y
B12858,Austin,TX,25 to 34,TRUE
B01612,"new york, ny",NY,35-44,TRUE
B03483,Las Vegas,NV,45 to 54,Yes
B15082,Dallas,TX,25-34,TRUE
B07347,Atlanta,GA,45-54,TRUE
B13660,Houston,TX,35-44,FALSE
B00568,New York,NY,18-24,yes
B04550,Las Vegas,NV,45-54,TRUE
B11520,Austin,TX,25-34,TRUE
B13248,Miami,FL,35 to 44,FALSE
B05289,Atlanta,GA,18-24,TRUE
B00641,,NY,18-24,N
B08948,Baltimore,MD,25-34,Yes
B09677,Philadelphia,PA,25-34,
B09344,Washington,DC,35-44,yes
B09719,Camden,NJ,55+,N
B09175,Washington,DC,25-34,Y
B05497,ATL,GA,35-44,No
B05561,ATL,GA,45 to 54,N
B12921,Houston,TX,25-34,Yes
B15989,Newark,NJ,18-24,yes
B13415,Charlotte,NC,25-34,
B13993,Chicago,IL,35-44,No
B16382,Charlotte,NC,25-34yrs,FALSE
B08209,Baltimore,MD,35 to 44,N
B10776,Wilmington,DE,35-44,Y
B09608,Philadelphia,PA,35-44,FALSE
B01822,New York,NY,25-34,N
B00223,New York,NY,18-24 ,TRUE
B09937,Philadelphia,PA,35-44,FALSE
B16334,Phoenix,AZ,35-44,Yes
B11653,San Antonio,TX,18-24,TRUE
B09485,Baltimore,MD,25-34,N
B05604,Atlanta,GA,45 to 54,No
B05428,atlanta,GA,55+,No
B09219,Washington,DC,35-44,No
B00574,New York,NY,45-54,Yes
B14371,Los Angeles,CA,25-34,Yes
B00249,New York,NY,25-34,Y
B04926,Las Vegas,NV,18-24,Yes
B14216,San Antonio,TX,55+,FALSE
B11066,Philadelphia,PA,35-44,FALSE
B04446,Las Vegas,NV,45-54,No
B16989,Houston,TX,25-34,
B09591,,MD,35-44,N
B08590,Baltimore,MD,18-24,yes
B00202,New York,NY,35 to 44,Yes
B00040,New York,NY,25-34,yes
B04908,Las Vegas,NV,45-54,yes
B07864,Washington,DC,35-44,yes
B04649,Las Vegas,NV,25-34,TRUE
B11115,Camden,NJ,35-44,Yes
B06648,atlanta,GA,18-24,Yes
B01790,New York,NY,55+,TRUE
B05809,ATL,GA,25-34,Y
B17144,Newark,NJ,18-24,yes
B12547,San Antonio,TX,35 to 44,Y
B12074,Austin,TX,35-44,TRUE
B07595,ATL,GA,25-34,yes
B14468,Richmond,VA,45-54,N
B17535,Houston,TX,25-34,Y
B17596,Washington,DC,25-34,Y
B04779,Las Vegas,NV,18-24,
B18276,Baltimore,MD,35-44,Yes
B04166,Las Vegas,NV,45-54,N
B17372,Philadelphia,PA,45-54,yes
B15076,Richmond,VA,35-44,yes
B02079,New York,NY,18-24,FALSE
B00070,New York,NY,25-34,Y
B12055,Houston,TX,55+,
B03820,Las Vegas,NV,35 to 44,No
B03002,Las Vegas,NV,35-44,No
B12643,,TX,18-24,N
B05565,Atlanta,GA,35-44,N
B01623,New York,NY,35 to 44,TRUE
B17127,Charlotte,NC,25-34,
B14512,,IL,18-24,N
B13475,Phoenix,AZ,35-44,
B16470,Dallas,TX,55+,yes
B06908,Atlanta,GA,35-44,Y
B10001,Philadelphia,PA,35-44,TRUE
B06003,Atlanta,GA,35 to 44,Y
B04456,Las Vegas,NV,25-34,Yes
B10669,Camden,NJ,35-44,Yes
B13316,Phoenix,AZ,55+,FALSE
B17920,Newark,NJ,35-44,N
B13256,Austin,TX,35-44,yes
B00571,New York,NY,25-34yrs,
B02624,Las Vegas,NV,25-34,yes
B09948,Wilmington,DE,35-44,
B07098,Atlanta,GA,18-24,
B14987,Atlanta,GA,25-34,TRUE
B07658,Atlanta,GA,55 +,No
B01277,New York,NY,45-54,TRUE
B04644,Las Vegas,NV,18-24,Yes
B07971,Washington,DC,55+,No
B16686,New York,NY,25-34,N
B03442,Las Vegas,NV,35 to 44,yes
B15053,Dallas,TX,55+,Y
B11018,Wilmington,DE,45 to 54,
B17331,Phoenix,AZ,18-24,yes
B11585,San Antonio,TX,45-54,TRUE
B07282,Atlanta,GA,25-34,Yes
B09806,Wilmington,DE,35-44,yes
B03717,Las Vegas,NV,25-34,TRUE
B04146,Las Vegas,NV,45 to 54,
B14363,Philadelphia,PA,35-44,yes
B16985,DC,DC,18-24,yes
B01994,New York,NY,25-34,Y
B17608,Newark,NJ,45-54,yes
B14154,Washington,DC,18-24,Y
B13269,Birmingham,AL,55+,N
B17998,New York,NY,25 to 34,yes
B12184,Austin,TX,25-34,
B01292,New York,NY,35 to 44,Y
B13559,Philadelphia,PA,18 to 24,yes
B04413,Las Vegas,NV,35-44,Yes
B15275,Charlotte,NC,55+,
B01541,New York,NY,18-24,Yes
B10226,Camden,NJ,45 to 54,FALSE
B14494,Philadelphia,PA,35-44,FALSE
B06295,Atlanta,GA,18-24,Yes
B14036,Philadelphia,PA,25-34,
B09174,"Washington, D.C.",DC,35-44,yes
B17715,Phoenix,AZ,35-44,TRUE
B14118,Wilmington,DE,35-44,
B12378,Houston,TX,25-34,
B14191,Atlanta,GA,35-44,N
B13821,Miami,FL,35-44,No
B13454,Los Angeles,CA,35 to 44,Yes
B07967,,DC,25-34,No
B05222,Atlanta,GA,25-34,TRUE
B05666,ATL,GA,45-54,FALSE
B17350,Birmingham,AL,18 to 24,TRUE
B16146,Wilmington,DE,35 to 44,yes
B08571,Baltimore,MD,25-34,Yes
B13896,Dallas,TX,35-44,N
B04460,,NV,55+,
B14550,Birmingham,AL,55+,Y
B14688,HTX,TX,35 to 44,yes
B10595,Philadelphia,PA,35-44,Y
B14305,Camden,NJ,55 +,Y
B11613,Austin,TX,35-44,N
B06965,Atlanta,GA,35-44,N
B14883,Las Vegas,NV,45-54,TRUE
B00477,New York,NY,35-44,Yes
B07353,Atlanta,GA,45 to 54,
B15264,Los Angeles,CA,45-54,FALSE
B04329,Vegas,NV,45-54,Yes
B15486,Charlotte,NC,25-34yrs,Yes
B08406,Baltimore,MD,18-24 ,TRUE
B11463,San Antonio,TX,35-44,Y
B01249,New York,NY,25-34,yes
B05192,Las Vegas,NV,25-34,Yes
B12385,San Antonio,TX,45-54,Yes
B08859,Baltimore,MD,25-34,TRUE
B14424,Philadelphia,PA,25-34,Y
B16606,Austin,TX,25-34,Yes
B13812,Miami,FL,45-54,N
B07910,Baltimore,MD,18-24,TRUE
B11229,Camden,NJ,45-54,yes
B00608,New York,NY,18-24,Y
B13585,New York,NY,55+,
B06505,Atlanta,GA,35-44,No
B14784,Dallas,TX,55+,No
B00190,New York,NY,25-34,FALSE
B03961,Vegas,NV,45 to 54,yes
B13655,New York,NY,18-24,yes
B17061,Birmingham,AL,35 to 44,TRUE
B18012,Las Vegas,NV,35 to 44,TRUE
B07206,Atlanta,GA,25-34,No
B17160,Miami,FL,25-34,TRUE
B01927,New York,NY,45-54,yes
B10924,Camden,NJ,25-34,TRUE
B09740,Wilmington,DE,55 plus,N
B11532,Houston,TX,35-44,Yes
B13930,Birmingham,AL,18-24,
B12004,Houston,TX,55+,Yes
B13556,NYC,NY,18-24,N
B01818,New York,NY,35-44,No
B11623,San Antonio,TX,35-44,N
B09829,Wilmington,DE,25-34,No
B08346,Washington,DC,45-54,TRUE
B16412,Miami,FL,25-34,
B08182,Baltimore,MD,25-34,N
B16003,Miami,FL,45-54,N
B13349,Austin,TX,45-54,FALSE
B10002,Wilmington,DE,25-34yrs,yes
B10637,Wilmington,DE,25-34yrs,FALSE
B13280,Atlanta,GA,25-34,Y
B09632,Philadelphia,PA,25-34,Y
B00530,,NY,35-44,Yes
B01991,New York,NY,25-34,Yes
B04535,Vegas,NV,25-34,TRUE
B15609,Miami,FL,18-24,TRUE
B12186,Austin,TX,18-24,Yes
B17896,Richmond,VA,35-44,Y
B16251,Philadelphia,PA,25 to 34,N
B16648,Austin,TX,45-54,No
B02090,NYC,NY,35-44,FALSE
B08269,Baltimore,MD,45 to 54,FALSE
B15683,Phoenix,AZ,35-44,Y
B17894,Miami,FL,45-54,Yes
B02647,Las Vegas,NV,18 to 24,No
B03348,Las Vegas,NV,25-34,Yes
B14465,Dallas,TX,18-24,yes
B15356,Dallas,TX,35-44,yes
B17273,Miami,FL,25-34,N
B13817,Phoenix,AZ,25-34,FALSE
B00615,New York,NY,35-44,TRUE
B05271,Atlanta,GA,45 to 54,Y
B06692,ATL,GA,25-34,Yes
B17701,Newark,NJ,18-24,TRUE
B17491,Washington,DC,18-24,yes
B00016,New York,NY,45 to 54,Y
B15106,Phoenix,AZ,25-34yrs,Yes
B18101,San Antonio,TX,25-34,Y
B00626,"new york, ny",NY,18 to 24,Y
B09388,Washington,DC,45-54,TRUE
B12986,Austin,TX,18-24,No
B11499,,TX,35-44,N
B03018,Vegas,NV,35-44,No
B16056,Baltimore,MD,18-24,FALSE
B08451,Baltimore,MD,18-24,N
B01378,New York,NY,25-34,yes
B01889,New York,NY,18-24,Yes
B09915,Philadelphia,PA,35-44,Y
B15507,Philadelphia,PA,35-44,Yes
B13630,Chicago,IL,45 to 54,Y
B02965,Las Vegas,NV,55+,No
B08648,DC,DC,55+,Yes
B05765,Atlanta,GA,55+,N
B14801,Dallas,TX,18-24,Y
B01218,New York,NY,25-34,Yes
B04089,Las Vegas,NV,55+,N
B10749,Camden,NJ,25-34yrs,
B17378,Newark,NJ,25-34,Yes
B05244,Atlanta,GA,25-34,Y
B15177,Philadelphia,PA,35-44,Y
B13251,Los Angeles,CA,18-24,yes
B12111,Austin,TX,35-44,N
B10685,Camden,NJ,35-44,TRUE
B10399,Camden,NJ,55 plus,yes
B14017,Chicago,IL,25-34,
B15191,Baltimore,MD,35 to 44,Y
B14632,New York,NY,35-44,TRUE
B01169,New York,NY,35-44,TRUE
B09836,Philadelphia,PA,18-24,N
B02903,Las Vegas,NV,18-24,N
B14195,Atlanta,GA,45-54,FALSE
B06135,Atlanta,GA,55+,FALSE
B04269,Las Vegas,NV,35-44,
B13861,,IL,55+,TRUE
B05769,Atlanta,GA,35-44,No
B16008,Charlotte,NC,18-24,
B10092,Philadelphia,PA,35 to 44,
B02717,Las Vegas,NV,45-54,TRUE
B17283,Vegas,NV,18-24,FALSE
B09354,Baltimore,MD,18-24,
B15136,Las Vegas,NV,18-24 ,Yes
B16206,San Antonio,TX,25-34yrs,Yes
B09637,Philadelphia,PA,55+,Yes
B16450,,CA,18 to 24,Yes
B17735,Washington,DC,35-44,yes
B12654,San Antonio,TX,25-34,FALSE
B10634,Camden,NJ,55+,yes
B16799,Charlotte,NC,45-54,FALSE
B01803,New York,NY,18-24,TRUE
B13977,Philadelphia,PA,25-34,Y
B00681,,NY,45-54,No
B08549,DC,DC,25-34,
B14164,Washington,DC,25 to 34,No
B15340,Philadelphia,PA,45-54,FALSE
B15414,Las Vegas,NV,45-54,TRUE
B02631,Las Vegas,NV,25-34,No
B07892,Baltimore,MD,25-34,TRUE
B04121,Las Vegas,NV,55+,Y
B10150,Philadelphia,PA,18-24,No
B06033,Atlanta,GA,35-44,Y
B15397,Atlanta,GA,55+,
B18153,New York,NY,18-24 ,Yes
B01255,"new york, ny",NY,25-34,N
B12546,Houston,TX,25-34,Yes
B11245,Wilmington,DE,18-24,yes
B02328,NYC,NY,35-44,
B18233,Dallas,TX,25-34,No
B15129,Charlotte,NC,35-44,yes
B11766,Houston,TX,18-24,
B01773,New York,NY,25-34,No
B09746,Camden,NJ,25-34,Yes
B00621,New York,NY,18-24,Yes
B10073,Wilmington,DE,25-34,Yes
B00936,New York,NY,18-24,FALSE
B03157,Las Vegas,NV,25-34,yes
B03131,Vegas,NV,25-34,
B01478,New York,NY,25-34,N
B15982,Las Vegas,NV,35-44,
B18177,Phoenix,AZ,25-34,TRUE
B05536,Atlanta,GA,35-44,TRUE
B10736,Camden,NJ,25-34,FALSE
B15780,,MI,55+,Yes
B02367,New York,NY,45 to 54,yes
B12389,Houston,TX,18-24,
B14915,San Antonio,TX,35-44,Y
B13145,Austin,TX,35 to 44,Yes
B17632,Birmingham,AL,25-34,No
B04181,,NV,25-34,FALSE
B03826,Las Vegas,NV,55+,
B08290,Washington,DC,25-34,Y
B14366,Miami,FL,25-34,N
B01842,New York,NY,18-24,
B06011,Atlanta,GA,55+,FALSE
B09945,Philadelphia,PA,35-44,Yes
B10282,Philadelphia,PA,18-24,yes
B13694,New York,NY,35-44,TRUE
B16164,Phoenix,AZ,25-34,Y
B02330,"new york, ny",NY,25-34,FALSE
B08472,Baltimore,MD,45-54,yes
B12020,Austin,TX,35-44,Y
B05850,Atlanta,GA,45 to 54,FALSE
B13421,New York,NY,45-54,TRUE
B07056,Atlanta,GA,35-44,N
B06069,Atlanta,GA,35-44,FALSE
B14511,DC,DC,18-24 ,Yes
B13365,Birmingham,AL,35-44,TRUE
B17322,Phoenix,AZ,18-24,TRUE
B16169,Camden,NJ,25 to 34,yes
B12447,Austin,TX,25-34yrs,TRUE
B12919,San Antonio,TX,25 to 34,Yes
B05323,Atlanta,GA,45-54,FALSE
B06075,Atlanta,GA,25-34,yes
B16607,Philadelphia,PA,45-54,Y
B03760,Las Vegas,NV,45 to 54,Y
B06249,Atlanta,GA,35-44,FALSE
B14409,Vegas,NV,18 to 24,N
B14813,Chicago,IL,35-44,No
B11930,San Antonio,TX,25-34,No
B01382,New York,NY,18-24,Yes
B16786,DC,DC,55+,TRUE
B03872,Las Vegas,NV,35-44,Y
B14954,Birmingham,AL,18-24,N
B13376,Washington,DC,18-24,TRUE
B16719,Philadelphia,PA,18-24,
B17178,Chicago,IL,35-44,yes
B01137,New York,NY,35-44,TRUE
B03838,Las Vegas,NV,18-24,yes
B09442,Washington,DC,25-34,Yes
B02440,,NY,25 to 34,TRUE
B14153,Dallas,TX,18-24,Yes
B09131,Baltimore,MD,35-44,yes
B17096,Charlotte,NC,18-24,FALSE
B11524,Houston,TX,25-34,No
B11689,Houston,TX,45-54,N
B00956,New York,NY,25-34,TRUE
B11805,San Antonio,TX,25-34,TRUE
B17805,,TX,25-34,N
B14624,Detroit,MI,35 to 44,yes
B10359,Wilmington,DE,35-44,yes
B12792,Houston,TX,25-34yrs,N
B13111,Austin,TX,55+,FALSE
B03933,Las Vegas,NV,25-34,TRUE
B13210,Phoenix,AZ,18-24,yes
B13601,Baltimore,MD,35-44,TRUE
B02889,Las Vegas,NV,35-44,Y
B02234,New York,NY,45-54,
B13549,Houston,TX,45 to 54,No
B08643,Baltimore,MD,18 to 24,Y
B11435,San Antonio,TX,25-34,TRUE
B11830,San Antonio,TX,25-34,No
B08070,Baltimore,MD,18-24,Yes
B09706,Philadelphia,PA,45-54,Y
B13025,Austin,TX,45-54,No
B13669,Washington,DC,25-34,yes
B00245,New York,NY,25-34,
B11683,Austin,TX,35-44,yes
B14566,Austin,TX,25-34,
B06091,atlanta,GA,25-34,Yes
B16241,Philadelphia,PA,35 to 44,TRUE
B01753,New York,NY,35-44,Y
B16480,ATL,GA,35-44,yes
B17892,Atlanta,GA,55+,No
B11298,Camden,NJ,18-24 ,FALSE
B15278,Los Angeles,CA,55+,FALSE
B09601,Philadelphia,PA,25-34,yes
B05402,Atlanta,GA,35 to 44,Y
B11596,HTX,TX,25-34,N
B05194,Las Vegas,NV,18-24,N
B17524,ATL,GA,25-34,TRUE
B09218,Baltimore,MD,35 to 44,Y
B00474,New York,NY,25-34,Yes
B15290,Detroit,MI,35-44,No
B01049,New York,NY,25 to 34,TRUE
B11187,Camden,NJ,45-54,yes
B07713,Atlanta,GA,18-24,FALSE
B00376,New York,NY,25-34,No
B02203,New York,NY,35-44,Yes
B07898,DC,DC,55+,yes
B09910,Camden,NJ,45-54,Y
B02035,New York,NY,35-44,yes
B00977,New York,NY,18-24,No
B01465,"new york, ny",NY,25-34,TRUE
B14988,Camden,NJ,25-34,Yes
B08526,Baltimore,MD,18-24,Yes
B00239,New York,NY,25-34,N
B14648,DC,DC,18-24,yes
B17002,New York,NY,55 plus,TRUE
B02709,Las Vegas,NV,25-34,FALSE
B08961,Washington,DC,55+,FALSE
B02455,New York,NY,18-24,yes
B12181,Houston,TX,18-24,yes
B14437,Richmond,VA,35-44,
B16098,Chicago,IL,35-44,N
B18256,Los Angeles,CA,35-44,FALSE
B00823,New York,NY,18-24,yes
B08098,Baltimore,MD,18-24,FALSE
B15146,San Antonio,TX,35-44,Y
B12384,San Antonio,TX,18-24,N
B03332,Vegas,NV,35-44,N
B16721,Detroit,MI,18 to 24,TRUE
B18282,Richmond,VA,18-24,N
B05580,,GA,45-54,TRUE
B14870,Detroit,MI,25 to 34,
B17376,Atlanta,GA,25-34,FALSE
B12656,HTX,TX,25-34,FALSE
B05514,Atlanta,GA,18-24,yes
B09711,Camden,NJ,45-54,FALSE
B18104,Charlotte,NC,25-34,yes
B15288,Washington,DC,25-34,N
B02858,Las Vegas,NV,35 to 44,No
B13395,Wilmington,DE,25 to 34,TRUE
B05185,Las Vegas,NV,35-44,Yes
B09906,Camden,NJ,25 to 34,FALSE
B01827,New York,NY,45-54,No
B02841,Las Vegas,NV,25-34,FALSE
B11424,Houston,TX,25-34,yes
B16134,Charlotte,NC,25-34,No
B06821,Atlanta,GA,25-34,No
B09817,Wilmington,DE,25 to 34,FALSE
B13867,Camden,NJ,18-24,Y
B16492,Washington,DC,45-54,Yes
B14109,Phoenix,AZ,25-34,TRUE
B08005,Washington,DC,18-24,yes
B13330,Birmingham,AL,35-44,Y
B00850,New York,NY,18-24,FALSE
B00715,New York,NY,18-24,N
B00136,"new york, ny",NY,55+,Yes
B00662,New York,NY,18-24,Y
B13332,Houston,TX,35-44,TRUE
B03848,Las Vegas,NV,45-54,
B09621,Philadelphia,PA,25-34,No
B05798,Atlanta,GA,35-44,No
B01151,New York,NY,35 to 44,yes
B14280,Los Angeles,CA,25-34,Yes
B08027,Baltimore,MD,18-24,
B17961,Austin,TX,25-34yrs,No
B12096,San Antonio,TX,18-24,yes
B13510,Los Angeles,CA,18-24,FALSE
B17662,Detroit,MI,35-44,FALSE
B00868,"new york, ny",NY,18-24,N
B05619,ATL,GA,18-24,TRUE
B14378,"new york, ny",NY,45-54,N
B17167,Richmond,VA,18 to 24,Yes
B01002,New York,NY,35-44,Yes
B09348,Washington,DC,35-44,N
B10734,Philadelphia,PA,25 to 34,TRUE
B17622,Dallas,TX,25-34,N
B11942,San Antonio,TX,55+,yes
B11357,Camden,NJ,25-34,Y
B00811,New York,NY,25-34,Yes
B06804,Atlanta,GA,25-34,Yes
B07816,Baltimore,MD,35-44,FALSE
B12926,Houston,TX,25-34,Y
B17292,Detroit,MI,18-24,No
B17875,Houston,TX,25-34,Y
B00068,New York,NY,35-44,
B16561,Detroit,MI,25-34,yes
B01009,New York,NY,25-34,yes
B17801,Los Angeles,CA,25 to 34,Yes
B13578,Phoenix,AZ,25-34,Y
B06474,Atlanta,GA,25-34,N
B15342,Charlotte,NC,25-34,Y
B08469,Washington,DC,55 +,yes
B15599,Chicago,IL,18-24,Y
B17741,Miami,FL,55 plus,Y
B10365,Wilmington,DE,25-34,Y
B16023,Camden,NJ,25-34,TRUE
B09690,Philadelphia,PA,18-24,Yes
B10019,Philadelphia,PA,25-34,FALSE
B09812,Camden,NJ,25-34,Yes
B04436,Las Vegas,NV,55+,yes
B05541,Atlanta,GA,25-34,No
B17898,Baltimore,MD,35-44,Y
B14278,,TX,45-54,No
B13685,Phoenix,AZ,35-44,Yes
B15643,Newark,NJ,25-34,TRUE
B15322,Camden,NJ,45-54,FALSE
B02332,New York,NY,25-34yrs,yes
B08492,Baltimore,MD,35-44,Yes
B05440,Atlanta,GA,45-54,TRUE
B00285,New York,NY,25-34,yes
B12608,San Antonio,TX,25-34,TRUE
B16596,Charlotte,NC,25-34yrs,TRUE
B14738,Newark,NJ,35-44,
B11875,San Antonio,TX,45-54,Y
B13323,Atlanta,GA,25-34,Yes
B13741,Phoenix,AZ,25-34,Yes
B00371,"new york, ny",NY,35 to 44,No
B17762,Birmingham,AL,45 to 54,TRUE
B15724,New York,NY,25-34,No
B17382,New York,NY,25-34,yes
B02519,NYC,NY,25-34,Y
B02660,Las Vegas,NV,35 to 44,Yes
B05816,Atlanta,GA,35-44,Y
B16068,Dallas,TX,25-34,No
B01089,New York,NY,25-34,No
B00159,NYC,NY,25-34,No
B00148,New York,NY,35-44,Y
B14477,Birmingham,AL,25-34,Yes
B09303,Baltimore,MD,35 to 44,TRUE
B03527,Las Vegas,NV,25-34,N
B05602,Atlanta,GA,45-54,Y
B14406,,TX,25-34,yes
B07996,Washington,DC,35-44,Yes
B00526,New York,NY,45-54,Y
B08528,Baltimore,MD,55+,TRUE
B02917,Las Vegas,NV,18 to 24,
B04787,Vegas,NV,35-44,yes
B00912,New York,NY,35-44,No
B15815,Camden,NJ,55 plus,yes
B12465,SA,TX,35-44,Yes
B00363,New York,NY,35-44,FALSE
B00041,New York,NY,25-34,TRUE
B17651,Detroit,MI,18-24,yes
B00003,New York,NY,35-44,Y
B02007,New York,NY,25-34,Y
B17480,,NJ,55 +,FALSE
B09763,Wilmington,DE,18 to 24,TRUE
B13978,Newark,NJ,25 to 34,Y
B13206,Dallas,TX,18-24,Yes
B01415,New York,NY,35-44,Y
B15690,Baltimore,MD,18 to 24,No
B07555,atlanta,GA,25-34,FALSE
B01973,NYC,NY,25-34,No
B08968,Baltimore,MD,25-34,Yes
B17316,Dallas,TX,25-34,No
B13400,San Antonio,TX,35-44,yes
B05384,Atlanta,GA,18-24 ,yes
B14818,Newark,NJ,35-44,TRUE
B02719,Vegas,NV,25-34,Yes
B12613,Austin,TX,25-34,FALSE
B01207,New York,NY,18-24,TRUE
B18225,HTX,TX,45 to 54,yes
B11327,Camden,NJ,25-34,No
B15525,Camden,NJ,18-24,FALSE
B02949,Las Vegas,NV,55+,Y
B01492,New York,NY,35-44,Yes
B17084,Newark,NJ,45-54,TRUE
B16252,Los Angeles,CA,18-24,Y
B03543,Las Vegas,NV,55+,Y
B06322,ATL,GA,25-34,Yes
B00217,New York,NY,35 to 44,TRUE
B00107,New York,NY,25-34,No
B01142,New York,NY,55+,TRUE
B02546,New York,NY,35-44,yes
B10965,Wilmington,DE,18-24,Yes
B16168,Camden,NJ,25-34yrs,yes
B15390,Newark,NJ,25-34,Y
B18068,Philadelphia,PA,45 to 54,yes
B01497,New York,NY,25-34,No
B12427,Houston,TX,35-44,
B02327,New York,NY,25-34,
B17032,"Washington, D.C.",DC,25-34,FALSE
B18195,Wilmington,DE,35-44,
B03936,Las Vegas,NV,35-44,Y
B11839,San Antonio,TX,35-44,Yes
B01084,New York,NY,25-34,yes
B12426,San Antonio,TX,25-34,No
B00353,New York,NY,25-34,No
B15235,Charlotte,NC,45 to 54,yes
B01872,New York,NY,45-54,
B18245,Dallas,TX,45-54,Yes
B08364,Baltimore,MD,45-54,No
B13378,Miami,FL,45-54,FALSE
B14263,Camden,NJ,25-34,Y
B09414,DC,DC,35 to 44,yes
B14387,Los Angeles,CA,25-34,TRUE
B02192,NYC,NY,35 to 44,Yes
B15564,New York,NY,25-34,Yes
B04521,Vegas,NV,45-54,Yes
B16530,Los Angeles,CA,35 to 44,Y
B14657,Dallas,TX,25-34,Yes
B11915,Austin,TX,25-34,Yes
B16943,Las Vegas,NV,55+,TRUE
B09307,Baltimore,MD,35-44,FALSE
B11269,Philadelphia,PA,45-54,
B16414,Camden,NJ,25-34,
B06463,Atlanta,GA,35-44,
B11149,Camden,NJ,35-44,Y
B11437,Houston,TX,25 to 34,Y
B04383,Vegas,NV,25-34,TRUE
B13854,Vegas,NV,25-34,TRUE
B00099,New York,NY,25-34,Y
B11094,Wilmington,DE,18-24,Yes
B10822,Wilmington,DE,18-24,
B15905,San Antonio,TX,18-24,TRUE
B02365,New York,NY,45-54,N
B04117,Las Vegas,NV,18-24,N
B08971,Baltimore,MD,45-54,Yes
B14350,Washington,DC,25-34,TRUE
B03035,Las Vegas,NV,35-44,N
B09772,Camden,NJ,25-34,No
B16918,Washington,DC,25-34yrs,TRUE
B14209,Las Vegas,NV,18-24,Y
B00752,New York,NY,35-44,yes
B00157,New York,NY,25-34,TRUE
B05505,,GA,25-34,TRUE
B08772,Baltimore,MD,35-44,yes
B03300,Las Vegas,NV,18-24,FALSE
B16390,Los Angeles,CA,45-54,No
B00379,New York,NY,25-34,FALSE
B09311,,DC,25-34,FALSE
B16634,Phoenix,AZ,35 to 44,TRUE
B13733,Detroit,MI,25-34,Y
B04029,Las Vegas,NV,35 to 44,yes
B12035,Austin,TX,18-24,Y
B13683,Detroit,MI,18-24,Y
B12601,SA,TX,55+,N
B15237,"Washington, D.C.",DC,18-24,No
B15879,Phoenix,AZ,35-44,TRUE
B04486,Las Vegas,NV,25-34,Yes
B05093,Las Vegas,NV,35-44,Yes
B11124,Philadelphia,PA,35 to 44,yes
B01697,New York,NY,18-24,No
B00729,New York,NY,25 to 34,yes
B01929,New York,NY,25-34,Yes
B13496,Washington,DC,35 to 44,yes
B17510,Miami,FL,35-44,TRUE
B14229,Dallas,TX,25-34,yes
B08055,Washington,DC,35-44,No
B09728,Wilmington,DE,55+,FALSE
B17846,Miami,FL,25-34,yes
B13604,Baltimore,MD,45-54,No
B13726,Wilmington,DE,35-44,Yes
B16922,Houston,TX,25-34,Y
B18037,Richmond,VA,45-54,yes
B11447,San Antonio,TX,35 to 44,FALSE
B02183,New York,NY,25-34,N
B13208,Washington,DC,18-24,No
B02645,Las Vegas,NV,25-34,FALSE
B17647,Birmingham,AL,18-24,FALSE
B00927,New York,NY,35-44,TRUE
B08166,Washington,DC,25-34,N
B09962,Wilmington,DE,35-44,Y
B00478,New York,NY,35-44,Y
B18090,Richmond,VA,25-34,FALSE
B10874,Wilmington,DE,25-34,yes
B14863,Phoenix,AZ,35-44,
B07541,Atlanta,GA,55+,Yes
B02056,NYC,NY,18-24,yes
B10357,Wilmington,DE,35-44,Yes
B11155,Camden,NJ,45-54,FALSE
B10059,Camden,NJ,55+,TRUE
B06619,Atlanta,GA,35-44,FALSE
B15060,Phoenix,AZ,55+,
B06394,ATL,GA,18 to 24,N
B13403,Las Vegas,NV,55+,Yes
B01609,New York,NY,45 to 54,
B05772,Atlanta,GA,55+,Y
B17731,Birmingham,AL,35-44,Y
B02943,Las Vegas,NV,25-34,FALSE
B13768,Baltimore,MD,25-34,TRUE
B04305,Las Vegas,NV,45-54,Y
B04463,Vegas,NV,55+,FALSE
B05395,Atlanta,GA,25-34,Y
B16874,,NC,35 to 44,yes
B00877,New York,NY,35-44,Y
B07855,Baltimore,MD,45-54,TRUE
B12931,Austin,TX,35-44,TRUE
B08453,Baltimore,MD,35-44,FALSE
B02864,Las Vegas,NV,18-24,
B16796,Richmond,VA,25-34,Y
B00250,New York,NY,45-54,TRUE
B17400,Birmingham,AL,18-24 ,TRUE
B01434,New York,NY,35-44,N
B02615,Las Vegas,NV,35 to 44,
B17541,San Antonio,TX,45-54,
B17697,Richmond,VA,18-24,N
B08818,Baltimore,MD,35-44,N
B17580,Houston,TX,45-54,TRUE
B07983,Washington,DC,45-54,No
B10665,Philadelphia,PA,35-44,No
B02051,New York,NY,18-24,TRUE
B11885,Houston,TX,25 to 34,
B14532,,AL,35-44,Yes
B03887,Las Vegas,NV,25-34,TRUE
B12479,Austin,TX,18-24,TRUE
B12884,Austin,TX,18-24,yes
B10190,Philly,PA,18-24,Y
B09726,Wilmington,DE,18-24,TRUE
B13207,Atlanta,GA,18-24 ,FALSE
B13713,Miami,FL,55+,FALSE
B13257,Phoenix,AZ,45-54,yes
B17488,Philadelphia,PA,35-44,yes
B09542,Baltimore,MD,18-24,
B13738,Las Vegas,NV,18-24,yes
B13180,San Antonio,TX,25-34,Y
B12106,San Antonio,TX,45-54,TRUE
B00038,"new york, ny",NY,18-24,yes
B12388,Houston,TX,55+,yes
B13544,Houston,TX,35 to 44,Y
B02476,New York,NY,18-24,FALSE
B16837,"new york, ny",NY,45-54,TRUE
B10524,Wilmington,DE,45-54,
B16182,Wilmington,DE,25 to 34,TRUE
B11530,SA,TX,45-54,Y
B16704,Las Vegas,NV,35-44,Yes
B12486,San Antonio,TX,18-24,No
B03683,Las Vegas,NV,45-54,yes
B08228,,MD,18-24,No
B16853,Atlanta,GA,45 to 54,Yes
B00863,"new york, ny",NY,35 to 44,Yes
B15213,Dallas,TX,25-34,TRUE
B06539,atlanta,GA,55+,
B02796,Las Vegas,NV,18-24,FALSE
B11765,Austin,TX,45-54,N
B03089,Las Vegas,NV,25-34,No
B17652,Austin,TX,18 to 24,No
B03861,Las Vegas,NV,18-24,Y
B03486,Las Vegas,NV,18-24,TRUE
B08914,Baltimore,MD,45-54,Y
B00910,New York,NY,35-44,N
B14357,Los Angeles,CA,45-54,
B05033,Las Vegas,NV,35 to 44,TRUE
B16547,Washington,DC,18-24,Y
B02689,Las Vegas,NV,18-24,yes
B16313,Richmond,VA,25-34,yes
B10186,Philadelphia,PA,55+,N
B09978,Camden,NJ,35-44,Y
B00057,NYC,NY,25-34,No
B01012,New York,NY,18-24,yes
B07985,,MD,25-34,TRUE
B13899,Las Vegas,NV,25-34,
B07916,Washington,DC,35-44,No
B14867,Chicago,IL,18-24,No
B11644,Austin,TX,35-44,FALSE
B04847,Vegas,NV,35 to 44,TRUE
B13179,SA,TX,45-54,TRUE
B18004,Miami,FL,25-34yrs,yes
B14613,Las Vegas,NV,25-34,yes
B08864,Washington,DC,18-24,N
B15596,Birmingham,AL,35-44,Y
B04136,Vegas,NV,55+,TRUE
B17208,Miami,FL,25-34yrs,
B17345,Charlotte,NC,45 to 54,FALSE
B14942,Camden,NJ,45-54,Yes
B00736,New York,NY,25-34,N
B00305,New York,NY,25-34,FALSE
B06393,Atlanta,GA,18-24 ,FALSE
B16926,Los Angeles,CA,55+,N
B04812,Vegas,NV,25-34,
B16558,Los Angeles,CA,45-54,TRUE
B10614,Wilmington,DE,35-44,
B01325,New York,NY,55+,Y
B04711,Las Vegas,NV,55+,Yes
B13438,Charlotte,NC,35-44,Y
B03135,Las Vegas,NV,35-44,Y
B01885,New York,NY,35-44,TRUE
B03288,Las Vegas,NV,45-54,yes
B16044,Los Angeles,CA,18-24,yes
B10676,Wilmington,DE,25-34,Y
B04470,Las Vegas,NV,25-34,Yes
B03284,Las Vegas,NV,35-44,
B09259,Washington,DC,35-44,Y
B00909,New York,NY,18-24,TRUE
B15138,Austin,TX,35-44,TRUE
B08475,Baltimore,MD,35-44,TRUE
B03990,Las Vegas,NV,45-54,TRUE
B07856,DC,DC,18-24,Yes
B16303,Miami,FL,45-54,Y
B10468,Wilmington,DE,25-34,Y
B14170,Houston,TX,25 to 34,N
B06784,ATL,GA,25-34,Yes
B14627,Newark,NJ,25-34,Y
B02603,Las Vegas,NV,25-34,Y
B11673,Austin,TX,35-44,Yes
B10782,Wilmington,DE,25 to 34,TRUE
B11736,Austin,TX,45-54,FALSE
B10158,,DE,35 to 44,Yes
B04793,Las Vegas,NV,25-34,FALSE
B00792,NYC,NY,25-34,FALSE
B13609,Las Vegas,NV,25 to 34,
B09372,Baltimore,MD,45-54,FALSE
B15950,Charlotte,NC,25-34,Y
B08709,Baltimore,MD,25-34,TRUE
B18332,Detroit,MI,35-44,N
B01533,New York,NY,18-24,Yes
B00837,NYC,NY,35-44,Yes
B11995,Houston,TX,55+,TRUE
B16423,SA,TX,25-34,yes
B05379,Atlanta,GA,35-44,Yes
B00145,New York,NY,18-24,TRUE
B03003,Las Vegas,NV,55+,FALSE
B17788,Philadelphia,PA,25-34,No
B15333,Newark,NJ,45-54,yes
B00076,New York,NY,18-24,FALSE
B08376,Washington,DC,18-24,yes
B08800,Washington,DC,25-34,Yes
B02018,"new york, ny",NY,55+,Yes
B07194,Atlanta,GA,25-34,
B03184,Las Vegas,NV,25-34,yes
B13859,Atlanta,GA,35 to 44,FALSE
B08066,Washington,DC,25-34,yes
B18274,Baltimore,MD,18-24,Y
B05610,Atlanta,GA,45 to 54,
B15805,Austin,TX,25-34,yes
B13392,Charlotte,NC,25-34,
B10903,Wilmington,DE,18-24,Yes
B09025,Baltimore,MD,25-34yrs,No
B14012,Charlotte,NC,25-34,Yes
B01422,New York,NY,25-34,Yes
B10451,Wilmington,DE,35-44,N
B13182,Houston,TX,25-34,No
B08558,Washington,DC,25-34,Y
B09867,Wilmington,DE,45 to 54,TRUE
B10185,Camden,NJ,35-44,
B14013,Birmingham,AL,55+,TRUE
B16998,Los Angeles,CA,35-44,Y
B03183,Las Vegas,NV,25-34,
B14559,NYC,NY,35-44,No
B09770,Camden,NJ,35-44,No
B13825,Baltimore,MD,25-34,Y
B07429,Atlanta,GA,35-44,TRUE
B04946,Las Vegas,NV,18-24,FALSE
B03422,Las Vegas,NV,25-34,TRUE
B03010,Las Vegas,NV,25-34,yes
B15134,Miami,FL,45-54,Yes
B08146,Baltimore,MD,35 to 44,Yes
B14939,Detroit,MI,55+,Yes
B11749,,TX,35-44,N
B15500,Dallas,TX,25-34,FALSE
B00121,New York,NY,55+,No
B03304,Las Vegas,NV,35-44,Yes
B02298,New York,NY,35-44,Yes
B04739,Las Vegas,NV,18-24,N
B08880,Washington,DC,35 to 44,yes
B01615,New York,NY,45-54,Y
B06149,Atlanta,GA,18 to 24,FALSE
B11589,Houston,TX,45-54,Y
B06951,Atlanta,GA,18 to 24,yes
B10640,,NJ,25-34,Y
B14391,Richmond,VA,35-44,
B01865,New York,NY,25-34,yes
B15475,SA,TX,35-44,No
B16091,Las Vegas,NV,35-44,No
B13933,Birmingham,AL,25-34,Y
B12172,San Antonio,TX,25-34,TRUE
B05474,Atlanta,GA,45-54,N
B09338,Washington,DC,18-24,Y
B05916,Atlanta,GA,18-24,No
B05478,Atlanta,GA,25-34,Y
B12678,San Antonio,TX,25-34,Y
B04263,Las Vegas,NV,35-44,Yes
B09530,Washington,DC,25-34,FALSE
B07471,Atlanta,GA,35-44,Yes
B10328,Camden,NJ,25-34yrs,Yes
B02480,New York,NY,18-24,Y
B14540,Charlotte,NC,45-54,Yes
B02457,New York,NY,55+,yes
B00769,New York,NY,55+,TRUE
B16153,Los Angeles,CA,35-44,No
B05742,atlanta,GA,25-34,Yes
B15721,Dallas,TX,18-24,FALSE
B05490,Atlanta,GA,18-24,Yes
B05584,atlanta,GA,25-34,yes
B01450,New York,NY,25-34,Y
B16674,Camden,NJ,35-44,No
B00144,New York,NY,35-44,Y
B03103,Las Vegas,NV,18-24,
B05252,Atlanta,GA,35 to 44,FALSE
B05865,Atlanta,GA,25 to 34,Yes
B00510,New York,NY,25-34,yes
B01875,New York,NY,18-24,N
B12533,Houston,TX,35-44,N
B00402,New York,NY,25-34yrs,No
B14150,Detroit,MI,55+,yes
B09425,Baltimore,MD,25 to 34,No
B13236,Los Angeles,CA,18-24,
B00989,New York,NY,18-24 ,Y
B17035,Dallas,TX,55+,yes
B14524,Charlotte,NC,45-54,yes
B00677,New York,NY,35-44,N
B00394,New York,NY,25-34,FALSE
B14708,Vegas,NV,35-44,FALSE
B05205,ATL,GA,45-54,Yes
B00946,New York,NY,18-24 ,yes
B15369,Wilmington,DE,55 plus,No
B03070,Las Vegas,NV,45-54,No
B08481,,DC,18-24 ,Y
B06882,Atlanta,GA,25-34,
B17367,Houston,TX,25-34,Yes
B17648,Los Angeles,CA,18-24,N
B13520,Chicago,IL,25-34,FALSE
B05207,Atlanta,GA,25-34,FALSE
B16587,Phoenix,AZ,18-24 ,Yes
B16333,Baltimore,MD,35 to 44,TRUE
B13249,San Antonio,TX,55+,
B13445,Chicago,IL,18-24,Yes
B02581,New York,NY,25-34yrs,TRUE
B16221,Newark,NJ,18-24,N
B00687,New York,NY,25-34,TRUE
B00448,"new york, ny",NY,25-34,
B18398,Philadelphia,PA,35 to 44,N
B04233,Las Vegas,NV,55 +,Y
B12500,Austin,TX,25-34,Y
B10171,Wilmington,DE,25 to 34,Y
B05709,Atlanta,GA,45-54,Yes
B15813,Philadelphia,PA,18 to 24,N
B03806,Vegas,NV,18-24,Yes
B17984,Miami,FL,18 to 24,No
B05469,Atlanta,GA,45 to 54,yes
B18228,Philadelphia,PA,35-44,N
B15387,Miami,FL,35-44,yes
B06718,atlanta,GA,45 to 54,No
B12653,HTX,TX,25 to 34,N
B01331,New York,NY,55+,TRUE
B15328,Philadelphia,PA,25-34,
B11978,Austin,TX,45-54,yes
B18308,Houston,TX,25-34,TRUE
B06116,Atlanta,GA,45-54,yes
B14759,Vegas,NV,18-24,yes
B08328,DC,DC,35 to 44,FALSE
B11529,Austin,TX,18-24,Y
B14901,Phoenix,AZ,18-24,N
B14282,Newark,NJ,25 to 34,
B04766,Las Vegas,NV,25-34,Y
B15685,Washington,DC,18-24 ,No
B03542,Las Vegas,NV,55+,yes
B15870,Chicago,IL,55+,TRUE
B15242,Atlanta,GA,25-34yrs,Yes
B15502,Dallas,TX,45-54,Yes
B17795,Washington,DC,45 to 54,yes
B02120,New York,NY,25-34,No
B00840,NYC,NY,45-54,
B05060,Vegas,NV,18-24 ,Yes
B00547,New York,NY,25-34,TRUE
B05888,Atlanta,GA,45-54,yes
B07884,Washington,DC,55 plus,yes
B00622,New York,NY,18-24,FALSE
B14638,Charlotte,NC,45-54,yes
B12222,San Antonio,TX,55 +,Y
B08780,Baltimore,MD,25 to 34,N
B00890,New York,NY,25-34,yes
B17158,Baltimore,MD,55+,
B08150,Washington,DC,35-44,TRUE
B01800,New York,NY,35-44,yes
B00442,New York,NY,18-24,N
B02319,New York,NY,35-44,Yes
B12642,San Antonio,TX,35-44,TRUE
B04490,Las Vegas,NV,35-44,
B00780,"new york, ny",NY,35-44,TRUE
B15832,New York,NY,35-44,Y
B18010,Newark,NJ,35-44,yes
B02525,New York,NY,25-34,Y
B02167,"new york, ny",NY,35 to 44,Yes
B08742,Baltimore,MD,25-34,N
B07832,Baltimore,MD,35-44,
B13402,Baltimore,MD,25-34,Yes
B17196,Philadelphia,PA,35 to 44,Yes
B10210,Wilmington,DE,35-44,TRUE
B11125,Philadelphia,PA,45-54,yes
B18213,Birmingham,AL,18-24,TRUE
B07081,Atlanta,GA,45-54,N
B00546,,NY,35-44,No
B14544,"Washington, D.C.",DC,45 to 54,yes
B04095,Vegas,NV,18-24,No
B08711,Washington,DC,35-44,FALSE
B00664,New York,NY,45-54,Y
B09214,Baltimore,MD,35-44,yes
B04361,Las Vegas,NV,25-34,FALSE
B02135,"new york, ny",NY,25-34,
B10115,Wilmington,DE,25-34,
B04531,Las Vegas,NV,25-34,Y
B18030,Wilmington,DE,45-54,yes
B05504,Atlanta,GA,25 to 34,TRUE
B12428,Houston,TX,25-34,TRUE
B08702,Baltimore,MD,35-44,Y
B17969,Chicago,IL,35-44,
B00383,New York,NY,45 to 54,N
B16839,Miami,FL,35-44,FALSE
B03310,Las Vegas,NV,25-34,No
B13089,Houston,TX,35-44,FALSE
B18325,New York,NY,18-24,Y
B09189,Washington,DC,25-34,yes
B11385,Camden,NJ,25-34,Yes
B16179,Los Angeles,CA,35 to 44,yes
B18370,Birmingham,AL,45-54,
B15777,Los Angeles,CA,25-34,
B08170,Baltimore,MD,25 to 34,Yes
B05359,Atlanta,GA,18-24,FALSE
B14871,Detroit,MI,18-24,N
B01467,New York,NY,45 to 54,FALSE
B06097,atlanta,GA,18-24 ,yes
B00018,New York,NY,25-34yrs,Y
B13815,Phoenix,AZ,18-24,TRUE
B17441,Los Angeles,CA,35-44,TRUE
B00536,New York,NY,18-24,FALSE
B01983,New York,NY,18 to 24,yes
B03771,Las Vegas,NV,25-34yrs,N
B00124,New York,NY,25-34,Y
B14772,Wilmington,DE,25-34,N
B06666,Atlanta,GA,35-44,No
B10366,Wilmington,DE,25-34,FALSE
B15601,Los Angeles,CA,25-34,
B14850,"new york, ny",NY,45 to 54,Y
B02356,New York,NY,25-34,Yes
B00186,New York,NY,35-44,Yes
B14075,Los Angeles,CA,18-24 ,FALSE
B16385,New York,NY,55+,Y
B05607,Atlanta,GA,25-34,Yes
B11551,Austin,TX,25-34yrs,Yes
B16295,Phoenix,AZ,25-34,
B11881,Houston,TX,25-34,Yes
B13010,San Antonio,TX,18-24,Y
B12281,San Antonio,TX,25-34,TRUE
B04014,Vegas,NV,25-34,yes
B09324,Washington,DC,55+,Yes
B01946,New York,NY,25 to 34,Yes
B13883,San Antonio,TX,35-44,yes
B14527,Richmond,VA,18-24,FALSE
B00713,New York,NY,18-24,FALSE
B09391,Baltimore,MD,35 to 44,Yes
B13196,Houston,TX,25-34,Y
B04952,Las Vegas,NV,25-34,Y
B13764,Chicago,IL,45-54,No
B15559,Birmingham,AL,25-34,TRUE
B16789,Detroit,MI,35-44,Y
B09999,Philadelphia,PA,35-44,yes
B15709,Birmingham,AL,18-24,yes
B13237,Newark,NJ,45-54,No
B15917,Houston,TX,18 to 24,N
B11405,Austin,TX,25-34,TRUE
B02601,Las Vegas,NV,35-44,Y
B10598,Philly,PA,18-24,FALSE
B05403,Atlanta,GA,25-34,Yes
B05534,Atlanta,GA,25-34,TRUE
B13779,Phoenix,AZ,35-44,
B13234,New York,NY,25-34,Y
B04080,Las Vegas,NV,45-54,
B03452,Las Vegas,NV,18-24 ,TRUE
B09671,Wilmington,DE,18 to 24,FALSE
B11332,Camden,NJ,35-44,Y
B03446,Las Vegas,NV,35 to 44,Y
B13222,Los Angeles,CA,25-34,No
B12012,Houston,TX,55 plus,N
B18138,Philadelphia,PA,45 to 54,Y
B14825,Dallas,TX,45-54,TRUE
B15182,Miami,FL,35-44,TRUE
B09137,Baltimore,MD,18-24,N
B17254,Dallas,TX,35-44,Y
B12798,Austin,TX,25-34,No
B04256,Las Vegas,NV,25-34yrs,yes
B13676,Miami,FL,25-34,Yes
B17816,Houston,TX,55+,yes
B08795,,MD,25-34,Yes
B14431,Camden,NJ,55+,FALSE
B02370,New York,NY,25-34,No
B03413,Las Vegas,NV,35-44,Y
B14198,Baltimore,MD,25-34,N
B17547,San Antonio,TX,35 to 44,Yes
B13405,Houston,TX,35-44,Yes
B15867,Las Vegas,NV,25-34,yes
B15840,Miami,FL,25-34,TRUE
B05061,Las Vegas,NV,45 to 54,FALSE
B03969,Las Vegas,NV,35 to 44,FALSE
B06074,Atlanta,GA,25-34,TRUE
B02769,Las Vegas,NV,35 to 44,FALSE
B14916,Detroit,MI,25-34,
B15861,Phoenix,AZ,18-24,FALSE
B00455,"new york, ny",NY,35-44,yes
B02117,New York,NY,35-44,
B11622,Austin,TX,35-44,TRUE
B18030,Wilmington,DE,45-54,yes
B13809,Wilmington,DE,45-54,yes
B09732,Wilmington,DE,35-44,Y
B02125,NYC,NY,55 +,Y
B17031,New York,NY,55 plus,No
B07278,Atlanta,GA,25-34,FALSE
B03487,Las Vegas,NV,35-44,yes
B00063,NYC,NY,35-44,yes
B08541,Washington,DC,25-34,Yes
B13548,Austin,TX,18-24,N
B13379,Houston,TX,35-44,yes
B15081,Birmingham,AL,25-34,No
B12966,,TX,18-24,FALSE
B03935,Las Vegas,NV,25-34,No
B15671,Philadelphia,PA,45-54,Y
B11612,Houston,TX,45-54,Y
B15684,Dallas,TX,35-44,Y
B00805,New York,NY,25-34,TRUE
B04560,Las Vegas,NV,18-24,
B12630,San Antonio,TX,25-34,Yes
B11027,Camden,NJ,25-34,
B10060,Camden,NJ,55+,
B17856,Newark,NJ,35-44,No
B13955,Austin,TX,35-44,yes
B01321,New York,NY,35-44,
B04504,Las Vegas,NV,25-34,yes
B03331,Las Vegas,NV,35-44,yes
B05482,ATL,GA,25-34yrs,FALSE
B05731,Atlanta,GA,18-24,yes
B00506,NYC,NY,18-24,FALSE
B02856,Las Vegas,NV,45-54,yes
B04120,Las Vegas,NV,18-24,TRUE
B01328,New York,NY,35-44,yes
B01760,New York,NY,25-34,FALSE
B03708,Las Vegas,NV,18-24,No
B08443,Baltimore,MD,35-44,N
B05632,Atlanta,GA,25 to 34,Yes
B15483,Dallas,TX,35-44,Yes
B12559,Austin,TX,18-24,
B14189,Newark,NJ,25-34yrs,Yes
B07512,atlanta,GA,35-44,
B15539,Miami,FL,35-44,Y
B00317,New York,NY,18-24,TRUE
B00695,New York,NY,55+,yes
B00700,NYC,NY,35-44,TRUE
B09347,Baltimore,MD,25-34,yes
B07423,atlanta,GA,25-34yrs,TRUE
B02158,"new york, ny",NY,35-44,TRUE
B17440,Charlotte,NC,35-44,TRUE
B08764,Baltimore,MD,25-34yrs,TRUE
B09805,Camden,NJ,35-44,Yes
B17046,Phoenix,AZ,25 to 34,TRUE
B00128,New York,NY,35 to 44,TRUE
B14644,Charlotte,NC,55 +,
B02385,New York,NY,25-34,Yes
B09176,"Washington, D.C.",DC,25-34yrs,No
B07202,Atlanta,GA,25-34,Yes
B11967,HTX,TX,35-44,yes
B15004,HTX,TX,45-54,yes
B06890,Atlanta,GA,35-44,Y
B05338,Atlanta,GA,35-44,TRUE
B15616,Charlotte,NC,55+,FALSE
B15517,Baltimore,MD,35 to 44,TRUE
B17915,Houston,TX,25-34,TRUE
B10343,Wilmington,DE,25-34,Yes
B10203,Wilmington,DE,45-54,No
B10056,,PA,18-24,No
B13310,Wilmington,DE,35-44,Yes
B07802,Washington,DC,35-44,yes
B13586,Dallas,TX,55+,
B17013,Chicago,IL,25-34,Yes
B13826,Richmond,VA,55+,Yes
B00962,New York,NY,25-34,Y
B16367,Philadelphia,PA,18-24,Y
B13340,Richmond,VA,35-44,
B05890,Atlanta,GA,45-54,Yes
B03371,Las Vegas,NV,25-34,N
B08935,Baltimore,MD,25-34,FALSE
B13281,Chicago,IL,55+,TRUE
B15807,Miami,FL,18-24 ,
B15637,Newark,NJ,55+,Yes
B11860,Austin,TX,25-34,TRUE
B06526,Atlanta,GA,35-44,No
B05819,Atlanta,GA,35-44,yes
B13387,Dallas,TX,35-44,No
B00119,NYC,NY,25-34,FALSE
B18130,Birmingham,AL,35-44,yes
B01396,New York,NY,25-34,N
B07413,ATL,GA,45-54,yes
B01775,New York,NY,45-54,yes
B08578,Baltimore,MD,18-24,yes
B05128,Las Vegas,NV,18-24,Yes
B15922,Phoenix,AZ,18 to 24,N
B11763,HTX,TX,35 to 44,FALSE
B11949,San Antonio,TX,18-24,FALSE
B07922,Washington,DC,18-24,N
B04687,Las Vegas,NV,35-44,No
B05287,Atlanta,GA,25-34,
B15697,Richmond,VA,55+,No
B12453,Austin,TX,25-34,
B16517,Los Angeles,CA,25-34,Yes
B17436,Miami,FL,25-34,Y
B18315,Dallas,TX,35 to 44,Yes
B03033,Las Vegas,NV,18-24,TRUE
B11550,Houston,TX,55+,N
B16793,Dallas,TX,55+,TRUE
B16576,Charlotte,NC,35-44,No
B11615,Houston,TX,25-34,yes
B04288,Las Vegas,NV,25-34,N
B14380,Austin,TX,25-34yrs,Yes
B01347,New York,NY,25-34,
B17203,Philadelphia,PA,35 to 44,yes
B16949,Los Angeles,CA,45-54,yes
B07860,Baltimore,MD,55+,No
B13370,San Antonio,TX,35-44,yes
B14237,Charlotte,NC,25-34,No
B15569,Charlotte,NC,25-34yrs,Y
B11989,Austin,TX,18-24,Y
B00612,New York,NY,25 to 34,Y
B18021,Phoenix,AZ,25-34,yes
B12380,Houston,TX,35 to 44,Y
B04280,Las Vegas,NV,35-44,Yes
B02551,New York,NY,35-44,FALSE
B16130,Miami,FL,25-34,TRUE
B15865,Camden,NJ,25-34,FALSE
B05511,Atlanta,GA,25-34,
B05628,Atlanta,GA,35 to 44,FALSE
B16994,Dallas,TX,55+,Yes
B00749,New York,NY,45-54,Yes
B15395,Detroit,MI,25-34,Y
B13803,Houston,TX,35-44,TRUE
B12735,Houston,TX,35-44,N
B16165,Phoenix,AZ,18-24,FALSE
B07835,Baltimore,MD,45-54,Yes
B14418,Chicago,IL,25-34yrs,TRUE
B07148,ATL,GA,25-34,TRUE
B12529,San Antonio,TX,25 to 34,
B03967,Las Vegas,NV,18-24,FALSE
B11436,Houston,TX,25-34,FALSE
B15168,Los Angeles,CA,25-34,FALSE
B05729,Atlanta,GA,45 to 54,No
B00044,New York,NY,35-44,Y
B12830,Houston,TX,25-34,yes
B01373,New York,NY,25-34,
B14907,Austin,TX,55+,TRUE
B02564,NYC,NY,25-34,
B01704,New York,NY,35-44,N
B11485,San Antonio,TX,18-24,FALSE
B14856,Los Angeles,CA,18-24,yes
B06006,Atlanta,GA,25-34,
B01598,New York,NY,35-44,Y
B15587,Newark,NJ,55 plus,FALSE
B17530,Birmingham,AL,25-34,Yes
B16600,Camden,NJ,25-34,Y
B18170,Detroit,MI,25-34,yes
B14239,Austin,TX,18-24,Y
B05211,atlanta,GA,45-54,
B13615,Newark,NJ,18-24,yes
B01748,"new york, ny",NY,25-34,Yes
B05135,Las Vegas,NV,25-34,No
B00093,NYC,NY,18-24,No
B17051,Richmond,VA,25-34yrs,Y
B12197,Houston,TX,45-54,Y
B15211,Charlotte,NC,35-44,FALSE
B15243,Austin,TX,18-24,Yes
B08262,Washington,DC,18-24,
B11681,Austin,TX,45-54,Y
B10424,Philadelphia,PA,35 to 44,FALSE
B08644,Baltimore,MD,25-34,No
B16097,Detroit,MI,35 to 44,
B06568,Atlanta,GA,25-34,Y
B16852,Los Angeles,CA,25-34,N
B02490,New York,NY,25-34,FALSE
B13900,Houston,TX,35-44,TRUE
B00074,NYC,NY,25-34,Y
B15859,Baltimore,MD,18-24,N
B04373,Las Vegas,NV,35 to 44,N
B13707,Newark,NJ,35-44,yes
B12896,San Antonio,TX,25-34,No
B15864,Los Angeles,CA,55+,TRUE
B08400,Baltimore,MD,18-24,Y
B05577,Atlanta,GA,18-24 ,N
B09531,Baltimore,MD,25-34,No
B08265,Baltimore,MD,18-24,N
B13312,Washington,DC,45-54,yes
B07854,Baltimore,MD,25-34,
B08403,Washington,DC,35-44,Yes
B12231,San Antonio,TX,25 to 34,No
B01168,"new york, ny",NY,18-24,yes
B11404,,TX,25-34,Y
B06943,atlanta,GA,45 to 54,Yes
B05507,ATL,GA,18-24 ,TRUE
B09750,Wilmington,DE,18-24,N
B00470,"new york, ny",NY,35-44,FALSE
B10758,Wilmington,DE,18-24,FALSE
B00524,"new york, ny",NY,25-34,
B02635,Vegas,NV,35-44,N
B01093,"new york, ny",NY,25-34,TRUE
B09415,Baltimore,MD,25-34,yes
B00309,New York,NY,35-44,N
B01011,New York,NY,55+,Y
B02438,New York,NY,25 to 34,Yes
B03538,Vegas,NV,18 to 24,No
B16602,"new york, ny",NY,25-34,FALSE
B02677,Las Vegas,NV,55 +,FALSE
B00743,New York,NY,45 to 54,Y
B07321,Atlanta,GA,45 to 54,Yes
B06241,Atlanta,GA,55+,FALSE
B15812,Wilmington,DE,25-34,No
B09200,Washington,DC,35-44,Y
B14126,Dallas,TX,25-34,TRUE
B08721,Washington,DC,18-24,TRUE
B11924,Austin,TX,35-44,
B17921,New York,NY,25-34yrs,FALSE
B03879,Las Vegas,NV,25-34,TRUE
B10168,Camden,NJ,35 to 44,FALSE
B05903,atlanta,GA,35-44,N
B01641,New York,NY,18-24,N
B11779,Houston,TX,18-24,Yes
B04234,Las Vegas,NV,35-44,yes
B03150,Las Vegas,NV,35-44,TRUE
B00644,New York,NY,18 to 24,
B02836,Las Vegas,NV,18-24,Yes
B12634,Houston,TX,45-54,yes
B03558,Las Vegas,NV,55+,Y
B15315,Richmond,VA,25-34,TRUE
B12232,Houston,TX,35-44,Y
B14438,Charlotte,NC,25 to 34,FALSE
B01578,New York,NY,35 to 44,TRUE
B01647,New York,NY,35-44,Y
B05648,atlanta,GA,25-34,Yes
B01315,New York,NY,45-54,Yes
B15386,Las Vegas,NV,25-34,N
B14147,Philadelphia,PA,25-34,Y
B02281,New York,NY,45-54,TRUE
B15048,Phoenix,AZ,35-44,FALSE
B15647,Charlotte,NC,35-44,No
B08527,Baltimore,MD,18 to 24,Y
B15541,Washington,DC,45-54,
B00324,New York,NY,55+,Yes
B00191,New York,NY,25 to 34,Yes
B00919,New York,NY,25-34,Yes
B11874,San Antonio,TX,25-34yrs,Yes
B11692,San Antonio,TX,45-54,TRUE
B11897,San Antonio,TX,35 to 44,N
B13307,Chicago,IL,35-44,N
B03286,Las Vegas,NV,25-34,TRUE
B14973,Wilmington,DE,35-44,Yes
B02175,New York,NY,25-34,
B09877,Camden,NJ,55+,Y
B02022,New York,NY,35-44,Y
B14233,Charlotte,NC,35 to 44,Yes
B01531,New York,NY,25-34,FALSE
B15508,Atlanta,GA,25-34,No
B13998,Richmond,VA,25-34,No
B06623,Atlanta,GA,18-24,No
B11454,Houston,TX,18-24 ,
B14852,Detroit,MI,25-34,Y
B13375,Houston,TX,25-34yrs,
B03549,Las Vegas,NV,25-34,Yes
B14701,Wilmington,DE,25-34yrs,Y
B13631,Wilmington,DE,25-34yrs,FALSE
B06119,Atlanta,GA,35 to 44,No
B02683,Las Vegas,NV,25-34,No
B12665,Houston,TX,25-34,Y
B01680,New York,NY,45-54,yes
B09841,Philadelphia,PA,25-34,TRUE
B08002,Baltimore,MD,18-24,Yes
B15983,Los Angeles,CA,55+,No
B11421,San Antonio,TX,35-44,
B04195,Las Vegas,NV,35-44,Yes
B04368,Las Vegas,NV,18-24,
B05190,,NV,25-34yrs,Y
B11212,Camden,NJ,55+,Y
B17496,Miami,FL,18-24,N
B07065,Atlanta,GA,18-24,N
B13638,Los Angeles,CA,25-34,N
B00162,New York,NY,45-54,Yes
B04063,Las Vegas,NV,55+,No
B15352,Los Angeles,CA,25-34,
B06131,Atlanta,GA,25-34yrs,TRUE
B09673,Wilmington,DE,25-34,TRUE
B13679,Los Angeles,CA,35-44,Y
B09334,,DC,18-24,N
B13162,Houston,TX,35 to 44,Yes
B00234,New York,NY,55+,Y
B04638,Las Vegas,NV,25-34,Yes
B01679,New York,NY,18-24,N
B16315,Dallas,TX,55 +,Y
B14528,Las Vegas,NV,45-54,Y
B02815,Las Vegas,NV,35-44,No
B14041,Wilmington,DE,35 to 44,FALSE
B00365,New York,NY,25-34,N
B00028,New York,NY,35 to 44,Y
B07537,Atlanta,GA,18-24,FALSE
B16339,Newark,NJ,18-24,N
B14582,New York,NY,18-24,yes
B09832,Philadelphia,PA,25-34,
B15013,Charlotte,NC,55+,Yes
B09471,Washington,DC,25-34yrs,N
B00634,New York,NY,18-24,Yes
B10948,Philadelphia,PA,45-54,yes
B09749,Philadelphia,PA,25 to 34,Yes
B02308,NYC,NY,45-54,
B16148,Detroit,MI,18-24,yes
B07830,Baltimore,MD,45-54,Yes
B03742,Las Vegas,NV,25-34,yes
B09668,Camden,NJ,25-34,
B07769,Atlanta,GA,35 to 44,Yes
B11966,Austin,TX,18-24,N
B13845,Birmingham,AL,35-44,N
B10503,Wilmington,DE,45 to 54,TRUE
B12440,Houston,TX,25-34,Y
B17089,Washington,DC,35-44,FALSE
B17481,Richmond,VA,25-34,Yes
B14941,Newark,NJ,35-44,Y
B16378,Richmond,VA,35 to 44,Y
B09784,Wilmington,DE,35-44,N
B01421,New York,NY,45 to 54,No
B18118,Wilmington,DE,25-34,FALSE
B16654,Las Vegas,NV,55+,yes
B16638,Philadelphia,PA,25-34,TRUE
B00164,New York,NY,35-44,yes
B15900,Detroit,MI,35-44,No
B08104,Baltimore,MD,35 to 44,Y
B09691,Camden,NJ,25-34,Yes
B16043,Los Angeles,CA,35-44,No
B11062,Wilmington,DE,35 to 44,TRUE
B16220,Newark,NJ,35 to 44,No
B13553,Washington,DC,25-34,No
B02746,Las Vegas,NV,25-34yrs,Y
B09659,Philadelphia,PA,45-54,TRUE
B11991,Houston,TX,18-24,FALSE
B00493,New York,NY,45 to 54,
B07986,Washington,DC,25-34,
B13029,San Antonio,TX,25-34,Y
B00393,"new york, ny",NY,25-34,Y
B13473,Phoenix,AZ,25-34,No
B15128,Philly,PA,18-24,Y
B16583,Dallas,TX,25-34,yes
B05563,Atlanta,GA,35-44,TRUE
B16240,Charlotte,NC,35 to 44,FALSE
B00004,New York,NY,35-44,yes
B03646,Las Vegas,NV,18-24,Yes
B14120,New York,NY,25-34,No
B12794,SA,TX,45-54,yes
B13243,Atlanta,GA,35-44,FALSE
B05669,ATL,GA,18-24,N
B05213,Atlanta,GA,35-44,No
B09612,Wilmington,DE,18-24,yes
B15901,Austin,TX,35-44,TRUE
B12799,Houston,TX,35-44,N
B17094,Philly,PA,25-34,TRUE
B13888,San Antonio,TX,25-34,TRUE
B18049,Baltimore,MD,25-34,No
B14730,Atlanta,GA,35-44,TRUE
B02975,Las Vegas,NV,25-34,No
B14703,Washington,DC,25-34,Y
B18297,Philadelphia,PA,45-54,yes
B02771,Las Vegas,NV,35-44,Y
B15552,Chicago,IL,45-54,yes
B07687,Atlanta,GA,18-24 ,yes
B06886,ATL,GA,18-24,Yes
B09803,Camden,NJ,25-34,
B17405,Richmond,VA,35-44,FALSE
B01444,New York,NY,45-54,yes
B10840,Wilmington,DE,25-34,
B17690,Miami,FL,35-44,TRUE
B11754,Austin,TX,18-24,
B00500,New York,NY,35-44,N
B17771,Atlanta,GA,35-44,TRUE
B13404,Camden,NJ,35 to 44,Yes
B01259,New York,NY,35 to 44,yes
B09616,Camden,NJ,25-34,
B05600,ATL,GA,45-54,No
B17650,atlanta,GA,35 to 44,yes
B01651,New York,NY,25-34,Y
B11283,Wilmington,DE,25-34yrs,Yes
B06125,Atlanta,GA,18-24,yes
B00918,New York,NY,55+,No
B15702,Birmingham,AL,25 to 34,N
B02531,New York,NY,25 to 34,Y
B08245,DC,DC,25-34,yes
B04161,Las Vegas,NV,18-24,Yes
B17707,Miami,FL,25-34,TRUE
B18393,Phoenix,AZ,45-54,yes
B17544,Birmingham,AL,25-34,
B02509,New York,NY,35-44,TRUE
B00753,"new york, ny",NY,35-44,yes
B11591,Austin,TX,25-34,Y
B10100,Philadelphia,PA,35 to 44,yes
B04183,Vegas,NV,35 to 44,yes
B14779,Philadelphia,PA,25-34,Y
B16110,Camden,NJ,55+,No
B14761,SA,TX,25-34,Y
B00895,New York,NY,35-44,No
B01145,NYC,NY,45-54,N
B14677,Las Vegas,NV,55 +,Yes
B13563,Dallas,TX,35-44,Yes
B15359,San Antonio,TX,35-44,Y
B02670,Las Vegas,NV,25-34,Y
B02808,Las Vegas,NV,25-34,FALSE
B16529,Wilmington,DE,25-34,TRUE
B14878,Los Angeles,CA,35-44,
B14225,Birmingham,AL,35-44,
B15581,Las Vegas,NV,55+,TRUE
B14641,Chicago,IL,25 to 34,Yes
B15406,Newark,NJ,35-44,No
B07906,Washington,DC,35-44,
B16191,Philly,PA,25-34,Yes
B17232,Richmond,VA,45-54,yes
B03388,Las Vegas,NV,25-34,N
B18114,Washington,DC,45-54,yes
B12705,Houston,TX,55+,
B10492,Philadelphia,PA,18-24,FALSE
B14576,,AZ,18-24,TRUE
B08584,Baltimore,MD,25-34,TRUE
B08277,Washington,DC,45-54,Yes
B00541,New York,NY,35-44,Y
B03827,Las Vegas,NV,35-44,FALSE
B14679,Phoenix,AZ,45 to 54,Y
B13884,Washington,DC,25-34,Y
B04185,Las Vegas,NV,35-44,Yes
B05435,Atlanta,GA,25-34,N
B16389,Dallas,TX,35-44,N
B09602,Wilmington,DE,55 plus,
B15280,Wilmington,DE,25-34,N
B00878,New York,NY,25-34,No
B08514,Washington,DC,55+,TRUE
B11794,San Antonio,TX,35-44,yes
B08438,Baltimore,MD,35-44,
B05947,Atlanta,GA,18-24,No
B11633,Austin,TX,25-34,yes
B01942,"new york, ny",NY,45-54,
B10271,Camden,NJ,25-34,TRUE
B00295,New York,NY,25-34,yes
B10679,Philadelphia,PA,35-44,FALSE
B06521,Atlanta,GA,25-34,
B16781,Austin,TX,45-54,Y
B10045,Camden,NJ,35-44,No
B06975,atlanta,GA,25-34,Yes
B00734,New York,NY,35-44,TRUE
B13367,Chicago,IL,18-24,yes
B14716,Miami,FL,35-44,N
B00766,New York,NY,18 to 24,No
B09421,Washington,DC,25-34yrs,yes
B13577,Camden,NJ,35-44,FALSE
B00373,New York,NY,35-44,FALSE
B11932,Austin,TX,25-34,TRUE
B17381,Los Angeles,CA,25-34,Y
B18182,New York,NY,25-34,N
B13420,Miami,FL,18-24 ,Y
B13889,Birmingham,AL,25-34,Y
B07409,atlanta,GA,25 to 34,N
B06145,atlanta,GA,35-44,Yes
B18212,Austin,TX,18-24,FALSE
B06776,Atlanta,GA,25-34,No
B18006,Dallas,TX,35-44,Y
B06528,atlanta,GA,25-34,yes
B11071,Wilmington,DE,25-34,Yes
B09792,Wilmington,DE,25-34,Yes
B06723,Atlanta,GA,18 to 24,yes
B13231,Richmond,VA,45-54,No
B04405,Vegas,NV,25-34,Yes
B08123,Washington,DC,35-44,N
B12946,Austin,TX,25 to 34,FALSE
B08806,Washington,DC,25-34,Yes
B11498,Houston,TX,45-54,Yes
B18235,Phoenix,AZ,35-44,No
B17923,Charlotte,NC,25-34,No
B00466,New York,NY,35-44,Y
B13807,Detroit,MI,35-44,TRUE
B16161,Chicago,IL,35 to 44,yes
B16413,Charlotte,NC,25-34,yes
B11152,Philadelphia,PA,25 to 34,Yes
B10135,Camden,NJ,18-24,No
B04743,Las Vegas,NV,35-44,Y
B12024,San Antonio,TX,25-34,Y
B00764,New York,NY,55+,No
B11618,SA,TX,25-34,No
B01908,New York,NY,25-34,yes
B01840,,NY,35-44,yes
B13917,Houston,TX,35 to 44,yes
B00370,NYC,NY,18-24,Yes
B05227,Atlanta,GA,25-34,FALSE
B17887,Charlotte,NC,45-54,yes
B00676,New York,NY,55+,yes
B09211,Baltimore,MD,35-44,Y
B09646,Camden,NJ,35 to 44,FALSE
B11422,,TX,18-24,yes
B15629,Dallas,TX,25-34,Yes
B12205,Houston,TX,25-34,TRUE
B17067,Chicago,IL,35-44,Y
B02872,Las Vegas,NV,25-34yrs,yes
B17558,Baltimore,MD,55+,Yes
B05350,Atlanta,GA,45 to 54,Yes
B05456,atlanta,GA,35-44,Y
B05165,Las Vegas,NV,25-34yrs,No
B05172,Las Vegas,NV,35-44,No
B17143,Miami,FL,18-24,Y
B13774,Richmond,VA,35-44,Yes
B07931,Washington,DC,18-24,No
B00257,New York,NY,25-34,Y
B17543,Richmond,VA,45-54,
B11299,Camden,NJ,25-34,yes
B18257,"Washington, D.C.",DC,18-24,N
B13524,Washington,DC,45-54,No
B06426,Atlanta,GA,25-34,N
B14019,Newark,NJ,35-44,Y
B03709,Las Vegas,NV,18-24,FALSE
B08563,Baltimore,MD,25 to 34,TRUE
B10102,Camden,NJ,35-44,Yes
B00866,New York,NY,45 to 54,FALSE
B16577,Los Angeles,CA,45 to 54,Y
B11780,Austin,TX,25-34,FALSE
B09056,Baltimore,MD,18-24,TRUE
B02389,New York,NY,55 +,No
B17256,Chicago,IL,25-34,N
B18383,Phoenix,AZ,45-54,FALSE
B02849,Las Vegas,NV,35-44,N
B16425,Phoenix,AZ,45-54,FALSE
B16870,Los Angeles,CA,35-44,No
B02777,Las Vegas,NV,35 to 44,FALSE
B14770,Las Vegas,NV,45-54,Y
B02883,Vegas,NV,25-34,yes
B16695,Los Angeles,CA,35 to 44,Yes
B05806,Atlanta,GA,18-24,FALSE
B08915,Washington,DC,25-34,TRUE
B08651,Baltimore,MD,45-54,TRUE
B08891,Baltimore,MD,18-24,
B14835,Camden,NJ,18-24,FALSE
B03991,Vegas,NV,25-34yrs,Yes
B14362,Wilmington,DE,25 to 34,Yes
B00722,New York,NY,18-24,N
B00418,New York,NY,35-44,TRUE
B13537,Charlotte,NC,25-34,TRUE
B00542,New York,NY,25-34,No
B18064,Charlotte,NC,25 to 34,
B14393,Newark,NJ,25-34yrs,yes
B05202,atlanta,GA,25-34,N
B02082,New York,NY,25-34,yes
B06490,Atlanta,GA,35-44,FALSE
B17599,Camden,NJ,45 to 54,FALSE
B06106,Atlanta,GA,25-34,Yes
B09720,Wilmington,DE,18-24,TRUE
B16919,Richmond,VA,25-34,TRUE
B04670,Las Vegas,NV,25-34,Y
B18157,Camden,NJ,35-44,TRUE
B13748,Newark,NJ,25-34,Y
B06371,Atlanta,GA,18-24,No
B14192,Las Vegas,NV,35-44,FALSE
B13460,Detroit,MI,45-54,Yes
B16647,Houston,TX,25 to 34,TRUE
B02976,Vegas,NV,25-34,Y
B16404,Phoenix,AZ,35-44,yes
B08588,Washington,DC,45-54,TRUE
B18046,Las Vegas,NV,35-44,
B15349,Dallas,TX,35-44,Y
B11774,Houston,TX,25-34yrs,
B05303,atlanta,GA,25-34,FALSE
B04706,Las Vegas,NV,35 to 44,No
B12054,Austin,TX,45-54,No
B15201,Detroit,MI,35-44,TRUE
B12827,Houston,TX,25-34,
B16765,Philadelphia,PA,35 to 44,No
B15834,Los Angeles,CA,35-44,
B13536,Birmingham,AL,55+,yes
B11371,Camden,NJ,25-34,
B18279,Birmingham,AL,35 to 44,FALSE
B14764,Philadelphia,PA,35-44,Y
B13317,Houston,TX,35-44,yes
B13229,Newark,NJ,55+,Y
B14865,Philly,PA,25-34,Y
B01476,New York,NY,35-44,N
B00643,New York,NY,25-34,Y
B18040,Atlanta,GA,55+,Yes
B13431,San Antonio,TX,18-24,yes
B02757,Las Vegas,NV,45-54,Yes
B12772,HTX,TX,45-54,Yes
B13485,Los Angeles,CA,35-44,TRUE
B02610,Las Vegas,NV,18-24,N
B14879,,CA,25-34,No
B12417,Austin,TX,18-24,Yes
B00684,New York,NY,25-34,N
B15045,Birmingham,AL,45 to 54,No
B14074,,AZ,35 to 44,FALSE
B03229,Las Vegas,NV,18-24,
B16857,Wilmington,DE,25-34yrs,N
B17236,Atlanta,GA,35-44,yes
B15612,Wilmington,DE,25-34,Yes
B15778,"new york, ny",NY,25-34,
B15228,Austin,TX,45-54,yes
B12883,Austin,TX,25-34,N
B14315,Newark,NJ,35-44,Y
B08214,Baltimore,MD,25-34,FALSE
B16813,Philadelphia,PA,35-44,FALSE
B01963,"new york, ny",NY,35-44,No
B12754,Austin,TX,35-44,No
B05976,Atlanta,GA,25-34,FALSE
B15976,Wilmington,DE,35-44,N
B16864,New York,NY,45-54,
B09042,,DC,35-44,
B12352,Houston,TX,25-34,N
B02989,Vegas,NV,25-34,yes
B17538,Dallas,TX,45-54,Yes
B00813,New York,NY,25-34,N
B11684,Austin,TX,35-44,Y
B01655,New York,NY,35-44,Yes
B12480,San Antonio,TX,25-34,N
B03989,Vegas,NV,18-24,No
B13277,Chicago,IL,18-24,Y
B01608,"new york, ny",NY,35-44,No
B15862,Phoenix,AZ,35-44,Yes
B01900,New York,NY,25-34,
B09593,Washington,DC,18-24 ,N
B00884,New York,NY,25-34,N
B14909,Philadelphia,PA,35-44,Yes
B17526,Las Vegas,NV,18 to 24,No
B01038,New York,NY,25-34,
B10437,Philadelphia,PA,25-34yrs,TRUE
B02600,New York,NY,25-34,yes
B02667,Vegas,NV,25-34,Y
B15567,New York,NY,35 to 44,No
B13335,Detroit,MI,18-24,yes
B08073,Baltimore,MD,18-24,yes
B00218,NYC,NY,35-44,Yes
B02152,New York,NY,55+,TRUE
B15734,Birmingham,AL,25-34,FALSE
B07084,Atlanta,GA,18-24,Yes
B07909,Baltimore,MD,35-44,TRUE
B09661,,NJ,25-34,FALSE
B12864,Houston,TX,55+,No
B12158,Houston,TX,25-34,TRUE
B07899,Washington,DC,45-54,Yes
B02299,New York,NY,18-24,
B16541,New York,NY,45 to 54,TRUE
B03634,Las Vegas,NV,25-34,FALSE
B01098,New York,NY,18-24,yes
B00120,"new york, ny",NY,45 to 54,FALSE
B15069,Washington,DC,25 to 34,yes
B06895,atlanta,GA,35 to 44,N
B12311,Houston,TX,25-34,Y
B16670,Detroit,MI,25 to 34,
B07820,Washington,DC,45 to 54,N
B13933,Birmingham,AL,25-34,Y
B16903,Austin,TX,25-34,yes
B01989,NYC,NY,18-24,FALSE
B09172,DC,DC,25-34,TRUE
B09923,Camden,NJ,18-24,yes
B14001,Miami,FL,35-44,Yes
B02114,NYC,NY,55+,FALSE
B00097,New York,NY,45 to 54,
B00381,New York,NY,55+,Yes
B02131,New York,NY,18-24,No
B14776,Charlotte,NC,18-24 ,Yes
B13442,Richmond,VA,18 to 24,Yes
B14752,Newark,NJ,25-34,N
B00594,NYC,NY,45-54,N
B00391,NYC,NY,35 to 44,Yes
B09451,,MD,45-54,No
B11719,Austin,TX,55+,yes
B15454,Camden,NJ,18-24,Yes
B07841,Baltimore,MD,45-54,yes
B15918,Philadelphia,PA,25-34,No
B11407,Austin,TX,35-44,N
B00711,New York,NY,35-44,TRUE
B15330,Philadelphia,PA,35-44,yes
B01029,New York,NY,25-34,
B02968,Las Vegas,NV,25-34,Y
B15794,Las Vegas,NV,25-34,N
B06428,Atlanta,GA,55+,FALSE
B12358,San Antonio,TX,18 to 24,yes
B04026,Las Vegas,NV,18-24,Y
B09779,Wilmington,DE,25-34,
B03595,Vegas,NV,35-44,Y
B17767,Charlotte,NC,35 to 44,FALSE
B13356,Houston,TX,18-24,TRUE
B11291,Philadelphia,PA,18-24,TRUE
B02047,New York,NY,25-34,Y
B17986,Philadelphia,PA,35-44,N
B10131,Philadelphia,PA,25-34,FALSE
B13781,Birmingham,AL,35 to 44,Y
B12354,San Antonio,TX,25-34,yes
B17812,Birmingham,AL,25-34,yes
B00742,New York,NY,25-34yrs,N
B16835,Austin,TX,35-44,yes
B17145,Baltimore,MD,25-34,Y
B11515,San Antonio,TX,25-34,Yes
B09144,Baltimore,MD,55 plus,Y
B03566,Las Vegas,NV,25-34,Y
B03870,Las Vegas,NV,55+,Yes
B00820,New York,NY,45-54,Y
B18264,Atlanta,GA,45-54,TRUE
B11812,Houston,TX,55 +,FALSE
B17460,Chicago,IL,45-54,TRUE
B11587,Houston,TX,25-34,Yes
B00469,New York,NY,25-34,yes
B15367,Baltimore,MD,25-34,TRUE
B01487,New York,NY,35-44,No
B04034,Las Vegas,NV,35-44,TRUE
B14802,Baltimore,MD,45-54,TRUE
B00043,New York,NY,55+,
B11526,Austin,TX,18 to 24,yes
B03087,Vegas,NV,18-24,N
B02913,Las Vegas,NV,18-24,yes
B14066,New York,NY,55+,yes
B12251,San Antonio,TX,35-44,No
B08436,Baltimore,MD,55+,Y
B08215,Washington,DC,25 to 34,Yes
B15799,Atlanta,GA,35-44,
B01849,New York,NY,25-34,No
B09896,Wilmington,DE,55+,No
B10169,Philadelphia,PA,45-54,TRUE
B14205,Las Vegas,NV,45-54,N
B16580,New York,NY,25-34,Yes
B00618,New York,NY,35-44,Y
B14030,Dallas,TX,45-54,Y
B07006,Atlanta,GA,18-24,Y
B00167,New York,NY,45-54,yes
B13698,Richmond,VA,35-44,Yes
B03244,Las Vegas,NV,25 to 34,yes
B07166,Atlanta,GA,18-24,Y
B17181,Philadelphia,PA,45-54,TRUE
B12816,Houston,TX,25-34,TRUE
B08175,Washington,DC,35-44,TRUE
B08478,,DC,25 to 34,Y
B13714,New York,NY,35-44,yes
B11554,San Antonio,TX,18-24 ,Y
B16633,DC,DC,45-54,Y
B00367,New York,NY,45-54,N
B13870,San Antonio,TX,25-34,N
B10173,Wilmington,DE,25-34,
B13759,Atlanta,GA,18-24 ,Yes
B18378,Atlanta,GA,18-24,Y
B10189,Philadelphia,PA,45-54,No
B14861,New York,NY,25-34,TRUE
B11811,Austin,TX,35-44,FALSE
B01343,New York,NY,35-44,No
B10738,Wilmington,DE,25-34yrs,TRUE
B18099,Philadelphia,PA,35 to 44,FALSE
B00968,New York,NY,55+,Yes
B15158,Philadelphia,PA,35-44,FALSE
B15853,Birmingham,AL,18-24,FALSE
B01061,New York,NY,18-24 ,yes
B02083,NYC,NY,25-34,Yes
B00210,New York,NY,35-44,TRUE
B11007,Wilmington,DE,25-34,N
B10127,Camden,NJ,45 to 54,Y
B00247,New York,NY,18-24,TRUE
B10454,Camden,NJ,25-34,No
B16528,Baltimore,MD,25-34,Y
B09479,Baltimore,MD,25-34,TRUE
B01966,New York,NY,45-54,Y
B15457,Baltimore,MD,55+,yes
B06390,Atlanta,GA,18-24,N
B00451,NYC,NY,25-34,yes
B08424,Washington,DC,55 +,Y
B08430,Baltimore,MD,35-44,TRUE
B02407,New York,NY,25-34,Yes
B11716,San Antonio,TX,35 to 44,yes
B02867,Las Vegas,NV,25 to 34,N
B13820,Detroit,MI,35-44,TRUE
B17332,Miami,FL,25-34,Yes
B18082,Dallas,TX,35 to 44,
B07488,Atlanta,GA,18-24,
B03842,Las Vegas,NV,45 to 54,TRUE
B02840,Las Vegas,NV,25-34,TRUE
B01360,New York,NY,25-34,yes
B04165,,NV,55+,N
B17776,Wilmington,DE,25-34,Yes
B13648,Las Vegas,NV,18-24 ,N
B09913,Camden,NJ,45 to 54,
B14665,Dallas,TX,45 to 54,Y
B06319,atlanta,GA,45-54,yes
B01087,New York,NY,18-24,No
B02088,New York,NY,25-34,
B00401,New York,NY,25-34,TRUE
B09790,Philadelphia,PA,25 to 34,Yes
B16698,Miami,FL,35 to 44,FALSE
B10849,Wilmington,DE,35-44,
B06971,Atlanta,GA,25-34,TRUE
B16731,Dallas,TX,25-34,Yes
B12114,HTX,TX,18-24 ,TRUE
B01332,New York,NY,35-44,Yes
B08416,Washington,DC,25-34yrs,FALSE
B15851,New York,NY,35-44,yes
B01678,New York,NY,25-34,
B02963,Las Vegas,NV,18-24,Yes
B02766,Las Vegas,NV,25-34,FALSE
B01622,New York,NY,25-34,N
B02193,"new york, ny",NY,25-34,Y
B14140,New York,NY,45-54,N
B17706,Philadelphia,PA,25-34,Y
B02863,Las Vegas,NV,18-24,
B17878,Newark,NJ,35 to 44,Y
B12250,Houston,TX,25-34,yes
B13091,Austin,TX,55+,Y
B13240,Las Vegas,NV,18-24,FALSE
B18224,Birmingham,AL,45-54,N
B06121,Atlanta,GA,18 to 24,FALSE
B17490,Los Angeles,CA,25-34,Yes
B17399,Dallas,TX,18-24,TRUE
B15770,Dallas,TX,35-44,Yes
B06207,atlanta,GA,25-34,TRUE
B07902,"Washington, D.C.",DC,18-24,Y
B00032,New York,NY,25-34,Y
B01805,New York,NY,35-44,yes
B03447,Las Vegas,NV,18-24,N
B12129,Houston,TX,18-24,N
B02854,Las Vegas,NV,25 to 34,Y
B13491,Chicago,IL,25-34,yes
B10415,Philadelphia,PA,25-34,Yes
B12010,SA,TX,25-34,Yes
B16621,,DE,18-24,yes
B18008,Philadelphia,PA,25-34,FALSE
B08426,Washington,DC,18-24,
B06302,Atlanta,GA,25-34,No
B15925,Atlanta,GA,55+,Yes
B00187,New York,NY,35-44,
B04559,Las Vegas,NV,18-24,Y
B16456,Camden,NJ,35-44,Yes
B18134,Los Angeles,CA,35-44,Y
B01144,New York,NY,35 to 44,FALSE
B15194,Los Angeles,CA,35-44,FALSE
B10481,Camden,NJ,25-34,FALSE
B14361,Charlotte,NC,18 to 24,No
B09873,Camden,NJ,25-34,Y
B05203,Atlanta,GA,25-34,TRUE
B07207,Atlanta,GA,25-34,Yes
B07569,Atlanta,GA,45-54,TRUE
B00087,New York,NY,45 to 54,No
B02077,New York,NY,45 to 54,
B08097,Baltimore,MD,18-24,
B03667,Las Vegas,NV,25-34yrs,No
B11260,Philly,PA,18-24,TRUE
B11391,Philadelphia,PA,25-34,TRUE
B01857,New York,NY,35-44,Yes
B02043,New York,NY,25-34,yes
B16317,Newark,NJ,35-44,FALSE
B01997,New York,NY,45 to 54,Yes
B00216,New York,NY,55+,Yes
B14612,atlanta,GA,25 to 34,N
B08970,Washington,DC,25 to 34,TRUE
B13406,Newark,NJ,55+,Yes
B03769,Las Vegas,NV,35-44,
B02884,Las Vegas,NV,55+,N
B01996,NYC,NY,25-34,N
B07302,ATL,GA,35 to 44,N
B02927,Las Vegas,NV,25-34,FALSE
B03214,Las Vegas,NV,25-34,Yes
B03037,Las Vegas,NV,55+,FALSE
B14926,Camden,NJ,35-44,TRUE
B05847,Atlanta,GA,18-24 ,Y
B11982,Houston,TX,35-44,
B11166,Camden,NJ,45-54,TRUE
B07887,Washington,DC,25-34,Yes
B06120,Atlanta,GA,18-24,No
B01303,New York,NY,25 to 34,Yes
B06061,Atlanta,GA,25-34,Yes
B11909,Austin,TX,18-24,TRUE
B05341,Atlanta,GA,18-24,N
B14475,Chicago,IL,35-44,TRUE
B09319,Washington,DC,35-44,
B16269,SA,TX,45-54,FALSE
B11658,Austin,TX,25-34,Y
B04219,Las Vegas,NV,18-24,
B12140,Houston,TX,25-34,FALSE
B03931,Las Vegas,NV,35-44,FALSE
B11451,Houston,TX,55+,N
B00691,New York,NY,25-34,Yes
B18275,Philadelphia,PA,25-34,Y
B14381,Atlanta,GA,45-54,Yes
B00215,New York,NY,35-44,Yes
B13275,SA,TX,25-34,Y
B15448,Vegas,NV,18-24,TRUE
B05362,ATL,GA,18-24,N
B02664,Vegas,NV,25 to 34,No
B00630,NYC,NY,25 to 34,Y
B01326,New York,NY,35-44,No
B11856,Austin,TX,45-54,Yes
B09863,Philadelphia,PA,35-44,Y
B02239,New York,NY,45-54,Y
B01813,NYC,NY,25-34,No
B03794,Las Vegas,NV,45-54,yes
B07561,Atlanta,GA,45-54,Y
B14104,Richmond,VA,35-44,N
B13133,San Antonio,TX,25-34,No
B15143,San Antonio,TX,18-24,N
B03023,Las Vegas,NV,35-44,TRUE
B13157,Austin,TX,35-44,Y
B04964,Las Vegas,NV,55+,No
B00592,New York,NY,25 to 34,Yes
B09663,Philadelphia,PA,18-24 ,Y
B02747,Las Vegas,NV,35-44,TRUE
B11710,Austin,TX,25-34,Yes
B16369,Phoenix,AZ,45-54,TRUE
B15634,Dallas,TX,35-44,No
B01294,New York,NY,45-54,Y
B07646,Atlanta,GA,25-34yrs,FALSE
B09275,Baltimore,MD,45-54,N
B17520,Miami,FL,35-44,Yes
B05009,Las Vegas,NV,25 to 34,No
B11558,Austin,TX,18-24,Yes
B16656,Charlotte,NC,35-44,Y
B17255,Charlotte,NC,45-54,TRUE
B11234,Philadelphia,PA,25-34,No
B12234,Houston,TX,18-24,FALSE
B13325,Los Angeles,CA,18 to 24,N
B04789,Las Vegas,NV,25-34,No
B17294,Dallas,TX,25-34,yes
B07608,atlanta,GA,18-24,yes
B15160,Houston,TX,18-24,N
B01807,New York,NY,18-24 ,TRUE
B14828,Dallas,TX,45-54,TRUE
B05013,Las Vegas,NV,25-34yrs,TRUE
B15471,Houston,TX,35-44,yes
B16978,Miami,FL,35-44,FALSE
B07912,Washington,DC,25-34,
B18222,New York,NY,35-44,No
B07874,Baltimore,MD,35-44,TRUE
B06242,Atlanta,GA,25-34,TRUE
B15477,Dallas,TX,35-44,N
B16655,Philadelphia,PA,35-44,Yes
B12327,Austin,TX,18-24,FALSE
B14003,Newark,NJ,25-34,Y
B01121,NYC,NY,55+,TRUE
B17518,Newark,NJ,25-34yrs,Y
B15560,Washington,DC,18-24 ,No
B14718,Los Angeles,CA,18-24,Yes
B05229,Atlanta,GA,25-34,yes
B13225,Wilmington,DE,25-34,Yes
B05306,Atlanta,GA,18-24,TRUE
B03174,Las Vegas,NV,25-34,yes
B15949,Birmingham,AL,25-34,FALSE
B13576,Wilmington,DE,35 to 44,Y
B05862,Atlanta,GA,25-34,TRUE
B00972,"new york, ny",NY,25-34,No
B16752,Dallas,TX,45-54,Y
B08851,Baltimore,MD,25-34yrs,Yes
B13806,Camden,NJ,55+,Yes
B16986,Dallas,TX,55+,Y
B09013,Baltimore,MD,35 to 44,No
B09551,Baltimore,MD,25-34,FALSE
B16101,Birmingham,AL,25-34,TRUE
B15338,Los Angeles,CA,35-44,FALSE
B10407,Philadelphia,PA,18-24,Y
B01057,New York,NY,18-24,yes
B09304,Baltimore,MD,25-34,Y
B09085,Washington,DC,55 plus,Y
B09653,Wilmington,DE,35-44,FALSE
B02245,"new york, ny",NY,35-44,Yes
B01788,New York,NY,25-34,yes
B17224,San Antonio,TX,55+,TRUE
B03342,Las Vegas,NV,55+,N
B10161,Wilmington,DE,25 to 34,yes
B12145,Houston,TX,35-44,No
B00465,New York,NY,18-24,Yes
B12174,Austin,TX,25-34,FALSE
B16066,New York,NY,18-24,yes
B10338,,PA,25 to 34,Y
B15270,Newark,NJ,25-34,Yes
B01357,NYC,NY,18-24,
B16516,"new york, ny",NY,25 to 34,Yes
B08712,Baltimore,MD,18-24,Yes
B01643,"new york, ny",NY,35-44,Y
B12619,SA,TX,45 to 54,FALSE
B11074,Camden,NJ,25-34,Y
B11420,Houston,TX,55 plus,
B14799,Miami,FL,45-54,N
B01752,New York,NY,35-44,FALSE
B11264,Wilmington,DE,35-44,TRUE
B00865,NYC,NY,25-34,Y
B05574,atlanta,GA,18-24,
B16489,Richmond,VA,25-34,No
B10321,Camden,NJ,25-34,yes
B12396,San Antonio,TX,25-34,TRUE
B05238,Atlanta,GA,35 to 44,N
B10801,Wilmington,DE,25-34,yes
B13800,Philadelphia,PA,45-54,yes
B11531,San Antonio,TX,18-24,TRUE
B00867,New York,NY,45-54,Yes
B13734,Baltimore,MD,45-54,yes
B06530,Atlanta,GA,35-44,TRUE
B16085,Birmingham,AL,25-34,No
B06729,Atlanta,GA,25-34,FALSE
B07915,Washington,DC,25-34,
B17083,Phoenix,AZ,18-24 ,yes
B05145,Las Vegas,NV,18-24,TRUE
B15667,Charlotte,NC,25-34,Y
B01460,New York,NY,25-34,Yes
B02617,Vegas,NV,45-54,Y
B00115,New York,NY,55+,
B15993,Camden,NJ,25-34,Yes
B13635,Dallas,TX,18-24,FALSE
B14899,Detroit,MI,55+,N
B13598,Richmond,VA,45-54,Y
B15673,Charlotte,NC,25-34,yes
B10152,Camden,NJ,25-34,N
B10510,Philadelphia,PA,35 to 44,
B01352,New York,NY,35-44,
B16258,Birmingham,AL,18-24,Y
B12243,Houston,TX,25-34,yes
B11604,Houston,TX,45 to 54,
B13699,Baltimore,MD,18-24,Yes
B09402,DC,DC,18-24,
B08114,Washington,DC,18-24,Yes
B14339,Wilmington,DE,25-34,N
B18041,Austin,TX,18-24,Yes
B04558,Las Vegas,NV,18 to 24,yes
B05322,Atlanta,GA,25-34,FALSE
B15431,Newark,NJ,25-34,Yes
B14783,Philadelphia,PA,55+,Yes
B10379,Wilmington,DE,25-34,yes
B13142,San Antonio,TX,25-34,N
B13623,Houston,TX,18-24,No
B11908,Austin,TX,45-54,
B02508,"new york, ny",NY,45-54,Y
B15833,Newark,NJ,18-24,FALSE
B07851,Baltimore,MD,25-34,yes
B18055,Newark,NJ,35-44,
B05620,Atlanta,GA,25-34yrs,FALSE
B08038,Baltimore,MD,25-34,No
B00544,New York,NY,25-34,Y
B06054,atlanta,GA,25-34yrs,
B09203,Washington,DC,35 to 44,yes
B10430,Philadelphia,PA,25-34,Yes
B10403,Camden,NJ,35-44,
B00300,New York,NY,25-34,yes
B17058,Phoenix,AZ,35-44,Y
B07867,Washington,DC,18-24,Y
B02794,Vegas,NV,25-34,FALSE
B12649,Austin,TX,18 to 24,
B17733,Newark,NJ,45-54,yes
B00029,New York,NY,55+,No
B01681,New York,NY,45-54,N
B13499,Wilmington,DE,18-24,TRUE
B16223,Philadelphia,PA,35-44,FALSE
B17641,Austin,TX,25-34,Yes
B16012,Washington,DC,35-44,yes
B03519,Vegas,NV,35 to 44,TRUE
B18069,Miami,FL,18 to 24,Y
B03398,Las Vegas,NV,18-24,yes
B00176,New York,NY,45-54,FALSE
B00423,New York,NY,25-34,
B01147,New York,NY,35 to 44,
B13161,Houston,TX,45 to 54,Y
B15659,Atlanta,GA,25-34,yes
B10978,Philadelphia,PA,25-34,TRUE
B10384,Philadelphia,PA,25-34,
B13722,Birmingham,AL,35 to 44,
B13384,Dallas,TX,25-34,Yes
B07212,Atlanta,GA,25-34,TRUE
B10966,Camden,NJ,45-54,Yes
B00871,New York,NY,55 plus,TRUE
B11946,Austin,TX,35-44,Y
B05494,Atlanta,GA,25-34,FALSE
B00673,New York,NY,35-44,
B17442,Austin,TX,35-44,yes
B14372,Charlotte,NC,45-54,TRUE
B05014,Las Vegas,NV,35 to 44,yes
B09722,Camden,NJ,25-34,Y
B06631,Atlanta,GA,25-34,TRUE
B14221,Charlotte,NC,35-44,Yes
B05690,atlanta,GA,35-44,yes
B08452,Washington,DC,45-54,yes
B07801,Baltimore,MD,25-34,Yes
B10249,Camden,NJ,25-34,Y
B00830,New York,NY,45-54,Y
B13881,Los Angeles,CA,55+,yes
B16629,Houston,TX,35-44,Y
B01687,New York,NY,18-24,FALSE
B16482,Charlotte,NC,18-24,No
B09634,Wilmington,DE,45-54,FALSE
B00803,New York,NY,25-34,N
B11033,Camden,NJ,55 plus,yes
B08728,Baltimore,MD,35 to 44,Y
B04494,Las Vegas,NV,55+,TRUE
B10642,Camden,NJ,55+,TRUE
B16442,Los Angeles,CA,18-24,yes
B10285,Wilmington,DE,45-54,yes
B16455,New York,NY,45-54,FALSE
B16829,Phoenix,AZ,35-44,yes
B09752,Philadelphia,PA,25-34,Y
B00422,New York,NY,35-44,Y
B01903,New York,NY,25-34,Y
B14692,Los Angeles,CA,18-24,yes
B09649,Philadelphia,PA,18-24,yes
B08432,Baltimore,MD,45 to 54,yes
B15488,Newark,NJ,25-34,TRUE
B10751,Camden,NJ,18-24,N
B14344,Baltimore,MD,25-34,TRUE
B08408,Washington,DC,25-34,yes
B03627,Vegas,NV,18-24,Yes
B15458,Richmond,VA,35-44,
B11747,San Antonio,TX,45-54,No
B01850,New York,NY,55 plus,Yes
B00889,New York,NY,18-24,Y
B09051,Baltimore,MD,45-54,No
B02316,,NY,18-24,yes
B03064,Vegas,NV,55+,Y
B08513,Baltimore,MD,25 to 34,Y
B09244,DC,DC,18-24,N
B04924,Las Vegas,NV,35 to 44,Y
B15293,Washington,DC,35 to 44,yes
B00105,New York,NY,35 to 44,TRUE
B14285,Newark,NJ,55+,Yes
B16873,Baltimore,MD,35-44,TRUE
B00232,New York,NY,25-34,FALSE
B05416,Atlanta,GA,18-24,
B02499,NYC,NY,35-44,TRUE
B11160,Philly,PA,18-24,Y
B04671,Vegas,NV,18-24,Yes
B08994,Washington,DC,25-34,TRUE
B08575,Baltimore,MD,25-34yrs,yes
B16632,Austin,TX,25-34,TRUE
B12003,San Antonio,TX,35-44,N
B04254,Vegas,NV,35 to 44,No
B14318,Phoenix,AZ,18-24,Yes
B12268,Austin,TX,35-44,N
B01423,New York,NY,25-34,TRUE
B02414,New York,NY,18-24,Yes
B10386,Philadelphia,PA,18-24,
B06174,Atlanta,GA,35-44,Y
B06730,Atlanta,GA,55+,
B06816,Atlanta,GA,35 to 44,yes
B15435,Atlanta,GA,25-34,Yes
B12882,SA,TX,45-54,
B03172,Las Vegas,NV,45 to 54,Y
B15030,Detroit,MI,18-24 ,TRUE
B00675,NYC,NY,45-54,
B04098,Las Vegas,NV,25-34,No
B15756,Charlotte,NC,18-24,yes
B10159,Camden,NJ,35-44,No
B00797,New York,NY,25-34,No
B02821,Las Vegas,NV,25-34,Yes
B00666,New York,NY,45-54,No
B01090,New York,NY,25-34,Yes
B05895,Atlanta,GA,25-34,N
B02169,New York,NY,35 to 44,N
B03867,Las Vegas,NV,25-34,N
B03418,Vegas,NV,25-34yrs,Y
B10107,Wilmington,DE,25-34,FALSE
B16186,Chicago,IL,18-24,TRUE
B01836,New York,NY,18-24,Yes
B01008,New York,NY,35-44,N
B11324,Wilmington,DE,35-44,
B07981,Washington,DC,35-44,Yes
B13910,Camden,NJ,25-34yrs,N
B12519,San Antonio,TX,25-34,TRUE
B15511,Las Vegas,NV,35-44,FALSE
B17162,Phoenix,AZ,35-44,yes
B01086,New York,NY,25-34,FALSE
B15698,Newark,NJ,25-34,yes
B10771,Camden,NJ,45-54,
B12596,San Antonio,TX,25-34,Y
B13104,San Antonio,TX,35 to 44,Y
B17397,Charlotte,NC,55+,TRUE
B08099,Washington,DC,25-34,TRUE
B14290,Birmingham,AL,25-34,Yes
B05527,Atlanta,GA,25-34,yes
B06736,Atlanta,GA,25 to 34,No
B08710,Washington,DC,18-24,FALSE
B08665,Baltimore,MD,25-34yrs,Y
B17425,Houston,TX,25-34,No
B16535,San Antonio,TX,18-24,Yes
B02582,New York,NY,18-24 ,Yes
B16593,Austin,TX,45 to 54,Y
B00750,New York,NY,45 to 54,TRUE
B03651,Las Vegas,NV,45-54,Yes
B15566,Phoenix,AZ,35-44,Yes
B00507,"new york, ny",NY,55+,Y
B03554,Las Vegas,NV,25-34,TRUE
B15291,Washington,DC,55+,No
B13204,Newark,NJ,25 to 34,Yes
B17369,New York,NY,45 to 54,Yes
B05814,atlanta,GA,25-34,Yes
B09115,Baltimore,MD,35 to 44,yes
B11803,Austin,TX,35-44,TRUE
B01342,New York,NY,55+,N
B11441,Houston,TX,45-54,N
B12556,San Antonio,TX,25-34,Y
B00175,New York,NY,35-44,FALSE
B04907,Las Vegas,NV,18-24,TRUE
B04017,Las Vegas,NV,35-44,Y
B15181,Las Vegas,NV,25-34yrs,yes
B08538,Baltimore,MD,18-24,TRUE
B09607,Camden,NJ,35-44,
B10240,Camden,NJ,35-44,FALSE
B12771,Houston,TX,25-34,No
B14788,Newark,NJ,18-24,
B08185,,DC,45-54,yes
B05387,Atlanta,GA,25-34,Yes
B13290,,MI,45-54,yes
B17373,"Washington, D.C.",DC,25-34,Yes
B14220,Las Vegas,NV,25-34,N
B03787,Las Vegas,NV,18-24,No
B02755,Las Vegas,NV,35-44,Yes
B10535,Wilmington,DE,35-44,TRUE
B13776,Austin,TX,25-34,FALSE
B07665,Atlanta,GA,45-54,N
B01046,"new york, ny",NY,35-44,N
B18247,Los Angeles,CA,25-34,yes
B04831,Las Vegas,NV,35-44,TRUE
B15954,Birmingham,AL,45 to 54,No
B03395,Las Vegas,NV,35-44,TRUE
B03391,Las Vegas,NV,18-24,FALSE
B09682,Camden,NJ,18-24 ,FALSE
B02605,Las Vegas,NV,18-24,TRUE
B02725,Las Vegas,NV,25-34,TRUE
B17886,Newark,NJ,35-44,TRUE
B09613,Camden,NJ,25-34,Y
B18100,Camden,NJ,18-24 ,
B14829,Atlanta,GA,25-34,Yes
B14522,Newark,NJ,25-34,Y
B13201,Baltimore,MD,25-34,No
B05793,Atlanta,GA,18-24,FALSE
B13097,SA,TX,35-44,yes
B14859,Los Angeles,CA,35-44,yes
B00375,"new york, ny",NY,55+,yes
B08102,Baltimore,MD,25-34,Yes
B02721,Las Vegas,NV,25-34,Yes
B05221,ATL,GA,55 plus,Yes
B02376,New York,NY,35-44,N
B15485,Charlotte,NC,25-34,
B08082,Washington,DC,25-34,yes
B10311,Camden,NJ,18-24,FALSE
B04469,Vegas,NV,35-44,Yes
B09374,Baltimore,MD,35-44,TRUE
B03109,Las Vegas,NV,55 plus,Yes
B17623,Chicago,IL,25-34,Yes
B02900,Las Vegas,NV,18-24,yes
B18135,Dallas,TX,35 to 44,yes
B02153,"new york, ny",NY,35-44,TRUE
B10222,Camden,NJ,25-34yrs,yes
B05815,Atlanta,GA,25-34,
B09081,Baltimore,MD,25 to 34,N
B05644,Atlanta,GA,25-34,TRUE
B03120,Las Vegas,NV,35-44,TRUE
B02845,Las Vegas,NV,25-34,No
B10279,Philadelphia,PA,25-34,
B10804,Wilmington,DE,55+,yes
B07126,Atlanta,GA,25-34,yes
B12844,Austin,TX,45-54,yes
B15121,Richmond,VA,25-34yrs,No
B15801,Dallas,TX,25-34,Yes
B05654,atlanta,GA,45-54,No
B07770,Atlanta,GA,18-24 ,Y
B13983,Miami,FL,45 to 54,TRUE
B03274,Las Vegas,NV,25-34,Y
B16062,Chicago,IL,25-34,TRUE
B15374,Charlotte,NC,45-54,No
B05324,Atlanta,GA,25-34,TRUE
B01204,New York,NY,55+,Y
B01439,NYC,NY,25-34,Yes
B13132,Houston,TX,25-34,N
B16570,Wilmington,DE,45-54,TRUE
B08896,Baltimore,MD,45-54,N
B17708,Las Vegas,NV,45 to 54,No
B08343,Washington,DC,25-34,FALSE
B10463,Wilmington,DE,45-54,N
B13345,Austin,TX,25-34,Yes
B14577,DC,DC,35 to 44,
B02590,New York,NY,45 to 54,Yes
B15074,Phoenix,AZ,18-24,yes
B11708,San Antonio,TX,35-44,Yes
B03306,Las Vegas,NV,45-54,No
B05368,Atlanta,GA,25-34,
B09721,Wilmington,DE,25-34,yes
B05845,ATL,GA,35-44,FALSE
B01330,New York,NY,45-54,
B11448,Austin,TX,25-34,No
B00604,"new york, ny",NY,35-44,Y
B05461,Atlanta,GA,25-34,Yes
B13212,San Antonio,TX,25-34,
B16623,Philadelphia,PA,18-24,N
B01318,New York,NY,18 to 24,Y
B01250,"new york, ny",NY,25-34,TRUE
B04536,Las Vegas,NV,35 to 44,Yes
B05700,atlanta,GA,45 to 54,
B01027,,NY,35 to 44,No
B00416,New York,NY,18-24,TRUE
B16977,Miami,FL,25 to 34,Y
B18023,Washington,DC,45-54,TRUE
B08356,Baltimore,MD,18-24,FALSE
B13364,Charlotte,NC,25-34,yes
B02411,New York,NY,25-34,FALSE
B13657,San Antonio,TX,45 to 54,Yes
B06864,Atlanta,GA,45 to 54,Yes
B03192,Las Vegas,NV,35 to 44,FALSE
B11184,Camden,NJ,35 to 44,Y
B01561,New York,NY,25-34,N
B02275,New York,NY,45-54,FALSE
B13518,Wilmington,DE,25-34,FALSE
B09513,Washington,DC,25-34,Y
B13020,San Antonio,TX,35-44,N
B05905,,GA,45-54,TRUE
B13602,Phoenix,AZ,45 to 54,No
B15428,New York,NY,18-24,No
B02069,"new york, ny",NY,35-44,Y
B17108,ATL,GA,45 to 54,
B02036,New York,NY,18-24,Y
B16201,Baltimore,MD,35-44,N
B12360,San Antonio,TX,45-54,TRUE
B10096,Wilmington,DE,25-34,No
B01078,"new york, ny",NY,18-24,yes
B04866,Vegas,NV,18-24 ,TRUE
B01606,New York,NY,25-34,yes
B13360,Miami,FL,55+,No
B00013,NYC,NY,25-34,TRUE
B14836,Richmond,VA,25-34,FALSE
B08014,DC,DC,25-34,yes
B16982,Houston,TX,35-44,Yes
B08234,Washington,DC,35-44,yes
B16735,Newark,NJ,35-44,No
B16427,Atlanta,GA,25-34,
B07086,Atlanta,GA,35-44,No
B13399,Atlanta,GA,45-54,Y
B01131,New York,NY,55+,Y
B15588,Richmond,VA,25-34,Y
B12638,San Antonio,TX,25-34yrs,FALSE
B04927,Las Vegas,NV,35-44,TRUE
B04950,Las Vegas,NV,25-34,TRUE
B01410,New York,NY,45-54,yes
B16127,HTX,TX,55 +,yes
B13388,Austin,TX,25-34,TRUE
B00062,New York,NY,25-34,Y
B14947,New York,NY,35-44,FALSE
B13282,Richmond,VA,35-44,Y
B12159,San Antonio,TX,25-34yrs,Y
B02724,Las Vegas,NV,35-44,Yes
B13452,San Antonio,TX,25-34,yes
B02627,Las Vegas,NV,18-24 ,Yes
B00925,New York,NY,55+,Y
B04657,Las Vegas,NV,35-44,yes
B07425,atlanta,GA,25-34,yes
B17883,Dallas,TX,45-54,TRUE
B05999,Atlanta,GA,18-24 ,FALSE
B17115,Philadelphia,PA,35 to 44,No
B00168,New York,NY,18-24,No
B10332,Philly,PA,35-44,Yes
B10024,Philadelphia,PA,25-34,yes
B14230,Philly,PA,35-44,TRUE
B08143,Washington,DC,45-54,No
B13467,Charlotte,NC,45-54,No
B05849,Atlanta,GA,55 plus,Yes
B13927,Detroit,MI,45-54,Yes
B18271,Miami,FL,25-34,TRUE
B13945,Camden,NJ,25-34,No
B17899,Dallas,TX,25-34,yes
B03506,Las Vegas,NV,45 to 54,
B08101,Baltimore,MD,18-24,Yes
B12823,Houston,TX,35-44,No
B00452,NYC,NY,35-44,yes
B18162,Phoenix,AZ,18-24,N
B06840,ATL,GA,35 to 44,Y
B05125,Las Vegas,NV,35 to 44,Y
B07935,Baltimore,MD,35-44,Yes
B08035,Baltimore,MD,55+,N
B18278,Newark,NJ,18-24,No
B07233,Atlanta,GA,45-54,TRUE
B13996,Richmond,VA,25-34,N
B13666,Houston,TX,35-44,FALSE
B00425,NYC,NY,45-54,FALSE
B12047,Houston,TX,25 to 34,No
B04109,Las Vegas,NV,25-34,Yes
B13186,San Antonio,TX,18-24 ,N
B08785,Baltimore,MD,35-44,yes
B12462,Houston,TX,25-34,TRUE
B02851,Las Vegas,NV,18-24,yes
B05256,Atlanta,GA,25-34,TRUE
B18211,Birmingham,AL,25-34,N
B15836,Los Angeles,CA,45 to 54,Yes
B04411,,NV,45-54,yes
B14609,Los Angeles,CA,25-34,
B11578,Houston,TX,35-44,Y
B17433,Baltimore,MD,35-44,N
B15351,Phoenix,AZ,35-44,yes
B13951,Birmingham,AL,35-44,yes
B14155,Birmingham,AL,45-54,Yes
B01354,New York,NY,35 to 44,FALSE
B06007,Atlanta,GA,25-34,yes
B03488,Las Vegas,NV,35-44,Y
B06259,Atlanta,GA,55+,TRUE
B08105,Baltimore,MD,35-44,Y
B18292,Phoenix,AZ,18-24,
B01873,New York,NY,18 to 24,yes
B14725,Houston,TX,25-34,N
B17482,Richmond,VA,25-34,TRUE
B00185,New York,NY,35-44,Y
B12514,Houston,TX,35-44,TRUE
B14047,Atlanta,GA,45 to 54,FALSE
B04572,Vegas,NV,18-24,N
B03994,Las Vegas,NV,45-54,TRUE
B05208,atlanta,GA,35-44,yes
B12590,Houston,TX,35-44,Y
B17676,Phoenix,AZ,25-34,yes
B12929,San Antonio,TX,35-44,No
B13905,Wilmington,DE,25-34,
B13334,Dallas,TX,25-34,yes
B16358,Phoenix,AZ,35-44,TRUE
B00424,New York,NY,45-54,FALSE
B17355,Richmond,VA,35-44,N
B16246,Chicago,IL,35-44,No
B07457,ATL,GA,18-24,FALSE
B09852,Wilmington,DE,25-34,TRUE
B02124,New York,NY,25-34yrs,FALSE
B15499,Washington,DC,18-24 ,Y
B13519,Charlotte,NC,25 to 34,Y
B15913,Miami,FL,45 to 54,N
B02561,New York,NY,35-44,Yes
B15461,Wilmington,DE,45-54,
B10227,Philadelphia,PA,25-34,Yes
B01719,New York,NY,45-54,N
B15642,Los Angeles,CA,45-54,FALSE
B14340,Richmond,VA,18 to 24,No
B13678,New York,NY,25 to 34,Y
B12930,Houston,TX,25-34,TRUE
B14388,Miami,FL,45-54,TRUE
B07948,Baltimore,MD,25-34,Yes
B16736,Atlanta,GA,18-24,Yes
B07668,Atlanta,GA,45-54,Y
B11940,San Antonio,TX,35-44,FALSE
B05317,Atlanta,GA,18-24,Yes
B14211,Houston,TX,45-54,No
B17978,Phoenix,AZ,35-44,N
B09972,Wilmington,DE,18-24,yes
B16207,Phoenix,AZ,35-44,TRUE
B15808,New York,NY,45-54,yes
B17021,Charlotte,NC,55+,yes
B18338,Los Angeles,CA,18-24,yes
B09145,Washington,DC,35-44,FALSE
B13801,New York,NY,25 to 34,TRUE
B05528,Atlanta,GA,45-54,yes
B17620,Phoenix,AZ,35-44,N
B04660,Las Vegas,NV,25-34,No
B03207,Vegas,NV,35-44,Yes
B17659,Charlotte,NC,18-24 ,yes
B02165,New York,NY,35-44,Yes
B07633,Atlanta,GA,35-44,Yes
B08537,Washington,DC,45 to 54,yes
B14102,,MD,25-34,
B07064,Atlanta,GA,45 to 54,No
B12933,HTX,TX,18 to 24,TRUE
B03978,Las Vegas,NV,18-24,No
B04199,Las Vegas,NV,25-34,FALSE
B13374,Phoenix,AZ,25-34,Y
B13143,Austin,TX,18-24,Y
B15037,Miami,FL,45-54,Y
B10235,Philly,PA,25-34,N
B12285,Austin,TX,45-54,FALSE
B13794,Houston,TX,18-24,Y
B00480,New York,NY,25-34,TRUE
B06835,Atlanta,GA,35-44,N
B08223,Washington,DC,45 to 54,N
B14324,Camden,NJ,35-44,Y
B01430,"new york, ny",NY,25-34,TRUE
B17349,Richmond,VA,45-54,
B12721,Houston,TX,35-44,Yes
B08008,Washington,DC,45 to 54,Yes
B00777,New York,NY,25-34,Y
B00862,New York,NY,18-24,FALSE
B09874,Wilmington,DE,35-44,yes
B06501,Atlanta,GA,25-34,TRUE
B06825,Atlanta,GA,35-44,yes
B08195,Baltimore,MD,25-34,Y
B15760,Los Angeles,CA,18-24,Y
B03963,Las Vegas,NV,18-24,
B04072,Las Vegas,NV,25 to 34,FALSE
B17571,Dallas,TX,25-34,Yes
B13780,New York,NY,25-34,yes
B00667,New York,NY,55+,yes
B02980,Las Vegas,NV,18-24,TRUE
B18132,Phoenix,AZ,18-24,TRUE
B08512,Baltimore,MD,45-54,N
B14851,Austin,TX,18-24,Yes
B11429,Houston,TX,55+,FALSE
B03504,Las Vegas,NV,18-24,TRUE
B05701,Atlanta,GA,25-34,Y
B13194,San Antonio,TX,45-54,yes
B06580,Atlanta,GA,45-54,Yes
B14472,Detroit,MI,35-44,
B17285,Los Angeles,CA,55+,TRUE
B08121,Baltimore,MD,45-54,TRUE
B18120,Richmond,VA,25-34,TRUE
B14606,New York,NY,25 to 34,Yes
B16970,Newark,NJ,45-54,FALSE
B17451,Los Angeles,CA,25-34,
B16682,"Washington, D.C.",DC,55+,No
B05315,Atlanta,GA,45-54,Y
B07952,Baltimore,MD,25-34yrs,No
B17824,Camden,NJ,18-24,FALSE
B11599,HTX,TX,45-54,yes
B10276,Camden,NJ,35 to 44,TRUE
B10057,Philadelphia,PA,35-44,
B18305,Phoenix,AZ,35-44,TRUE
B03377,Las Vegas,NV,25-34,FALSE
B14681,Newark,NJ,25-34,TRUE
B10959,Camden,NJ,35 to 44,Yes
B07341,ATL,GA,18 to 24,TRUE
B08156,DC,DC,35-44,yes
B00838,New York,NY,35-44,FALSE
B14212,Charlotte,NC,45-54,
B10125,Camden,NJ,25-34,Yes
B15534,Washington,DC,35-44,
B06409,Atlanta,GA,35-44,TRUE
B00078,"new york, ny",NY,18-24,
B04714,Las Vegas,NV,18-24,
B05689,Atlanta,GA,18-24,TRUE
B03055,Las Vegas,NV,18-24,
B12082,Austin,TX,25-34,N
B09155,Washington,DC,18-24,FALSE
B01547,New York,NY,25-34,Yes
B15230,Wilmington,DE,18-24,No
B13508,Los Angeles,CA,18 to 24,No
B17131,Charlotte,NC,55+,FALSE
B13992,Baltimore,MD,45 to 54,Yes
B08119,Baltimore,MD,25-34,Y
B12405,Houston,TX,18-24,No
B17522,San Antonio,TX,18-24,
B14635,Miami,FL,25-34,yes
B10744,Philadelphia,PA,18-24,No
B08149,DC,DC,18-24,yes
B16330,HTX,TX,35-44,
B00562,New York,NY,35-44,yes
B16046,Dallas,TX,35 to 44,Yes
B00011,NYC,NY,25 to 34,Yes
B17539,Newark,NJ,25-34,N
B06805,atlanta,GA,35-44,Y
B18362,,CA,35-44,Yes
B11214,Wilmington,DE,35-44,TRUE
B16498,Dallas,TX,35-44,yes
B12190,Houston,TX,35-44,yes
B00597,New York,NY,45-54,Y
B11190,Wilmington,DE,55+,Y
B15783,Phoenix,AZ,18 to 24,
B04815,Las Vegas,NV,35-44,TRUE
B08196,Washington,DC,55+,N
B14810,Houston,TX,45-54,yes
B09228,Washington,DC,35-44,No
B04892,Las Vegas,NV,25-34,Yes
B15241,Austin,TX,18-24,yes
B01512,New York,NY,45-54,FALSE
B09112,Baltimore,MD,18-24,Y
B05367,Atlanta,GA,25-34,TRUE
B01462,New York,NY,25-34,
B15494,Miami,FL,25-34,Y
B16825,Philadelphia,PA,45-54,Y
B02305,New York,NY,25-34yrs,N
B05280,ATL,GA,45-54,Y
B12185,Austin,TX,18-24,yes
B03644,Las Vegas,NV,35-44,Yes
B13148,Houston,TX,45-54,FALSE
B16396,Miami,FL,25-34,FALSE
B00924,"new york, ny",NY,25 to 34,yes
B00636,New York,NY,25-34,Yes
B02874,Las Vegas,NV,25-34,Yes
B01779,New York,NY,45-54,Yes
B06476,Atlanta,GA,45-54,Y
B10018,Philadelphia,PA,18 to 24,Y
B06551,Atlanta,GA,45-54,N
B10176,Camden,NJ,18-24,Yes
B14240,Los Angeles,CA,25-34,TRUE
B14322,Baltimore,MD,18-24,Y
B05499,Atlanta,GA,45-54,No
B15725,Detroit,MI,18-24,
B03559,Las Vegas,NV,45-54,Y
B11426,San Antonio,TX,45-54,Y
B15965,Phoenix,AZ,18 to 24,Yes
B09061,Washington,DC,25-34,No
B02604,Las Vegas,NV,25-34yrs,Y
B13696,Los Angeles,CA,25-34,No
B15827,Newark,NJ,55+,yes
B16694,Austin,TX,18-24,Yes
B00284,New York,NY,25-34,No
B15636,Birmingham,AL,25-34,Yes
B13754,Miami,FL,35-44,TRUE
B06698,Atlanta,GA,25-34,Yes
B08602,Washington,DC,45-54,No
B13492,Phoenix,AZ,35-44,yes
B10490,Philly,PA,35-44,FALSE
B12911,Houston,TX,35 to 44,Yes
B12474,San Antonio,TX,35-44,TRUE
B05135,Las Vegas,NV,25-34,No
B11089,Camden,NJ,25-34,FALSE
B00390,New York,NY,25-34,Y
B01938,New York,NY,25-34,Yes
B01952,New York,NY,35 to 44,
B14456,Charlotte,NC,25-34,yes
B03083,Las Vegas,NV,35 to 44,TRUE
B01774,"new york, ny",NY,25-34,
B02931,Vegas,NV,45-54,No
B17394,Wilmington,DE,45-54,yes
B00543,New York,NY,18-24,Yes
B17603,San Antonio,TX,18-24,Yes
B13695,Camden,NJ,45-54,Y
B15231,Washington,DC,25-34,TRUE
B11274,Wilmington,DE,25 to 34,No
B13106,HTX,TX,18-24,Y
B00973,New York,NY,35-44,TRUE
B02899,Las Vegas,NV,25-34,Y
B05097,Las Vegas,NV,35-44,No
B18014,Dallas,TX,45-54,Y
B17665,Charlotte,NC,25 to 34,TRUE
B14964,Phoenix,AZ,35-44,No
B16737,Philadelphia,PA,45-54,FALSE
B03242,Las Vegas,NV,35-44,FALSE
B12078,Houston,TX,45-54,TRUE
B17928,Austin,TX,25-34,yes
B18243,Austin,TX,25-34,FALSE
B12895,Austin,TX,18-24,TRUE
B14319,Newark,NJ,35-44,FALSE
B07870,Washington,DC,45-54,FALSE
B13980,Wilmington,DE,25-34,N
B11852,San Antonio,TX,35-44,
B13119,HTX,TX,25-34,No
B13634,Detroit,MI,35-44,yes
B10053,Philadelphia,PA,35-44,Yes
B04818,Las Vegas,NV,45 to 54,TRUE
B17439,New York,NY,35-44,
B05278,Atlanta,GA,35 to 44,TRUE
B16208,Austin,TX,25-34,FALSE
B00533,New York,NY,45-54,TRUE
B15452,Los Angeles,CA,25-34yrs,FALSE
B00928,New York,NY,25-34,
B07953,Baltimore,MD,45-54,yes
B14750,Phoenix,AZ,35 to 44,TRUE
B11564,Austin,TX,35-44,Yes
B00522,New York,NY,35 to 44,Yes
B09678,Wilmington,DE,18-24,No
B11224,Wilmington,DE,35-44,TRUE
B11620,Houston,TX,25-34,Y
B14616,San Antonio,TX,25-34,yes
B05346,Atlanta,GA,45-54,N
B17563,Miami,FL,25-34,TRUE
B02888,Las Vegas,NV,25-34,Yes
B00332,New York,NY,25-34,Yes
B16610,Birmingham,AL,35-44,N
B06725,atlanta,GA,25-34,yes
B13176,San Antonio,TX,25-34,N
B14033,Richmond,VA,18-24 ,Yes
B14124,New York,NY,35-44,Y
B06439,Atlanta,GA,35 to 44,
B11416,Austin,TX,18-24,Y
B18389,Los Angeles,CA,55+,No
B16050,Phoenix,AZ,45-54,TRUE
B13044,SA,TX,18-24,Yes
B15788,New York,NY,18-24,N
B11919,Houston,TX,18-24,yes
B17943,Phoenix,AZ,25-34,yes
B07882,Baltimore,MD,35-44,FALSE
B11808,San Antonio,TX,18 to 24,yes
B02068,New York,NY,25-34,
B12566,Houston,TX,35-44,TRUE
B15538,Austin,TX,35-44,
B16318,Los Angeles,CA,45-54,Y
B09708,Philadelphia,PA,55+,FALSE
B08259,Baltimore,MD,18-24,Y
B18152,Birmingham,AL,25-34,TRUE
B08799,Baltimore,MD,18-24,No
B16247,Washington,DC,18 to 24,FALSE
B18031,Richmond,VA,18-24,
B15784,Detroit,MI,45 to 54,yes
B03479,Vegas,NV,18-24,No
B08609,Baltimore,MD,18-24,
B09470,Washington,DC,45 to 54,TRUE
B11080,Camden,NJ,18-24,yes
B14796,Charlotte,NC,35 to 44,
B15798,Phoenix,AZ,35 to 44,Y
B16071,Detroit,MI,18-24,FALSE
B11770,Austin,TX,35-44,yes
B14740,Phoenix,AZ,25-34yrs,Yes
B09033,Washington,DC,35-44,
B06552,atlanta,GA,45-54,
B11006,Philadelphia,PA,25-34,Yes
B05663,ATL,GA,18-24,Y
B01295,New York,NY,25-34yrs,Y
B01100,New York,NY,35-44,yes
B14010,Austin,TX,25-34,
B14072,Baltimore,MD,45-54,Y
B15125,Detroit,MI,18-24,Y
B14754,Chicago,IL,35-44,FALSE
B02803,Las Vegas,NV,35-44,FALSE
B14691,Miami,FL,55 plus,TRUE
B09648,Camden,NJ,25-34,Yes
B00845,New York,NY,25-34,Y
B00633,New York,NY,35-44,TRUE
B00022,New York,NY,25-34,TRUE
B14704,Phoenix,AZ,25 to 34,
B00069,New York,NY,18-24,TRUE
B00987,New York,NY,18-24,Yes
B13239,Birmingham,AL,45-54,N
B04768,Las Vegas,NV,25 to 34,Y
B16578,Richmond,VA,45-54,Y
B01348,"new york, ny",NY,45-54,Y
B16133,Los Angeles,CA,45-54,FALSE
B18000,Richmond,VA,35-44,yes
B00947,New York,NY,25-34,N
B05786,Atlanta,GA,18-24,yes
B00731,New York,NY,35-44,FALSE
B01003,New York,NY,45-54,TRUE
B07930,Washington,DC,25-34,N
B06284,Atlanta,GA,45-54,
B07771,Atlanta,GA,35-44,FALSE
B03240,Vegas,NV,25 to 34,TRUE
B11496,Austin,TX,35-44,Yes
B15995,Dallas,TX,35-44,N
B11393,Camden,NJ,35-44,Y
B02940,Las Vegas,NV,25-34,N
B07080,ATL,GA,25-34,Yes
B08147,"Washington, D.C.",DC,35-44,No
B00208,New York,NY,35-44,Yes
B18022,Miami,FL,35-44,Yes
B09886,,DE,18-24,FALSE
B14593,Charlotte,NC,45 to 54,
B13060,Austin,TX,25-34,No
B17450,Philadelphia,PA,25-34,yes
B14589,Newark,NJ,35-44,Y
B15265,Vegas,NV,25-34,No
B06677,Atlanta,GA,35-44,Y
B00502,New York,NY,45-54,TRUE
B11501,Houston,TX,25-34,N
B02860,Vegas,NV,18-24,Yes
B10964,Philadelphia,PA,35-44,N
B13561,Charlotte,NC,18 to 24,Y
B13482,Richmond,VA,18-24 ,TRUE
B00389,New York,NY,35-44,
B14785,"new york, ny",NY,18-24,Yes
B16036,Detroit,MI,45-54,TRUE
B01136,New York,NY,45-54,Yes
B12314,San Antonio,TX,25-34,No
B05783,Atlanta,GA,25-34,TRUE
B05466,Atlanta,GA,25-34,Yes
B18202,Austin,TX,35-44,Y
B16472,Charlotte,NC,45-54,FALSE
B05792,Atlanta,GA,18-24,
B15043,New York,NY,25-34yrs,FALSE
B11609,San Antonio,TX,35-44,FALSE
B05422,Atlanta,GA,35-44,Y
B01398,New York,NY,25-34,Yes
B16308,Dallas,TX,35-44,N
B11990,San Antonio,TX,18-24,
B05741,Atlanta,GA,25-34,FALSE
B00231,,NY,25-34,Yes
B12312,Houston,TX,55+,FALSE
B14489,Charlotte,NC,25-34,yes
B03180,Las Vegas,NV,35-44,No
B18192,Dallas,TX,25-34,Yes
B14583,Philadelphia,PA,18-24,
B14734,Washington,DC,18 to 24,TRUE
B17099,Las Vegas,NV,35 to 44,TRUE
B09899,Camden,NJ,35-44,Y
B01979,New York,NY,45-54,TRUE
B10370,Wilmington,DE,25-34yrs,Yes
B13750,San Antonio,TX,25-34,yes
B14580,New York,NY,35-44,yes
B01505,New York,NY,25-34,N
B15991,Birmingham,AL,35-44,Yes
B13205,Camden,NJ,18 to 24,TRUE
B06239,atlanta,GA,25-34,TRUE
B10067,Camden,NJ,18 to 24,yes
B18272,Los Angeles,CA,25-34,No
B10727,Wilmington,DE,35-44,Yes
B00745,New York,NY,25-34,
B17375,Richmond,VA,18-24,Y
B07885,Baltimore,MD,25-34,yes
B03915,Las Vegas,NV,35 to 44,Yes
B06563,atlanta,GA,55+,yes
B10180,Philly,PA,25-34,TRUE
B09058,Baltimore,MD,35-44,N
B07222,Atlanta,GA,35-44,Y
B01048,New York,NY,25-34,Y
B01572,New York,NY,18 to 24,No
B11700,Houston,TX,25-34,Y
B06400,Atlanta,GA,45-54,No
B10793,Philadelphia,PA,25-34,Y
B17019,Washington,DC,18-24,Yes
B15159,Miami,FL,25-34,FALSE
B12130,Austin,TX,25-34,TRUE
B05859,ATL,GA,25-34,TRUE
B09310,Washington,DC,35-44,No
B01260,New York,NY,35-44,yes
B14119,Newark,NJ,45-54,TRUE
B13913,Miami,FL,35-44,Yes
B17944,Richmond,VA,55+,Y
B00689,New York,NY,45-54,FALSE
B13037,Austin,TX,35-44,TRUE
B12242,Houston,TX,35-44,Yes
B16040,Charlotte,NC,18-24,Yes
B03121,Las Vegas,NV,25-34,Y
B15792,Charlotte,NC,18-24,TRUE
B03248,Las Vegas,NV,25-34,
B09773,Wilmington,DE,25-34,TRUE
B02959,Las Vegas,NV,35 to 44,TRUE
B17230,Philadelphia,PA,25-34,N
B11191,Camden,NJ,25-34,TRUE
B12837,SA,TX,35 to 44,Yes
B09703,Wilmington,DE,35-44,TRUE
B07191,atlanta,GA,55+,yes
B01703,New York,NY,35-44,Y
B14303,Birmingham,AL,35-44,Yes
B13099,Houston,TX,35-44,yes
B10270,Philadelphia,PA,25-34,TRUE
B02770,Las Vegas,NV,35-44,Yes
B05239,Atlanta,GA,25-34yrs,No
B02378,New York,NY,35-44,Yes
B16409,Chicago,IL,18-24,Yes
B09761,Camden,NJ,25-34,Yes
B09871,Camden,NJ,25-34,Y
B05914,ATL,GA,25-34,FALSE
B08708,Baltimore,MD,35-44,Yes
B02206,New York,NY,45-54,Yes
B05789,Atlanta,GA,45 to 54,
B09363,Baltimore,MD,25-34,FALSE
B04505,Las Vegas,NV,18-24,Yes
B14139,Charlotte,NC,18-24,Yes
B04378,Las Vegas,NV,45-54,No
B15574,Dallas,TX,35-44,FALSE
B15717,New York,NY,25-34,N
B00171,NYC,NY,55 plus,N
B02464,New York,NY,35 to 44,
B11879,Houston,TX,35-44,N
B17147,San Antonio,TX,45 to 54,FALSE
B08943,Washington,DC,55+,Yes
B01791,New York,NY,35-44,yes
B03119,Las Vegas,NV,18-24,FALSE
B15000,Camden,NJ,25-34,Yes
B00518,New York,NY,35-44,No
B18314,Birmingham,AL,35-44,
B17964,Vegas,NV,45 to 54,TRUE
B05653,Atlanta,GA,25-34,TRUE
B09942,Wilmington,DE,25-34,yes
B17565,Los Angeles,CA,18 to 24,
B01965,New York,NY,35-44,Y
B07839,Baltimore,MD,25-34,Y
B05902,Atlanta,GA,35-44,No
B00053,New York,NY,18-24,No
B06158,Atlanta,GA,35-44,Y
B00166,New York,NY,18-24,Y
B16112,Dallas,TX,35-44,Yes
B03493,Las Vegas,NV,35-44,No
B04566,Las Vegas,NV,25-34,N
B16108,Richmond,VA,18-24,Y
B08740,Baltimore,MD,25-34,Y
B01200,New York,NY,35-44,Yes
B14830,Wilmington,DE,25-34yrs,Yes
B01662,New York,NY,25-34,Yes
B00897,New York,NY,45 to 54,Y
B01656,New York,NY,25-34,Y
B03245,Las Vegas,NV,35-44,TRUE
B17557,Wilmington,DE,25-34,yes
B05232,atlanta,GA,18-24,No
B04389,Las Vegas,NV,35-44,N
B02937,Vegas,NV,35 to 44,N
B08090,Washington,DC,18-24,Yes
B15604,Philadelphia,PA,25 to 34,Yes
B10008,Wilmington,DE,25-34,Yes
B08414,Baltimore,MD,25-34,
B09011,Baltimore,MD,45-54,
B07997,Washington,DC,18-24 ,yes
B11831,SA,TX,45-54,Yes
B15323,New York,NY,25-34yrs,Y
B06065,Atlanta,GA,25 to 34,Y
B09449,Baltimore,MD,35 to 44,FALSE
B04808,Las Vegas,NV,35-44,
B03132,Las Vegas,NV,25-34,TRUE
B09821,Camden,NJ,25-34,Yes
B13895,Las Vegas,NV,55+,Y
B10329,Philadelphia,PA,18-24,
B14327,Houston,TX,18-24,yes
B14166,Washington,DC,35-44,
B15718,San Antonio,TX,25-34,Yes
B17698,Dallas,TX,18 to 24,TRUE
B14668,Austin,TX,35-44,TRUE
B00253,New York,NY,25-34,
B11431,SA,TX,55 +,Yes
B13761,Charlotte,NC,35 to 44,yes
B14673,Dallas,TX,18-24,Y
B06170,ATL,GA,45-54,TRUE
B00055,New York,NY,25-34,Yes
B00035,NYC,NY,35-44,FALSE
B01223,"new york, ny",NY,35-44,Y
B08600,Washington,DC,18-24 ,yes
B04078,Vegas,NV,55+,
B13984,Dallas,TX,25-34,FALSE
B02218,New York,NY,25-34,yes
B16410,Newark,NJ,25-34,FALSE
B10259,Wilmington,DE,35-44,FALSE
B10041,Camden,NJ,45-54,Yes
B08754,Baltimore,MD,25-34,yes
B03753,Las Vegas,NV,55 plus,yes
B17770,Charlotte,NC,25-34,
B00942,New York,NY,45-54,Yes
B02859,Vegas,NV,55 +,Yes
B16537,Camden,NJ,35 to 44,TRUE
B00077,"new york, ny",NY,18-24,
B13529,Washington,DC,25-34,FALSE
B10537,Wilmington,DE,55+,
B09630,Camden,NJ,45-54,Y
B13509,Charlotte,NC,25-34,TRUE
B14886,Phoenix,AZ,25-34,Yes
B17176,Wilmington,DE,25 to 34,
B06070,Atlanta,GA,18-24,FALSE
B15009,Philadelphia,PA,25-34,
B10146,Wilmington,DE,25 to 34,TRUE
B08009,Baltimore,MD,18-24 ,Y
B14185,Philadelphia,PA,35-44,yes
B02926,Las Vegas,NV,25-34,TRUE
B06440,Atlanta,GA,35-44,Yes
B00512,New York,NY,35-44,TRUE
B16119,Newark,NJ,25 to 34,yes
B11474,HTX,TX,35-44,
B11503,Houston,TX,35-44,TRUE
B08486,Baltimore,MD,25-34yrs,N
B06665,Atlanta,GA,18 to 24,Y
B15893,Miami,FL,35 to 44,yes
B17155,Baltimore,MD,35-44,Y
B10330,Wilmington,DE,25-34,No
B12802,San Antonio,TX,35-44,N
B11484,San Antonio,TX,55 +,Y
B05491,Atlanta,GA,35-44,Yes
B17343,Phoenix,AZ,18-24 ,N
B14138,Austin,TX,25-34yrs,No
B17173,Phoenix,AZ,35-44,yes
B17751,Chicago,IL,25-34,FALSE
B14306,Austin,TX,25-34yrs,Y
B08586,Washington,DC,18-24,TRUE
B04066,Las Vegas,NV,25-34,Yes
B00160,New York,NY,35-44,Y
B08937,Washington,DC,55 plus,N
B02847,Vegas,NV,25-34,yes
B02263,New York,NY,35 to 44,
B14077,Newark,NJ,18-24,Yes
B17528,Houston,TX,25-34,
B12875,Houston,TX,45-54,TRUE
B01954,New York,NY,35-44,
B15035,Newark,NJ,18 to 24,Yes
B15492,DC,DC,35-44,
B07991,Baltimore,MD,18-24,N
B07348,atlanta,GA,18-24,yes
B15758,Detroit,MI,55+,yes
B16910,Miami,FL,35-44,Yes
B03020,Las Vegas,NV,25-34,TRUE
B14574,HTX,TX,35-44,FALSE
B15972,Los Angeles,CA,18-24,No
B16184,HTX,TX,18-24,Yes
B05298,Atlanta,GA,25-34,Y
B04435,Vegas,NV,25-34yrs,N
B02268,New York,NY,35-44,TRUE
B14845,Philadelphia,PA,18-24,yes
B14630,HTX,TX,35-44,yes
B10367,Philadelphia,PA,18 to 24,
B17977,Philadelphia,PA,25-34yrs,
B15963,Miami,FL,35-44,TRUE
B00591,New York,NY,35 to 44,N
B12561,Houston,TX,35-44,Yes
B15895,,TX,25-34yrs,yes
B13875,Camden,NJ,25-34,
B12715,Houston,TX,45-54,
B14403,Newark,NJ,25-34yrs,FALSE
B13618,Phoenix,AZ,18-24,yes
B14231,Philadelphia,PA,35-44,No
B04721,Vegas,NV,55+,FALSE
B13573,Camden,NJ,25-34,N
B10003,Wilmington,DE,25-34,yes
B11430,San Antonio,TX,45-54,No
B11446,San Antonio,TX,45-54,No
B13287,Phoenix,AZ,25-34,Yes
B15256,Richmond,VA,18 to 24,yes
B09367,Washington,DC,45-54,
B12997,Austin,TX,25-34,yes
B14343,Newark,NJ,18-24,TRUE
B18331,Dallas,TX,35-44,TRUE
B00122,"new york, ny",NY,25-34,yes
B10388,Philadelphia,PA,18-24,Yes
B08458,DC,DC,35-44,yes
B15108,Newark,NJ,18-24,Yes
B11863,Austin,TX,18-24,yes
B13828,Las Vegas,NV,18-24,yes
B14991,Houston,TX,35-44,Y
B12437,San Antonio,TX,18-24 ,yes
B13703,San Antonio,TX,25-34,yes
B12483,SA,TX,25-34,Yes
B07901,"Washington, D.C.",DC,25-34yrs,No
B01106,New York,NY,25-34,Yes
B11760,Austin,TX,25-34yrs,
B12537,Austin,TX,35-44,N
B14135,Birmingham,AL,25-34,Y
B15635,Richmond,VA,25-34,Yes
B06317,Atlanta,GA,35-44,TRUE
B04047,Las Vegas,NV,18-24,Yes
B11899,San Antonio,TX,35-44,No
B08057,Washington,DC,35-44,TRUE
B09797,Wilmington,DE,25-34,No
B11220,Camden,NJ,45-54,No
B15931,Miami,FL,45-54,No
B16176,Newark,NJ,55+,No
B02346,"new york, ny",NY,35-44,Y
B04430,Las Vegas,NV,25-34,TRUE
B14025,Miami,FL,55+,
B18167,Charlotte,NC,35-44,FALSE
B14349,Phoenix,AZ,25 to 34,Y
B18263,Newark,NJ,25-34,FALSE
B07944,Baltimore,MD,35 to 44,Yes
B08808,Baltimore,MD,35 to 44,TRUE
B04439,Vegas,NV,35-44,Y
B00858,New York,NY,35-44,Y
B15362,Miami,FL,25-34,Y
B05307,Atlanta,GA,35-44,Yes
B00549,New York,NY,25-34,N
B08043,DC,DC,45-54,
B02861,Vegas,NV,25-34,FALSE
B13995,Austin,TX,18-24,Yes
B12356,Houston,TX,35-44,No
B01387,New York,NY,55+,yes
B02764,Las Vegas,NV,35-44,
B16673,Los Angeles,CA,25-34yrs,yes
B17790,Birmingham,AL,18-24,N
B07213,atlanta,GA,55 +,Yes
B13790,Richmond,VA,25-34,Yes
B08384,Baltimore,MD,35-44,
B09152,Baltimore,MD,25-34yrs,FALSE
B10844,Camden,NJ,55+,yes
B13592,Charlotte,NC,18-24,Y
B05442,atlanta,GA,18-24,N
B00008,New York,NY,45-54,Yes
B08366,Washington,DC,18-24,Y
B13358,Las Vegas,NV,35-44,TRUE
B18335,Newark,NJ,35-44,FALSE
B14162,Miami,FL,18-24,
B02517,New York,NY,35 to 44,N
B01055,New York,NY,45-54,Y
B14226,New York,NY,18-24,Yes
B01902,New York,NY,45-54,Yes
B02934,Las Vegas,NV,25-34,
B00765,New York,NY,25-34yrs,Yes
B16745,New York,NY,45-54,yes
B04035,Las Vegas,NV,25-34yrs,No
B18028,Charlotte,NC,18-24,Yes
B13221,Houston,TX,18-24,Yes
B17866,Newark,NJ,35-44,Yes
B16439,Los Angeles,CA,25-34,Yes
B16507,,FL,45-54,
B18369,,VA,45-54,FALSE
B08068,Baltimore,MD,35 to 44,Y
B03001,Las Vegas,NV,25-34,TRUE
B00990,New York,NY,45-54,FALSE
B15429,Phoenix,AZ,25-34,
B16087,Baltimore,MD,45 to 54,Yes
B08152,Washington,DC,18-24,TRUE
B14724,Los Angeles,CA,18-24,yes
B13398,Charlotte,NC,25-34,Yes
B18353,Wilmington,DE,35 to 44,Y
B02388,New York,NY,45 to 54,FALSE
B18115,Los Angeles,CA,18-24,TRUE
B13782,New York,NY,35-44,Y
B09382,Washington,DC,18-24,TRUE
B08719,Baltimore,MD,45-54,No
B14806,Phoenix,AZ,25-34,TRUE
B06525,Atlanta,GA,25-34,Yes
B00280,New York,NY,25-34,yes
B06110,Atlanta,GA,18-24,No
B12406,San Antonio,TX,35-44,TRUE
B14169,Houston,TX,25-34,TRUE
B13920,Chicago,IL,25-34,yes
B00934,New York,NY,45-54,Y
B09619,Philadelphia,PA,55+,
B07905,"Washington, D.C.",DC,25-34,FALSE
B18287,Philadelphia,PA,25 to 34,Y
B15504,Richmond,VA,18-24,TRUE
B00153,New York,NY,25-34,N
B16025,Detroit,MI,25-34,N
B11742,Austin,TX,35-44,No
B14623,Dallas,TX,35-44,N
B03995,Vegas,NV,18-24,yes
B13941,Wilmington,DE,45 to 54,
B15111,San Antonio,TX,25-34yrs,Y
B15095,Newark,NJ,35-44,No
B13944,Phoenix,AZ,25-34,
B08286,Washington,DC,25-34yrs,yes
B14530,San Antonio,TX,35-44,N
B01504,New York,NY,18-24,TRUE
B02666,Las Vegas,NV,25 to 34,
B09751,Camden,NJ,45-54,FALSE
B10583,Camden,NJ,25-34,Y
B17989,Austin,TX,35-44,
B00859,New York,NY,35-44,Y
B12123,HTX,TX,25-34,Yes
B02512,NYC,NY,35 to 44,FALSE
B09675,Wilmington,DE,18-24 ,No
B10394,Philly,PA,55+,TRUE
B01114,NYC,NY,55+,TRUE
B12990,San Antonio,TX,55+,yes
B14128,Miami,FL,18-24,No
B07145,Atlanta,GA,45-54,FALSE
B10116,Camden,NJ,18-24,
B01065,New York,NY,45-54,Yes
B13832,Phoenix,AZ,18-24,FALSE
B06093,Atlanta,GA,35-44,TRUE
B09556,Baltimore,MD,18 to 24,TRUE
B15423,Richmond,VA,18-24,N
B04147,Las Vegas,NV,55+,yes
B03518,Vegas,NV,25-34,Yes
B14000,Dallas,TX,35 to 44,TRUE
B00034,NYC,NY,35-44,TRUE
B01619,,NY,25-34,
B05355,Atlanta,GA,55+,yes
B01324,NYC,NY,45-54,No
B09883,Wilmington,DE,18 to 24,yes
B05419,Atlanta,GA,45-54,N
B11751,HTX,TX,45-54,FALSE
B17042,Miami,FL,25-34,Yes
B02649,Las Vegas,NV,45-54,N
B13369,Wilmington,DE,25-34,
B15875,Newark,NJ,35-44,FALSE
B01061,New York,NY,18-24 ,yes
B09394,Washington,DC,25-34,FALSE
B04585,Las Vegas,NV,35-44,TRUE
B03560,Las Vegas,NV,25-34yrs,FALSE
B17118,Richmond,VA,55 plus,Yes
B17589,Camden,NJ,25-34,FALSE
B03818,Las Vegas,NV,35-44,N
B10133,Camden,NJ,45 to 54,
B08940,Baltimore,MD,45 to 54,yes
B15225,Chicago,IL,45-54,FALSE
B10312,Philadelphia,PA,35-44,
B16270,NYC,NY,25-34,No
B14853,Philadelphia,PA,35-44,TRUE
B12005,Austin,TX,45-54,TRUE
B15733,Phoenix,AZ,45-54,N
B01327,New York,NY,25-34yrs,TRUE
B11576,Austin,TX,25-34,No
B13921,Baltimore,MD,35-44,Y
B18301,Charlotte,NC,25-34yrs,TRUE
B07377,Atlanta,GA,55+,Y
B09904,Philadelphia,PA,18-24,yes
B00320,"new york, ny",NY,25-34,
B09143,Washington,DC,25-34,
B08752,Baltimore,MD,18-24,yes
B13885,San Antonio,TX,25-34,
B03681,Las Vegas,NV,35-44,N
B03795,Las Vegas,NV,25-34,Y
B17216,Newark,NJ,45-54,TRUE
B16120,Washington,DC,55 plus,TRUE
B16513,Richmond,VA,45-54,FALSE
B05665,ATL,GA,45-54,FALSE
B03944,Las Vegas,NV,25-34,yes
B14793,Newark,NJ,18-24,FALSE
B11757,Houston,TX,35-44,TRUE
B16302,Birmingham,AL,25-34,TRUE
B00619,New York,NY,35-44,Yes
B15863,Atlanta,GA,35-44,yes
B16589,Austin,TX,18-24,Y
B15691,Charlotte,NC,25 to 34,yes
B18128,Philadelphia,PA,55+,FALSE
B04197,Las Vegas,NV,35-44,TRUE
B03962,Las Vegas,NV,45-54,FALSE
B13649,Richmond,VA,25-34,FALSE
B13439,Richmond,VA,55+,Yes
B14516,Newark,NJ,35-44,TRUE
B16763,Newark,NJ,55+,TRUE
B15251,Phoenix,AZ,18-24,TRUE
B02358,NYC,NY,25-34,yes
B02944,Las Vegas,NV,25-34yrs,Yes
B13778,Austin,TX,45 to 54,TRUE
B15236,Philadelphia,PA,45-54,yes
B18108,Charlotte,NC,25-34,No
B01947,New York,NY,25-34,yes
B13882,Camden,NJ,55+,FALSE
B10498,Philly,PA,35-44,TRUE
B08385,Washington,DC,18 to 24,yes
B10562,Philadelphia,PA,25-34,FALSE
B06148,Atlanta,GA,18-24,N
B07917,DC,DC,25 to 34,
B08039,Washington,DC,18-24,N
B15135,Charlotte,NC,35-44,N
B08589,Baltimore,MD,35-44,No
B15706,,TX,25-34,TRUE
B00873,NYC,NY,25-34,yes
B15070,Detroit,MI,45-54,TRUE
B17139,Las Vegas,NV,35-44,No
B06540,Atlanta,GA,25 to 34,No
B13504,atlanta,GA,45-54,
B02015,New York,NY,18-24,FALSE
B01941,New York,NY,35-44,
B15360,Las Vegas,NV,25-34,Y
B11945,Austin,TX,55+,N
B16992,New York,NY,18-24,yes
B13935,Camden,NJ,55+,No
B02065,New York,NY,45-54,FALSE
B02274,New York,NY,25-34,N
B12294,HTX,TX,35-44,No
B18180,Birmingham,AL,35 to 44,yes
B04057,Las Vegas,NV,25-34,Yes
B13301,Vegas,NV,25-34,N
B06912,ATL,GA,45-54,FALSE
B17660,Austin,TX,18-24 ,Y
B13444,Detroit,MI,35 to 44,yes
B02853,Las Vegas,NV,35-44,FALSE
B13532,Philly,PA,25-34,FALSE
B05868,atlanta,GA,35-44,TRUE
B00052,New York,NY,55 plus,No
B15445,Dallas,TX,25-34,
B15648,Philly,PA,25-34,Y
B03177,Las Vegas,NV,25-34,Y
B00430,New York,NY,25-34,yes
B14538,San Antonio,TX,55+,Y
B16461,Dallas,TX,45-54,Yes
B09117,Washington,DC,35-44,N
B13701,Atlanta,GA,25-34,yes
B13294,Phoenix,AZ,35-44,TRUE
B05158,Vegas,NV,35-44,No
B16924,Phoenix,AZ,18-24,FALSE
B01310,New York,NY,35 to 44,TRUE
B14490,Birmingham,AL,35-44,N
B13299,Los Angeles,CA,45-54,FALSE
B02740,Las Vegas,NV,35 to 44,Y
B14996,Charlotte,NC,25-34,TRUE
B12343,Houston,TX,35-44,TRUE
B07925,Baltimore,MD,25-34yrs,Yes
B09982,Camden,NJ,35-44,FALSE
B10300,Wilmington,DE,25-34,yes
B02726,Las Vegas,NV,25-34,Yes
B08852,Washington,DC,55+,FALSE
